Job_ID,Job_Title,Company,Company_Type,Industry,City,Location_Tier,Experience_Level,Job_Type,Work_Mode,Salary_LPA,Skills_Required,Education_Required,Openings,Applicants,Company_Rating,Date_Posted
IND2025002,Business Analyst,HAL,PSU/Govt,EdTech,Remote,Remote,Senior (6-10 yrs),Full-Time,Remote,18.4,"JIRA, Excel, Power BI",MCA,5,559,3.6,2024-08-21
IND2025007,Business Analyst,Cisco,MNC,Information Technology,Pune,Tier 1,Junior (1-3 yrs),Full-Time,Hybrid,11.7,"Agile, Power BI, Requirements Gathering",MCA,1,75,4.3,2024-06-20
IND2025012,Data Analyst,ISRO,PSU/Govt,FinTech,Remote,Remote,Fresher (0-1 yr),Full-Time,On-Site,4.4,"SQL, Tableau, Power BI, Statistics, Excel, Python",B.Tech/B.E.,3,259,3.3,2025-12-22
IND2025018,Data Engineer,Setu,Startup,Banking & Finance,Remote,Remote,Fresher (0-1 yr),Full-Time,Remote,5.7,"Airflow, AWS, Spark, Python, Kafka",B.Sc (CS/IT),10,798,3.9,2025-12-26
IND2025034,Data Engineer,Urban Company,Startup,FinTech,Remote,Remote,Fresher (0-1 yr),Full-Time,Remote,7.4,"Python, SQL, Spark, ETL, AWS",MBA,2,210,4.0,2025-07-22
IND2025037,Data Analyst,Tech Mahindra,MNC,Information Technology,Kolkata,Tier 2,Mid (3-6 yrs),Internship,On-Site,1.1,"Tableau, Power BI, Excel, SQL, Python, Statistics",B.Tech/B.E.,2,79,3.9,2024-08-06
IND2025038,Data Analyst,Deloitte,MNC,HealthTech,Remote,Remote,Lead (10+ yrs),Full-Time,Remote,58.9,"Data Visualization, Python, Tableau, Statistics",MCA,1,94,3.7,2025-08-28
IND2025039,Data Engineer,Google,MNC,Information Technology,Mumbai,Tier 1,Mid (3-6 yrs),Full-Time,On-Site,17.5,"Python, Airflow, dbt, SQL",M.Tech/M.E.,1,62,4.0,2025-09-25
IND2025058,Data Engineer,MakeMyTrip,Indian Unicorn,Information Technology,Remote,Remote,Senior (6-10 yrs),Internship,Hybrid,2.6,"SQL, dbt, Spark, Python",PhD,1,75,4.1,2024-06-27
IND2025060,Business Analyst,Flipkart,Indian Unicorn,Manufacturing,Hyderabad,Tier 1,Senior (6-10 yrs),Full-Time,On-Site,42.6,"Power BI, Agile, Excel",M.Tech/M.E.,1,96,3.9,2024-08-07
IND2025070,Data Analyst,BEL,PSU/Govt,EdTech,Remote,Remote,Senior (6-10 yrs),Full-Time,Remote,18.7,"Data Visualization, Statistics, Power BI, Excel, Tableau",BCA,2,194,4.1,2024-08-09
IND2025083,Data Analyst,HAL,PSU/Govt,FinTech,Remote,Remote,Junior (1-3 yrs),Internship,On-Site,2.8,"Power BI, SQL, Data Visualization, Tableau, Excel",MCA,2,114,4.0,2025-07-01
IND2025095,Data Analyst,Deloitte,MNC,Information Technology,Remote,Remote,Junior (1-3 yrs),Full-Time,On-Site,9.6,"Data Visualization, Tableau, Power BI, SQL, Excel",B.Tech/B.E.,3,174,3.8,2024-07-23
IND2025096,Data Analyst,Zoho,Indian Unicorn,FinTech,Remote,Remote,Mid (3-6 yrs),Full-Time,Remote,24.3,"Python, Power BI, Excel, Data Visualization, Statistics",MCA,2,63,2.9,2025-11-04
IND2025108,Business Analyst,Zerodha,Startup,Manufacturing,Bhubaneswar,Tier 2,Senior (6-10 yrs),Full-Time,Hybrid,34.1,"SQL, Agile, Excel",B.Tech/B.E.,2,108,4.2,2026-01-08
IND2025111,Business Analyst,Urban Company,Startup,Consulting,Remote,Remote,Junior (1-3 yrs),Full-Time,Remote,9.3,"Requirements Gathering, Agile, JIRA, Power BI, Excel",MCA,1,74,3.4,2025-01-22
IND2025113,Business Analyst,Leadsquared,Startup,EdTech,Remote,Remote,Lead (10+ yrs),Full-Time,Remote,73.0,"Excel, Power BI, JIRA, Agile, SQL",M.Tech/M.E.,2,74,4.3,2025-07-29
IND2025118,Data Engineer,Freshworks,Indian Unicorn,Information Technology,Mumbai,Tier 1,Fresher (0-1 yr),Full-Time,Hybrid,8.7,"SQL, dbt, Airflow, AWS, ETL",M.Tech/M.E.,3,225,3.2,2024-11-20
IND2025119,Data Engineer,Cisco,MNC,Information Technology,Remote,Remote,Lead (10+ yrs),Full-Time,Remote,55.5,"Python, Airflow, Spark",B.Sc (CS/IT),1,102,2.7,2026-03-08
IND2025120,Business Analyst,Ola,Indian Unicorn,EdTech,Bhubaneswar,Tier 2,Lead (10+ yrs),Full-Time,On-Site,81.3,"Agile, Power BI, JIRA",M.Tech/M.E.,2,203,3.7,2024-06-18
IND2025130,Data Engineer,PhonePe,Indian Unicorn,Information Technology,Remote,Remote,Fresher (0-1 yr),Internship,Remote,1.2,"dbt, AWS, Airflow",MCA,1,98,4.0,2025-04-07
IND2025132,Data Analyst,HAL,PSU/Govt,Information Technology,Remote,Remote,Lead (10+ yrs),Full-Time,On-Site,21.1,"Tableau, Power BI, Data Visualization, Python",M.Tech/M.E.,3,262,3.6,2026-04-27
IND2025133,Data Scientist,IBM,MNC,FinTech,Remote,Remote,Fresher (0-1 yr),Part-Time,On-Site,5.6,"NLP, Deep Learning, Pandas, Statistics",M.Tech/M.E.,2,202,3.5,2024-09-08
IND2025151,Data Analyst,Cisco,MNC,Consulting,Mumbai,Tier 1,Mid (3-6 yrs),Full-Time,Hybrid,16.0,"Power BI, Statistics, Tableau",MCA,1,42,3.7,2025-01-31
IND2025154,Data Scientist,Slice,Startup,Logistics,Hyderabad,Tier 1,Junior (1-3 yrs),Contract,On-Site,18.2,"Statistics, Pandas, Tableau, Deep Learning, NLP, Machine Learning",B.Tech/B.E.,5,464,3.1,2025-03-05
IND2025158,Business Analyst,InMobi,Startup,Information Technology,Chennai,Tier 1,Fresher (0-1 yr),Full-Time,On-Site,5.2,"JIRA, Power BI, Agile, Excel, Requirements Gathering, SQL",B.Sc (CS/IT),15,756,4.1,2024-08-16
IND2025164,Data Engineer,Tech Mahindra,MNC,Information Technology,Remote,Remote,Mid (3-6 yrs),Full-Time,Remote,14.5,"AWS, dbt, SQL, Spark, ETL, Python",B.Sc (CS/IT),3,199,4.1,2025-02-09
IND2025178,Data Scientist,ONGC,PSU/Govt,Information Technology,Remote,Remote,Senior (6-10 yrs),Contract,Remote,24.2,"TensorFlow, Tableau, Deep Learning, Scikit-learn, Pandas",B.Sc (CS/IT),15,934,3.5,2024-09-09
IND2025182,Data Scientist,Leadsquared,Startup,Information Technology,Kochi,Tier 2,Lead (10+ yrs),Full-Time,Hybrid,94.8,"TensorFlow, Scikit-learn, NLP, Deep Learning, Machine Learning",B.Tech/B.E.,1,84,4.0,2025-09-14
IND2025185,Data Scientist,Setu,Startup,Banking & Finance,Remote,Remote,Mid (3-6 yrs),Full-Time,Hybrid,26.5,"NLP, TensorFlow, Machine Learning, Scikit-learn, Pandas",MBA,1,44,3.1,2025-12-24
IND2025188,Data Analyst,Wipro,MNC,Information Technology,Remote,Remote,Fresher (0-1 yr),Full-Time,Remote,5.1,"Data Visualization, SQL, Excel, Tableau, Power BI, Python",MCA,2,171,2.6,2025-07-19
IND2025189,Business Analyst,Slice,Startup,Information Technology,Remote,Remote,Fresher (0-1 yr),Full-Time,Hybrid,5.2,"Excel, SQL, Requirements Gathering, Power BI, JIRA",B.Sc (CS/IT),1,33,4.3,2024-11-19
IND2025193,Business Analyst,Google,MNC,Government/PSU,Mumbai,Tier 1,Fresher (0-1 yr),Full-Time,On-Site,5.4,"SQL, JIRA, Agile",B.Tech/B.E.,3,156,3.0,2026-01-09
IND2025194,Business Analyst,Fi Money,Startup,Information Technology,Remote,Remote,Mid (3-6 yrs),Part-Time,On-Site,19.3,"Power BI, JIRA, Agile",B.Sc (CS/IT),3,131,4.1,2025-08-11
IND2025195,Data Analyst,Hasura,Startup,Gaming,Indore,Tier 2,Junior (1-3 yrs),Full-Time,Hybrid,10.4,"Excel, SQL, Tableau, Python, Data Visualization",B.Tech/B.E.,5,504,3.7,2025-03-06
IND2025211,Business Analyst,BrowserStack,Startup,FinTech,Remote,Remote,Mid (3-6 yrs),Full-Time,Hybrid,22.7,"Excel, Agile, SQL",B.Tech/B.E.,1,99,4.1,2026-03-04
IND2025220,Business Analyst,Darwinbox,Startup,EdTech,Remote,Remote,Senior (6-10 yrs),Full-Time,On-Site,41.4,"JIRA, Requirements Gathering, Power BI, SQL",M.Tech/M.E.,5,313,3.4,2025-01-11
IND2025224,Business Analyst,BSNL,PSU/Govt,Logistics,Delhi,Tier 1,Lead (10+ yrs),Full-Time,Hybrid,22.6,"SQL, Excel, Requirements Gathering, Power BI, Agile",BCA,1,109,3.9,2025-10-07
IND2025229,Data Engineer,Zomato,Indian Unicorn,Banking & Finance,Chennai,Tier 1,Mid (3-6 yrs),Part-Time,Hybrid,25.6,"Spark, AWS, ETL, Airflow",B.Tech/B.E.,1,88,4.1,2024-11-13
IND2025235,Data Analyst,BEL,PSU/Govt,Manufacturing,Remote,Remote,Senior (6-10 yrs),Full-Time,Remote,18.3,"Statistics, Excel, Data Visualization, Python, Tableau, SQL",MBA,1,64,3.9,2025-01-21
IND2025239,Data Engineer,BHEL,PSU/Govt,Information Technology,Remote,Remote,Senior (6-10 yrs),Full-Time,Remote,15.4,"ETL, dbt, Python, Spark",B.Sc (CS/IT),2,238,4.2,2025-08-06
IND2025240,Business Analyst,Leadsquared,Startup,Manufacturing,Delhi,Tier 1,Mid (3-6 yrs),Full-Time,On-Site,26.8,"Requirements Gathering, SQL, JIRA, Power BI, Excel",B.Tech/B.E.,2,184,4.2,2025-02-22
IND2025244,Data Analyst,BrowserStack,Startup,Government/PSU,Ahmedabad,Tier 2,Fresher (0-1 yr),Full-Time,On-Site,4.3,"Excel, Statistics, Power BI, Tableau",B.Tech/B.E.,1,89,3.2,2026-03-04
IND2025245,Data Scientist,Nykaa,Indian Unicorn,EdTech,Remote,Remote,Mid (3-6 yrs),Contract,Remote,36.9,"Tableau, Deep Learning, Scikit-learn, TensorFlow",B.Tech/B.E.,3,212,3.6,2026-03-18
IND2025246,Business Analyst,Postman,Startup,Consulting,Hyderabad,Tier 1,Junior (1-3 yrs),Full-Time,On-Site,10.7,"Power BI, Requirements Gathering, SQL, JIRA, Excel",B.Sc (CS/IT),1,105,4.1,2025-10-02
IND2025263,Data Analyst,InMobi,Startup,Information Technology,Remote,Remote,Junior (1-3 yrs),Full-Time,On-Site,11.2,"Python, Tableau, Power BI",B.Tech/B.E.,2,164,4.0,2024-08-27
IND2025273,Business Analyst,Chargebee,Startup,Information Technology,Kolkata,Tier 2,Senior (6-10 yrs),Full-Time,On-Site,48.2,"Power BI, Requirements Gathering, Excel",B.Tech/B.E.,20,2107,3.0,2026-04-19
IND2025277,Data Analyst,Microsoft,MNC,E-Commerce,Remote,Remote,Mid (3-6 yrs),Full-Time,On-Site,19.0,"Statistics, Python, Data Visualization, Excel, Tableau, Power BI",B.Tech/B.E.,5,573,3.9,2024-07-15
IND2025290,Data Engineer,Google,MNC,EdTech,Remote,Remote,Fresher (0-1 yr),Full-Time,Remote,3.9,"ETL, AWS, Python",B.Tech/B.E.,2,84,3.6,2024-09-17
IND2025298,Data Engineer,Urban Company,Startup,Information Technology,Remote,Remote,Junior (1-3 yrs),Contract,On-Site,11.7,"ETL, AWS, Airflow, Spark",BCA,1,108,4.2,2024-08-26
IND2025300,Data Scientist,Razorpay,Indian Unicorn,EdTech,Hyderabad,Tier 1,Lead (10+ yrs),Full-Time,Hybrid,61.6,"Deep Learning, NLP, SQL, TensorFlow, Scikit-learn",B.Sc (CS/IT),1,96,4.0,2024-08-30
IND2025326,Data Analyst,Dream11,Indian Unicorn,EdTech,Indore,Tier 2,Junior (1-3 yrs),Full-Time,Hybrid,12.8,"Power BI, Excel, Python, SQL",MCA,2,232,3.9,2026-03-27
IND2025331,Business Analyst,Wipro,MNC,EdTech,Remote,Remote,Fresher (0-1 yr),Full-Time,Remote,5.7,"Excel, JIRA, SQL, Power BI, Agile",M.Tech/M.E.,1,83,4.3,2025-05-19
IND2025332,Business Analyst,TCS,MNC,Information Technology,Remote,Remote,Senior (6-10 yrs),Part-Time,Remote,23.7,"JIRA, Power BI, Requirements Gathering, Excel, SQL",B.Com + Certification,3,345,3.5,2025-12-31
IND2025343,Business Analyst,Infosys,MNC,Banking & Finance,Remote,Remote,Fresher (0-1 yr),Full-Time,Remote,5.0,"Agile, Excel, JIRA, Power BI",MBA,1,51,4.1,2025-05-26
IND2025355,Data Engineer,Setu,Startup,Information Technology,Ahmedabad,Tier 2,Mid (3-6 yrs),Full-Time,Hybrid,22.1,"dbt, Spark, Kafka, Python, AWS, Airflow",M.Tech/M.E.,2,180,3.3,2025-04-04
IND2025381,Data Scientist,ISRO,PSU/Govt,Gaming,Remote,Remote,Fresher (0-1 yr),Full-Time,Remote,4.9,"TensorFlow, Deep Learning, Machine Learning",M.Tech/M.E.,2,94,4.2,2025-09-29
IND2025386,Data Engineer,ONGC,PSU/Govt,E-Commerce,Remote,Remote,Mid (3-6 yrs),Full-Time,Remote,10.4,"dbt, Python, SQL, Spark, ETL",B.Sc (CS/IT),1,65,3.6,2025-12-28
IND2025399,Data Analyst,Setu,Startup,Manufacturing,Mumbai,Tier 1,Lead (10+ yrs),Full-Time,On-Site,70.8,"Statistics, SQL, Excel, Data Visualization, Power BI",M.Tech/M.E.,5,510,3.9,2026-03-08
IND2025410,Data Engineer,Wipro,MNC,EdTech,Kolkata,Tier 2,Junior (1-3 yrs),Full-Time,On-Site,8.9,"Python, AWS, dbt, SQL",MCA,1,91,3.7,2026-02-20
IND2025414,Data Analyst,Accenture,MNC,Information Technology,Remote,Remote,Senior (6-10 yrs),Full-Time,Remote,34.2,"SQL, Data Visualization, Statistics, Python, Excel, Power BI",BCA,1,104,3.4,2025-07-17
IND2025416,Data Analyst,Zerodha,Startup,Banking & Finance,Remote,Remote,Mid (3-6 yrs),Full-Time,Hybrid,18.8,"Excel, SQL, Statistics, Data Visualization",M.Tech/M.E.,3,265,4.0,2025-04-16
IND2025421,Data Scientist,InMobi,Startup,FinTech,Ahmedabad,Tier 2,Junior (1-3 yrs),Full-Time,Hybrid,15.2,"NLP, Scikit-learn, SQL, Python",B.Tech/B.E.,10,496,3.3,2024-10-26
IND2025422,Business Analyst,Urban Company,Startup,Gaming,Jaipur,Tier 2,Lead (10+ yrs),Internship,Hybrid,2.9,"Power BI, Excel, SQL, JIRA",B.Tech/B.E.,5,588,4.2,2024-10-08
IND2025429,Data Scientist,Darwinbox,Startup,Banking & Finance,Mumbai,Tier 1,Junior (1-3 yrs),Full-Time,Hybrid,10.5,"Tableau, Python, NLP, SQL, Scikit-learn",M.Tech/M.E.,3,323,4.2,2025-05-05
IND2025433,Data Engineer,Dream11,Indian Unicorn,Manufacturing,Ahmedabad,Tier 2,Junior (1-3 yrs),Contract,Hybrid,10.0,"dbt, SQL, Spark, Airflow, AWS",MCA,10,1038,3.7,2024-12-01
IND2025435,Business Analyst,InMobi,Startup,HealthTech,Delhi,Tier 1,Junior (1-3 yrs),Full-Time,On-Site,12.2,"Requirements Gathering, Power BI, JIRA, SQL, Excel, Agile",BCA,1,102,3.2,2024-06-11
IND2025438,Data Analyst,Swiggy,Indian Unicorn,Information Technology,Remote,Remote,Lead (10+ yrs),Full-Time,On-Site,76.9,"Statistics, Data Visualization, SQL, Excel",B.Tech/B.E.,5,549,3.2,2024-09-07
IND2025440,Data Scientist,HCL Technologies,MNC,Information Technology,Delhi,Tier 1,Mid (3-6 yrs),Full-Time,On-Site,16.8,"SQL, NLP, Machine Learning, Deep Learning, Python, TensorFlow",B.Tech/B.E.,20,2028,4.0,2025-04-29
IND2025444,Data Analyst,Microsoft,MNC,Banking & Finance,Remote,Remote,Fresher (0-1 yr),Full-Time,Hybrid,5.8,"Tableau, Statistics, Data Visualization",B.Tech/B.E.,1,58,3.7,2025-04-15
IND2025463,Business Analyst,Google,MNC,Gaming,Remote,Remote,Fresher (0-1 yr),Full-Time,Remote,5.3,"Requirements Gathering, Excel, Agile, JIRA, Power BI",B.Tech/B.E.,10,601,4.1,2025-03-26
IND2025472,Business Analyst,InMobi,Startup,Information Technology,Remote,Remote,Fresher (0-1 yr),Contract,Remote,4.5,"SQL, JIRA, Requirements Gathering, Agile, Excel",MCA,5,242,3.8,2024-09-16
IND2025474,Business Analyst,MakeMyTrip,Indian Unicorn,Information Technology,Chennai,Tier 1,Fresher (0-1 yr),Full-Time,Hybrid,7.3,"Agile, Power BI, SQL, JIRA, Excel, Requirements Gathering",B.Tech/B.E.,3,306,3.3,2026-04-26
IND2025477,Data Scientist,PhonePe,Indian Unicorn,Retail,Remote,Remote,Lead (10+ yrs),Full-Time,Remote,84.7,"Tableau, Deep Learning, Machine Learning",B.Com + Certification,10,1057,4.2,2026-04-22
IND2025482,Business Analyst,HAL,PSU/Govt,Information Technology,Bangalore,Tier 1,Senior (6-10 yrs),Full-Time,On-Site,16.9,"JIRA, Power BI, Requirements Gathering",MCA,3,246,3.5,2026-02-02
IND2025492,Data Analyst,Darwinbox,Startup,EdTech,Remote,Remote,Lead (10+ yrs),Full-Time,Remote,56.7,"Statistics, Data Visualization, Tableau",B.Com + Certification,1,96,3.9,2026-04-01
IND2025497,Data Engineer,Cisco,MNC,FinTech,Remote,Remote,Fresher (0-1 yr),Full-Time,On-Site,4.1,"Airflow, AWS, ETL, Python, dbt",B.Tech/B.E.,20,1238,4.3,2024-11-21
IND2025503,Data Analyst,Deloitte,MNC,Banking & Finance,Remote,Remote,Fresher (0-1 yr),Full-Time,Hybrid,5.8,"Tableau, Data Visualization, Power BI, Statistics, Python",MCA,1,53,4.2,2024-06-14
IND2025504,Data Scientist,BrowserStack,Startup,EdTech,Remote,Remote,Senior (6-10 yrs),Full-Time,Remote,49.8,"Statistics, Scikit-learn, Machine Learning, Deep Learning, Python",B.Sc (CS/IT),2,233,4.1,2025-11-17
IND2025507,Data Analyst,Tech Mahindra,MNC,FinTech,Delhi,Tier 1,Senior (6-10 yrs),Part-Time,Hybrid,37.5,"Excel, Statistics, SQL, Power BI, Data Visualization",B.Tech/B.E.,1,108,3.2,2025-10-29
IND2025514,Data Scientist,Cognizant,MNC,FinTech,Mumbai,Tier 1,Junior (1-3 yrs),Full-Time,Hybrid,8.2,"Scikit-learn, Deep Learning, Statistics, Python, SQL",MBA,15,1508,3.4,2024-06-24
IND2025521,Data Engineer,BrowserStack,Startup,Banking & Finance,Lucknow,Tier 2,Mid (3-6 yrs),Contract,On-Site,19.6,"Airflow, dbt, ETL",M.Tech/M.E.,2,215,3.7,2024-10-06
IND2025542,Data Analyst,Infosys,MNC,EdTech,Bangalore,Tier 1,Senior (6-10 yrs),Full-Time,On-Site,29.0,"Tableau, Data Visualization, SQL, Excel, Power BI, Statistics",B.Tech/B.E.,1,107,3.6,2025-10-21
IND2025548,Data Analyst,Razorpay,Indian Unicorn,Banking & Finance,Remote,Remote,Junior (1-3 yrs),Full-Time,Remote,12.6,"Tableau, Statistics, Excel",B.Tech/B.E.,3,267,3.5,2025-09-21
IND2025549,Data Engineer,Cognizant,MNC,EdTech,Delhi,Tier 1,Fresher (0-1 yr),Full-Time,On-Site,5.7,"Python, Airflow, Kafka, ETL, SQL",B.Tech/B.E.,1,112,4.1,2025-02-13
IND2025550,Business Analyst,BSNL,PSU/Govt,Government/PSU,Remote,Remote,Fresher (0-1 yr),Internship,Hybrid,3.0,"Requirements Gathering, Power BI, Excel",B.Tech/B.E.,2,158,4.2,2026-03-15
IND2025552,Data Engineer,Nykaa,Indian Unicorn,Government/PSU,Remote,Remote,Fresher (0-1 yr),Full-Time,On-Site,7.4,"AWS, Airflow, dbt, ETL, SQL, Spark",MCA,10,278,4.1,2024-06-29
IND2025553,Data Analyst,Cisco,MNC,Media & Entertainment,Mumbai,Tier 1,Mid (3-6 yrs),Full-Time,Hybrid,18.3,"Data Visualization, Tableau, Excel",B.Sc (CS/IT),3,253,4.1,2025-07-18
IND2025554,Business Analyst,Fi Money,Startup,EdTech,Remote,Remote,Fresher (0-1 yr),Full-Time,Remote,6.9,"SQL, Agile, JIRA",MCA,2,184,4.3,2024-12-27
IND2025556,Data Scientist,Meesho,Indian Unicorn,Information Technology,Bangalore,Tier 1,Junior (1-3 yrs),Full-Time,On-Site,12.1,"Tableau, Deep Learning, SQL, Statistics, NLP",B.Sc (CS/IT),1,51,4.1,2026-03-14
IND2025559,Business Analyst,Google,MNC,Manufacturing,Chennai,Tier 1,Fresher (0-1 yr),Full-Time,On-Site,5.3,"Power BI, JIRA, Requirements Gathering, SQL",B.Tech/B.E.,2,234,3.9,2026-03-23
IND2025564,Data Analyst,Lenskart,Startup,Information Technology,Hyderabad,Tier 1,Junior (1-3 yrs),Full-Time,On-Site,10.4,"Tableau, Statistics, Power BI, SQL, Data Visualization",B.Com + Certification,1,93,4.2,2025-03-22
IND2025568,Data Scientist,Meesho,Indian Unicorn,E-Commerce,Kolkata,Tier 2,Junior (1-3 yrs),Full-Time,On-Site,18.6,"Pandas, Statistics, Tableau, NLP, Python",MBA,1,94,3.4,2025-01-30
IND2025573,Data Analyst,Capgemini,MNC,Consulting,Lucknow,Tier 2,Lead (10+ yrs),Internship,On-Site,3.1,"Data Visualization, SQL, Power BI, Tableau",B.Tech/B.E.,5,457,4.3,2024-07-29
IND2025575,Data Engineer,Tech Mahindra,MNC,Information Technology,Remote,Remote,Junior (1-3 yrs),Full-Time,Remote,12.6,"SQL, dbt, Spark, Airflow, ETL",B.Tech/B.E.,2,169,4.3,2024-06-18
IND2025597,Data Scientist,Capgemini,MNC,Information Technology,Hyderabad,Tier 1,Senior (6-10 yrs),Full-Time,On-Site,32.8,"Python, TensorFlow, SQL, Scikit-learn",BCA,3,149,4.1,2025-06-22
IND2025601,Data Analyst,MakeMyTrip,Indian Unicorn,E-Commerce,Pune,Tier 1,Senior (6-10 yrs),Internship,On-Site,2.3,"Data Visualization, Excel, SQL, Power BI, Tableau",M.Tech/M.E.,10,667,3.3,2025-07-22
IND2025602,Data Engineer,Dream11,Indian Unicorn,EdTech,Pune,Tier 1,Junior (1-3 yrs),Full-Time,Hybrid,10.7,"Spark, Airflow, AWS",MCA,2,210,3.2,2024-08-19
IND2025611,Data Analyst,Lenskart,Startup,Government/PSU,Remote,Remote,Lead (10+ yrs),Contract,Remote,72.7,"Tableau, Excel, Data Visualization, SQL, Python, Statistics",PhD,3,307,4.0,2024-06-30
IND2025613,Business Analyst,HAL,PSU/Govt,E-Commerce,Remote,Remote,Mid (3-6 yrs),Full-Time,Remote,9.3,"Excel, Requirements Gathering, SQL",MCA,3,302,3.7,2025-03-10
IND2025633,Data Engineer,Cognizant,MNC,FinTech,Indore,Tier 2,Fresher (0-1 yr),Internship,Hybrid,1.7,"ETL, Python, Spark, SQL, AWS, Kafka",MCA,2,211,4.1,2025-08-16
IND2025635,Data Engineer,Swiggy,Indian Unicorn,HealthTech,Chennai,Tier 1,Junior (1-3 yrs),Internship,Hybrid,1.6,"dbt, Spark, Airflow, AWS, SQL",MCA,1,112,3.6,2025-09-04
IND2025636,Data Scientist,Leadsquared,Startup,FinTech,Mumbai,Tier 1,Mid (3-6 yrs),Full-Time,Hybrid,24.9,"Python, Statistics, Machine Learning, TensorFlow",M.Tech/M.E.,2,82,3.9,2026-02-25
IND2025640,Data Scientist,Nykaa,Indian Unicorn,Consulting,Pune,Tier 1,Junior (1-3 yrs),Internship,On-Site,2.6,"Machine Learning, Pandas, Scikit-learn",MCA,10,1077,3.3,2024-10-24
IND2025642,Data Engineer,Lenskart,Startup,Manufacturing,Remote,Remote,Mid (3-6 yrs),Full-Time,Hybrid,17.9,"Kafka, SQL, ETL, Airflow",B.Tech/B.E.,3,84,3.3,2025-02-19
IND2025646,Data Engineer,Tech Mahindra,MNC,Manufacturing,Kolkata,Tier 2,Mid (3-6 yrs),Full-Time,On-Site,18.6,"SQL, ETL, Kafka",M.Tech/M.E.,3,311,4.2,2024-09-02
IND2025657,Data Analyst,Nykaa,Indian Unicorn,E-Commerce,Remote,Remote,Fresher (0-1 yr),Full-Time,On-Site,6.9,"Power BI, Python, Data Visualization, SQL, Statistics, Tableau",MCA,1,91,3.1,2025-12-31
IND2025664,Data Scientist,ONGC,PSU/Govt,Information Technology,Mumbai,Tier 1,Fresher (0-1 yr),Full-Time,Hybrid,4.0,"Python, Statistics, TensorFlow",M.Tech/M.E.,3,328,3.7,2025-06-16
IND2025671,Data Analyst,Byju's,Indian Unicorn,Information Technology,Chennai,Tier 1,Fresher (0-1 yr),Full-Time,Hybrid,8.8,"Excel, Power BI, Statistics, Tableau, Data Visualization",M.Tech/M.E.,20,831,4.2,2025-12-19
IND2025672,Business Analyst,Nykaa,Indian Unicorn,Information Technology,Remote,Remote,Fresher (0-1 yr),Full-Time,Remote,5.9,"Agile, JIRA, SQL, Power BI",MCA,2,202,4.3,2025-06-07
IND2025676,Data Scientist,Tech Mahindra,MNC,Consulting,Pune,Tier 1,Mid (3-6 yrs),Full-Time,Hybrid,17.2,"Machine Learning, SQL, Pandas, Tableau, Python, Statistics",M.Tech/M.E.,1,84,3.9,2025-02-17
IND2025679,Business Analyst,HAL,PSU/Govt,EdTech,Remote,Remote,Mid (3-6 yrs),Internship,Remote,2.7,"Power BI, Agile, Requirements Gathering, Excel",B.Tech/B.E.,2,214,4.2,2024-07-11
IND2025680,Data Engineer,Meesho,Indian Unicorn,Information Technology,Remote,Remote,Mid (3-6 yrs),Full-Time,Hybrid,28.4,"SQL, Airflow, Python",B.Com + Certification,5,325,4.1,2025-09-11
IND2025689,Data Engineer,InMobi,Startup,Automobile,Remote,Remote,Lead (10+ yrs),Full-Time,Remote,53.7,"Spark, dbt, Python, SQL, AWS",B.Tech/B.E.,2,107,3.3,2025-11-25
IND2025692,Data Scientist,Tech Mahindra,MNC,Information Technology,Remote,Remote,Mid (3-6 yrs),Contract,Remote,21.2,"NLP, Statistics, Pandas, Python",BCA,3,278,4.2,2024-11-06
IND2025698,Data Analyst,HCL Technologies,MNC,Manufacturing,Bhubaneswar,Tier 2,Fresher (0-1 yr),Contract,On-Site,4.4,"Excel, Statistics, Power BI",MBA,20,2191,3.6,2024-11-29
IND2025705,Data Scientist,IBM,MNC,EdTech,Ahmedabad,Tier 2,Senior (6-10 yrs),Internship,On-Site,2.0,"Tableau, Scikit-learn, TensorFlow, Pandas, Deep Learning, Statistics",B.Tech/B.E.,3,287,3.6,2025-01-30
IND2025715,Data Scientist,Wipro,MNC,FinTech,Remote,Remote,Mid (3-6 yrs),Full-Time,Remote,26.7,"SQL, Pandas, Python, Tableau, TensorFlow, Deep Learning",B.Tech/B.E.,1,77,4.2,2026-01-09
IND2025718,Data Analyst,MakeMyTrip,Indian Unicorn,Manufacturing,Remote,Remote,Senior (6-10 yrs),Full-Time,On-Site,36.3,"Excel, SQL, Statistics",B.Tech/B.E.,2,201,3.3,2024-06-04
IND2025720,Data Engineer,DRDO,PSU/Govt,Information Technology,Remote,Remote,Fresher (0-1 yr),Contract,Remote,4.6,"dbt, SQL, AWS, Kafka, Spark",B.Tech/B.E.,1,74,3.4,2025-08-11
IND2025721,Data Scientist,NTPC,PSU/Govt,Banking & Finance,Mumbai,Tier 1,Fresher (0-1 yr),Full-Time,On-Site,4.1,"SQL, Deep Learning, Python, Pandas, Scikit-learn, NLP",BCA,3,344,3.6,2025-04-23
IND2025728,Data Engineer,ONGC,PSU/Govt,EdTech,Bangalore,Tier 1,Junior (1-3 yrs),Full-Time,On-Site,6.1,"Spark, Airflow, dbt, ETL, Kafka",M.Tech/M.E.,2,213,3.7,2024-10-25
IND2025740,Data Analyst,Flipkart,Indian Unicorn,Government/PSU,Bangalore,Tier 1,Senior (6-10 yrs),Full-Time,On-Site,44.0,"SQL, Statistics, Data Visualization, Tableau",MBA,1,42,3.4,2024-11-26
IND2025742,Data Analyst,Lenskart,Startup,Logistics,Kochi,Tier 2,Junior (1-3 yrs),Full-Time,Hybrid,12.5,"Data Visualization, SQL, Statistics, Tableau, Power BI, Excel",B.Tech/B.E.,3,313,3.5,2025-01-24
IND2025743,Data Analyst,MakeMyTrip,Indian Unicorn,EdTech,Mumbai,Tier 1,Junior (1-3 yrs),Contract,Hybrid,12.5,"Tableau, Excel, Python, Data Visualization, Statistics",B.Tech/B.E.,20,2119,3.2,2025-09-22
IND2025745,Data Engineer,BHEL,PSU/Govt,E-Commerce,Remote,Remote,Fresher (0-1 yr),Full-Time,On-Site,4.5,"Python, Kafka, SQL",B.Tech/B.E.,15,1563,4.0,2026-04-12
IND2025751,Data Engineer,BrowserStack,Startup,Information Technology,Lucknow,Tier 2,Junior (1-3 yrs),Full-Time,Hybrid,14.3,"Python, Kafka, SQL, dbt",M.Tech/M.E.,1,53,4.1,2025-08-11
IND2025772,Data Scientist,DRDO,PSU/Govt,Banking & Finance,Bangalore,Tier 1,Junior (1-3 yrs),Internship,Hybrid,1.7,"Machine Learning, Tableau, NLP, SQL, Python",M.Tech/M.E.,5,442,2.8,2024-11-23
IND2025773,Business Analyst,Wipro,MNC,Consulting,Remote,Remote,Fresher (0-1 yr),Full-Time,Remote,4.9,"Requirements Gathering, Excel, JIRA, SQL, Power BI",M.Tech/M.E.,1,95,2.9,2025-02-10
IND2025782,Business Analyst,Deloitte,MNC,FinTech,Jaipur,Tier 2,Junior (1-3 yrs),Full-Time,Hybrid,8.5,"JIRA, Requirements Gathering, SQL, Power BI, Excel, Agile",M.Tech/M.E.,5,458,4.2,2024-09-18
IND2025790,Data Scientist,Lenskart,Startup,Gaming,Remote,Remote,Mid (3-6 yrs),Part-Time,Remote,20.2,"Scikit-learn, Pandas, Machine Learning, Python, SQL",M.Tech/M.E.,2,172,4.3,2025-02-12
IND2025795,Data Scientist,Chargebee,Startup,EdTech,Chandigarh,Tier 2,Senior (6-10 yrs),Full-Time,Hybrid,55.7,"SQL, Statistics, Scikit-learn, TensorFlow, Pandas",M.Tech/M.E.,1,98,2.7,2025-05-03
IND2025804,Data Engineer,Leadsquared,Startup,HealthTech,Remote,Remote,Senior (6-10 yrs),Full-Time,Remote,37.4,"Python, Kafka, Airflow, ETL, dbt, Spark",B.Tech/B.E.,1,43,4.3,2024-07-24
IND2025805,Data Scientist,ISRO,PSU/Govt,Government/PSU,Delhi,Tier 1,Junior (1-3 yrs),Full-Time,On-Site,8.8,"SQL, Pandas, Machine Learning, Tableau",MBA,10,1016,3.1,2026-03-27
IND2025814,Data Engineer,HCL Technologies,MNC,Consulting,Pune,Tier 1,Junior (1-3 yrs),Internship,On-Site,1.7,"AWS, Python, Airflow, ETL, Spark, dbt",BCA,2,210,3.8,2025-05-11
IND2025816,Data Scientist,Deloitte,MNC,Information Technology,Remote,Remote,Mid (3-6 yrs),Contract,Remote,22.0,"SQL, TensorFlow, Statistics",MBA,2,135,3.2,2024-07-16
IND2025827,Data Analyst,Khatabook,Startup,Information Technology,Delhi,Tier 1,Mid (3-6 yrs),Full-Time,Hybrid,19.3,"Python, SQL, Excel, Tableau, Statistics, Data Visualization",B.Tech/B.E.,1,72,4.0,2025-11-06
IND2025832,Data Engineer,HCL Technologies,MNC,Banking & Finance,Remote,Remote,Mid (3-6 yrs),Full-Time,On-Site,15.1,"Airflow, AWS, Python",B.Sc (CS/IT),1,101,3.8,2025-06-13
IND2025857,Data Scientist,Infosys,MNC,Automobile,Remote,Remote,Fresher (0-1 yr),Full-Time,Hybrid,5.9,"Deep Learning, Tableau, Statistics, Scikit-learn, NLP",B.Tech/B.E.,10,904,4.2,2025-01-24
IND2025863,Data Analyst,Chargebee,Startup,Information Technology,Kochi,Tier 2,Mid (3-6 yrs),Full-Time,On-Site,20.2,"Python, Tableau, Excel, Data Visualization, Statistics, SQL",BCA,20,628,3.9,2025-10-19
IND2025893,Data Engineer,Wipro,MNC,E-Commerce,Lucknow,Tier 2,Junior (1-3 yrs),Internship,On-Site,1.7,"Airflow, Spark, dbt, Kafka, Python, AWS",BCA,5,503,3.9,2024-11-10
IND2025896,Data Scientist,HAL,PSU/Govt,E-Commerce,Remote,Remote,Junior (1-3 yrs),Full-Time,Remote,7.5,"NLP, Python, SQL",M.Tech/M.E.,2,91,3.9,2026-04-18
IND2025901,Data Engineer,Setu,Startup,Manufacturing,Chandigarh,Tier 2,Mid (3-6 yrs),Full-Time,Hybrid,14.8,"Python, Kafka, SQL, AWS",B.Tech/B.E.,1,94,3.9,2025-10-27
IND2025915,Data Engineer,ISRO,PSU/Govt,E-Commerce,Remote,Remote,Senior (6-10 yrs),Full-Time,On-Site,16.8,"Airflow, dbt, Kafka",M.Tech/M.E.,1,78,3.6,2026-02-28
IND2025919,Data Engineer,Lenskart,Startup,Retail,Remote,Remote,Junior (1-3 yrs),Full-Time,Remote,9.1,"dbt, Airflow, ETL, AWS, Python",MCA,5,330,2.7,2025-05-01
IND2025928,Data Scientist,BrowserStack,Startup,Manufacturing,Pune,Tier 1,Fresher (0-1 yr),Full-Time,Hybrid,7.3,"SQL, Scikit-learn, Statistics",BCA,1,102,3.3,2024-07-13
IND2025930,Data Analyst,Zomato,Indian Unicorn,E-Commerce,Delhi,Tier 1,Lead (10+ yrs),Part-Time,On-Site,58.0,"Data Visualization, Python, Power BI, SQL",B.Sc (CS/IT),3,183,4.0,2025-09-30
IND2025931,Data Engineer,Microsoft,MNC,E-Commerce,Indore,Tier 2,Junior (1-3 yrs),Full-Time,On-Site,11.5,"dbt, ETL, SQL, AWS, Airflow",M.Tech/M.E.,2,213,4.2,2026-01-22
IND2025934,Data Engineer,ISRO,PSU/Govt,Consulting,Nagpur,Tier 2,Lead (10+ yrs),Full-Time,On-Site,21.7,"Kafka, Python, dbt, AWS",B.Tech/B.E.,2,164,3.1,2025-11-17
IND2025937,Data Scientist,Slice,Startup,Information Technology,Remote,Remote,Lead (10+ yrs),Full-Time,Remote,93.9,"Deep Learning, SQL, Pandas, Python, Tableau, Scikit-learn",B.Tech/B.E.,2,227,3.6,2025-08-21
IND2025942,Data Engineer,DRDO,PSU/Govt,E-Commerce,Remote,Remote,Junior (1-3 yrs),Full-Time,Remote,7.2,"Kafka, Airflow, ETL",M.Tech/M.E.,3,320,3.1,2025-06-30
IND2025951,Data Scientist,Wipro,MNC,Information Technology,Chennai,Tier 1,Mid (3-6 yrs),Full-Time,Hybrid,22.7,"Pandas, Deep Learning, TensorFlow, NLP",MBA,2,229,3.7,2025-02-03
IND2025952,Data Analyst,BrowserStack,Startup,Telecom,Pune,Tier 1,Junior (1-3 yrs),Full-Time,Hybrid,9.4,"Python, Data Visualization, Excel, Power BI, SQL",PhD,5,388,4.3,2025-04-22
IND2025955,Business Analyst,Ola,Indian Unicorn,E-Commerce,Remote,Remote,Fresher (0-1 yr),Internship,Hybrid,2.5,"Excel, SQL, Requirements Gathering, Power BI",B.Tech/B.E.,2,230,3.4,2025-01-26
IND2025959,Data Scientist,TCS,MNC,Information Technology,Pune,Tier 1,Lead (10+ yrs),Full-Time,On-Site,71.6,"Statistics, Pandas, Machine Learning",BCA,2,210,3.4,2025-12-11
IND2025967,Data Scientist,Google,MNC,Information Technology,Remote,Remote,Mid (3-6 yrs),Full-Time,Hybrid,19.4,"NLP, Deep Learning, Python",MBA,3,246,4.1,2025-06-10
IND2025968,Business Analyst,Accenture,MNC,Banking & Finance,Chennai,Tier 1,Fresher (0-1 yr),Full-Time,On-Site,5.2,"Excel, SQL, Requirements Gathering, Power BI, Agile, JIRA",MCA,10,857,4.1,2025-05-14
IND2025970,Data Scientist,HCL Technologies,MNC,Information Technology,Remote,Remote,Fresher (0-1 yr),Contract,Remote,6.4,"TensorFlow, SQL, Tableau",B.Com + Certification,2,135,3.3,2025-03-13
IND2025974,Data Scientist,Deloitte,MNC,E-Commerce,Pune,Tier 1,Senior (6-10 yrs),Full-Time,Hybrid,28.5,"Machine Learning, NLP, Statistics",B.Tech/B.E.,15,430,3.4,2024-10-01
IND2025982,Business Analyst,DRDO,PSU/Govt,Information Technology,Delhi,Tier 1,Fresher (0-1 yr),Full-Time,On-Site,3.4,"Agile, Power BI, JIRA",MCA,1,74,4.1,2025-11-03
IND2025985,Data Scientist,Byju's,Indian Unicorn,Information Technology,Remote,Remote,Lead (10+ yrs),Contract,Remote,82.4,"NLP, Deep Learning, SQL, TensorFlow, Machine Learning",B.Tech/B.E.,1,75,4.3,2025-04-22
IND2025997,Data Engineer,Hasura,Startup,FinTech,Bangalore,Tier 1,Junior (1-3 yrs),Full-Time,Hybrid,9.1,"Kafka, AWS, dbt",B.Tech/B.E.,2,163,4.0,2024-08-08
IND2025998,Data Analyst,Nykaa,Indian Unicorn,Information Technology,Remote,Remote,Junior (1-3 yrs),Full-Time,Remote,16.3,"Python, Power BI, Tableau, Data Visualization",MCA,5,184,4.1,2025-06-02
IND2026004,Data Scientist,Razorpay,Indian Unicorn,Automobile,Mumbai,Tier 1,Mid (3-6 yrs),Full-Time,Hybrid,33.6,"Deep Learning, Tableau, SQL, Python",M.Tech/M.E.,3,226,3.9,2026-03-13
IND2026007,Data Engineer,Zerodha,Startup,EdTech,Jaipur,Tier 2,Senior (6-10 yrs),Part-Time,On-Site,46.0,"dbt, Kafka, Python, SQL, Spark",B.Tech/B.E.,1,94,3.8,2024-10-28
IND2026019,Data Analyst,Dream11,Indian Unicorn,E-Commerce,Remote,Remote,Lead (10+ yrs),Full-Time,Remote,51.4,"Data Visualization, Tableau, Statistics",MCA,5,402,3.9,2025-04-25
IND2026022,Business Analyst,ISRO,PSU/Govt,Banking & Finance,Remote,Remote,Lead (10+ yrs),Full-Time,Remote,29.0,"Requirements Gathering, SQL, JIRA",B.Tech/B.E.,3,323,4.2,2025-03-26
IND2026024,Data Scientist,Groww,Startup,Information Technology,Hyderabad,Tier 1,Fresher (0-1 yr),Full-Time,Hybrid,8.7,"Statistics, Tableau, Python, Pandas, TensorFlow, SQL",B.Sc (CS/IT),15,1041,3.7,2024-12-25
IND2026029,Data Analyst,Setu,Startup,Banking & Finance,Pune,Tier 1,Mid (3-6 yrs),Full-Time,On-Site,24.6,"SQL, Power BI, Python",B.Tech/B.E.,5,309,4.2,2025-11-30
IND2026030,Data Analyst,Groww,Startup,Banking & Finance,Remote,Remote,Lead (10+ yrs),Full-Time,On-Site,46.1,"Statistics, Power BI, Python",M.Tech/M.E.,5,453,3.8,2024-11-05
IND2026038,Data Engineer,Darwinbox,Startup,FinTech,Kolkata,Tier 2,Junior (1-3 yrs),Full-Time,Hybrid,8.5,"Spark, ETL, dbt",MCA,2,106,4.2,2026-04-11
IND2026046,Data Scientist,Dream11,Indian Unicorn,Consulting,Hyderabad,Tier 1,Junior (1-3 yrs),Full-Time,On-Site,13.0,"Pandas, NLP, SQL, Scikit-learn, Deep Learning",B.Tech/B.E.,3,271,3.8,2024-06-01
IND2026050,Data Scientist,Zerodha,Startup,FinTech,Remote,Remote,Fresher (0-1 yr),Full-Time,Remote,8.2,"Tableau, Python, Scikit-learn, Statistics",B.Com + Certification,3,351,3.8,2025-03-08
IND2026053,Business Analyst,Cognizant,MNC,Information Technology,Remote,Remote,Junior (1-3 yrs),Internship,On-Site,1.1,"SQL, Excel, Requirements Gathering",B.Sc (CS/IT),15,1735,3.0,2024-12-07
IND2026066,Business Analyst,Cisco,MNC,HealthTech,Remote,Remote,Senior (6-10 yrs),Full-Time,Remote,29.1,"SQL, Requirements Gathering, Agile, Power BI",B.Sc (CS/IT),2,104,4.2,2024-07-19
IND2026069,Business Analyst,Capgemini,MNC,Information Technology,Lucknow,Tier 2,Junior (1-3 yrs),Full-Time,On-Site,8.7,"SQL, Power BI, Requirements Gathering, JIRA, Excel, Agile",M.Tech/M.E.,10,407,4.0,2024-10-22
IND2026070,Business Analyst,Ola,Indian Unicorn,HealthTech,Delhi,Tier 1,Junior (1-3 yrs),Full-Time,Hybrid,11.4,"SQL, Power BI, Agile, Excel, JIRA, Requirements Gathering",M.Tech/M.E.,2,156,3.6,2026-03-29
IND2026079,Data Scientist,Postman,Startup,Manufacturing,Bangalore,Tier 1,Junior (1-3 yrs),Full-Time,On-Site,17.3,"SQL, Statistics, Machine Learning, Deep Learning, Scikit-learn",M.Tech/M.E.,5,489,2.9,2025-02-01
IND2026082,Data Analyst,Capgemini,MNC,Banking & Finance,Remote,Remote,Mid (3-6 yrs),Full-Time,Remote,17.3,"Data Visualization, Excel, Tableau, Python, Power BI",B.Tech/B.E.,1,75,3.7,2024-10-17
IND2026083,Data Engineer,Accenture,MNC,Information Technology,Chennai,Tier 1,Junior (1-3 yrs),Full-Time,Hybrid,11.8,"Python, dbt, Airflow",B.Com + Certification,3,128,4.1,2025-01-08
IND2026084,Data Scientist,Zomato,Indian Unicorn,E-Commerce,Mumbai,Tier 1,Mid (3-6 yrs),Full-Time,On-Site,37.5,"Deep Learning, Machine Learning, NLP, Python, Scikit-learn, Tableau",MBA,10,1023,3.5,2025-04-20
IND2026089,Business Analyst,Swiggy,Indian Unicorn,E-Commerce,Bangalore,Tier 1,Lead (10+ yrs),Full-Time,On-Site,61.7,"Requirements Gathering, Agile, SQL, Power BI",B.Tech/B.E.,3,260,3.9,2024-09-21
IND2026090,Data Engineer,Tech Mahindra,MNC,Consulting,Hyderabad,Tier 1,Mid (3-6 yrs),Internship,Hybrid,3.1,"dbt, SQL, AWS, Spark",MBA,15,1017,3.4,2025-04-30
IND2026094,Business Analyst,Chargebee,Startup,Banking & Finance,Pune,Tier 1,Mid (3-6 yrs),Full-Time,Hybrid,18.2,"Agile, Requirements Gathering, JIRA",B.Tech/B.E.,2,64,2.8,2025-02-20
IND2026100,Data Engineer,Fi Money,Startup,Media & Entertainment,Indore,Tier 2,Junior (1-3 yrs),Full-Time,Hybrid,8.4,"Python, Airflow, SQL",B.Tech/B.E.,1,66,3.7,2024-11-25
IND2026101,Data Analyst,HCL Technologies,MNC,Media & Entertainment,Remote,Remote,Fresher (0-1 yr),Full-Time,Remote,6.5,"Python, Statistics, Tableau, SQL",B.Tech/B.E.,1,28,4.2,2025-05-26
IND2026105,Data Analyst,BEL,PSU/Govt,Information Technology,Remote,Remote,Senior (6-10 yrs),Full-Time,Remote,15.4,"Tableau, SQL, Excel, Statistics, Power BI, Data Visualization",BCA,1,80,4.2,2025-06-06
IND2026108,Data Engineer,Dream11,Indian Unicorn,EdTech,Pune,Tier 1,Junior (1-3 yrs),Full-Time,On-Site,13.7,"Spark, SQL, dbt, Kafka",B.Tech/B.E.,5,451,4.3,2026-01-22
IND2026110,Data Analyst,BrowserStack,Startup,Gaming,Mumbai,Tier 1,Mid (3-6 yrs),Full-Time,Hybrid,24.3,"Excel, Data Visualization, SQL",B.Tech/B.E.,1,83,4.1,2024-12-24
IND2026114,Business Analyst,Wipro,MNC,Government/PSU,Bhubaneswar,Tier 2,Senior (6-10 yrs),Full-Time,Hybrid,33.6,"Agile, JIRA, SQL",B.Tech/B.E.,2,220,3.1,2026-02-21
IND2026116,Data Engineer,Chargebee,Startup,Information Technology,Delhi,Tier 1,Mid (3-6 yrs),Part-Time,On-Site,16.3,"Airflow, dbt, Spark, AWS, ETL",B.Tech/B.E.,1,109,3.6,2024-12-08
IND2026117,Data Scientist,HAL,PSU/Govt,Consulting,Kochi,Tier 2,Junior (1-3 yrs),Full-Time,On-Site,9.4,"SQL, Scikit-learn, Tableau, Deep Learning, TensorFlow",MCA,3,348,4.3,2025-06-09
IND2026118,Data Analyst,Infosys,MNC,Government/PSU,Remote,Remote,Senior (6-10 yrs),Full-Time,On-Site,29.5,"SQL, Statistics, Python, Power BI, Data Visualization",B.Tech/B.E.,5,509,4.0,2025-03-16
IND2026127,Data Analyst,ISRO,PSU/Govt,Manufacturing,Nagpur,Tier 2,Lead (10+ yrs),Full-Time,On-Site,23.7,"Data Visualization, Power BI, Excel, Statistics, SQL",B.Tech/B.E.,5,504,4.3,2025-05-22
IND2026131,Data Engineer,Tech Mahindra,MNC,Government/PSU,Remote,Remote,Mid (3-6 yrs),Full-Time,On-Site,17.9,"Airflow, SQL, Spark",B.Sc (CS/IT),1,56,3.7,2024-12-09
IND2026137,Data Scientist,TCS,MNC,Information Technology,Ahmedabad,Tier 2,Mid (3-6 yrs),Contract,On-Site,21.1,"Pandas, TensorFlow, Statistics",B.Tech/B.E.,1,65,3.9,2026-02-25
IND2026138,Data Scientist,Cisco,MNC,Information Technology,Remote,Remote,Junior (1-3 yrs),Full-Time,Remote,11.3,"Pandas, Tableau, NLP, Scikit-learn",B.Tech/B.E.,1,113,3.4,2024-07-31
IND2026146,Business Analyst,Wipro,MNC,E-Commerce,Lucknow,Tier 2,Junior (1-3 yrs),Full-Time,Hybrid,11.2,"Excel, JIRA, Agile, Power BI",BCA,20,1636,3.1,2026-01-25
IND2026150,Data Engineer,Zoho,Indian Unicorn,E-Commerce,Remote,Remote,Mid (3-6 yrs),Full-Time,Remote,26.6,"Python, Kafka, dbt, ETL, AWS, Spark",B.Tech/B.E.,1,85,3.5,2024-12-16
IND2026151,Data Scientist,Setu,Startup,Banking & Finance,Pune,Tier 1,Senior (6-10 yrs),Full-Time,On-Site,54.4,"Machine Learning, Tableau, TensorFlow, Scikit-learn",M.Tech/M.E.,1,116,3.3,2025-09-18
IND2026153,Data Scientist,Cognizant,MNC,Information Technology,Delhi,Tier 1,Junior (1-3 yrs),Full-Time,Hybrid,12.5,"Statistics, Tableau, Scikit-learn",B.Tech/B.E.,1,116,3.9,2024-09-26
IND2026160,Data Analyst,Darwinbox,Startup,E-Commerce,Indore,Tier 2,Senior (6-10 yrs),Full-Time,Hybrid,45.3,"Data Visualization, Excel, Tableau, SQL, Statistics, Power BI",BCA,2,217,4.1,2024-08-29
IND2026161,Data Engineer,BSNL,PSU/Govt,E-Commerce,Pune,Tier 1,Fresher (0-1 yr),Contract,On-Site,3.5,"dbt, Python, Kafka, Spark, AWS, SQL",B.Tech/B.E.,1,113,3.4,2025-08-13
IND2026182,Data Analyst,HAL,PSU/Govt,Automobile,Bangalore,Tier 1,Senior (6-10 yrs),Full-Time,On-Site,17.8,"Excel, Python, SQL, Power BI, Tableau, Statistics",MCA,10,1036,3.9,2024-07-05
IND2026192,Data Scientist,Cisco,MNC,HealthTech,Remote,Remote,Junior (1-3 yrs),Full-Time,Remote,10.6,"Machine Learning, SQL, Python, Pandas",MCA,3,236,3.2,2025-01-01
IND2026198,Data Engineer,Setu,Startup,FinTech,Hyderabad,Tier 1,Senior (6-10 yrs),Part-Time,On-Site,43.4,"Python, Kafka, Spark, ETL, AWS, dbt",B.Tech/B.E.,1,90,2.7,2025-06-29
IND2026200,Business Analyst,Hasura,Startup,Information Technology,Chandigarh,Tier 2,Senior (6-10 yrs),Full-Time,Hybrid,43.6,"Agile, SQL, Excel",B.Tech/B.E.,5,316,2.8,2024-07-31
IND2026202,Data Analyst,Postman,Startup,Information Technology,Hyderabad,Tier 1,Lead (10+ yrs),Full-Time,On-Site,44.7,"SQL, Power BI, Statistics, Python",BCA,10,619,3.0,2025-03-20
IND2026203,Data Engineer,Fi Money,Startup,Information Technology,Bhubaneswar,Tier 2,Junior (1-3 yrs),Full-Time,Hybrid,10.2,"AWS, Airflow, dbt, Spark, SQL",B.Sc (CS/IT),5,383,3.1,2026-02-02
IND2026205,Data Analyst,Flipkart,Indian Unicorn,Banking & Finance,Mumbai,Tier 1,Mid (3-6 yrs),Full-Time,On-Site,27.6,"Tableau, SQL, Power BI, Data Visualization, Statistics, Excel",B.Com + Certification,2,74,3.1,2025-11-22
IND2026215,Data Analyst,NTPC,PSU/Govt,E-Commerce,Remote,Remote,Senior (6-10 yrs),Full-Time,Remote,15.7,"Excel, Power BI, Python, SQL, Data Visualization, Tableau",M.Tech/M.E.,5,321,3.6,2024-06-15
IND2026219,Data Scientist,Groww,Startup,Information Technology,Remote,Remote,Senior (6-10 yrs),Part-Time,Remote,41.1,"Deep Learning, TensorFlow, Machine Learning, Scikit-learn, Pandas",B.Tech/B.E.,2,205,4.1,2024-11-13
IND2026224,Business Analyst,Amazon,MNC,FinTech,Remote,Remote,Junior (1-3 yrs),Full-Time,On-Site,9.3,"Excel, JIRA, Power BI",B.Tech/B.E.,1,106,3.9,2025-04-06
IND2026226,Data Analyst,Leadsquared,Startup,Information Technology,Remote,Remote,Lead (10+ yrs),Full-Time,Hybrid,59.9,"Statistics, SQL, Python, Excel, Data Visualization",MCA,5,338,3.0,2026-02-14
IND2026228,Data Scientist,TCS,MNC,Information Technology,Delhi,Tier 1,Senior (6-10 yrs),Full-Time,Hybrid,51.2,"Tableau, Pandas, Deep Learning",M.Tech/M.E.,3,185,3.4,2026-03-18
IND2026229,Data Scientist,Oracle,MNC,Information Technology,Nagpur,Tier 2,Fresher (0-1 yr),Full-Time,Hybrid,5.8,"Machine Learning, Python, Statistics, NLP, Tableau",BCA,3,317,3.5,2025-11-26
IND2026231,Business Analyst,CRED,Indian Unicorn,Information Technology,Remote,Remote,Junior (1-3 yrs),Full-Time,Remote,11.0,"JIRA, Agile, Power BI, SQL, Excel, Requirements Gathering",BCA,3,184,4.3,2025-02-06
IND2026238,Data Engineer,BrowserStack,Startup,HealthTech,Remote,Remote,Mid (3-6 yrs),Full-Time,Remote,27.7,"dbt, AWS, SQL, Python, ETL, Airflow",M.Tech/M.E.,3,183,4.1,2025-09-09
IND2026242,Data Analyst,Cisco,MNC,Government/PSU,Remote,Remote,Mid (3-6 yrs),Full-Time,Remote,20.2,"Data Visualization, SQL, Excel, Tableau, Power BI",B.Com + Certification,1,96,3.6,2025-08-29
IND2026248,Data Scientist,Wipro,MNC,Consulting,Pune,Tier 1,Fresher (0-1 yr),Full-Time,On-Site,7.4,"Statistics, TensorFlow, NLP",B.Tech/B.E.,2,203,2.9,2026-04-15
IND2026260,Data Scientist,Wipro,MNC,HealthTech,Mumbai,Tier 1,Lead (10+ yrs),Full-Time,On-Site,58.9,"Pandas, Machine Learning, NLP",B.Com + Certification,3,131,4.1,2025-03-23
IND2026261,Data Scientist,Flipkart,Indian Unicorn,Information Technology,Bangalore,Tier 1,Junior (1-3 yrs),Internship,Hybrid,1.2,"Scikit-learn, Statistics, NLP, Tableau, Pandas, TensorFlow",PhD,5,338,2.8,2024-10-17
IND2026276,Data Engineer,TCS,MNC,Media & Entertainment,Remote,Remote,Senior (6-10 yrs),Full-Time,On-Site,29.2,"Kafka, SQL, dbt",B.Tech/B.E.,5,577,3.6,2025-08-02
IND2026277,Data Engineer,Infosys,MNC,Banking & Finance,Remote,Remote,Junior (1-3 yrs),Full-Time,Remote,13.3,"SQL, ETL, Kafka, Spark, Python",B.Tech/B.E.,2,79,2.9,2025-01-01
IND2026295,Data Engineer,HCL Technologies,MNC,HealthTech,Nagpur,Tier 2,Junior (1-3 yrs),Full-Time,On-Site,8.3,"SQL, Kafka, dbt, Airflow, ETL, Python",BCA,5,543,3.8,2025-04-27
IND2026297,Business Analyst,Tech Mahindra,MNC,FinTech,Remote,Remote,Junior (1-3 yrs),Contract,Hybrid,7.6,"Power BI, Requirements Gathering, SQL, Agile",B.Tech/B.E.,1,51,4.1,2025-01-05
IND2026300,Data Scientist,Wipro,MNC,Information Technology,Remote,Remote,Lead (10+ yrs),Full-Time,On-Site,48.9,"Python, Machine Learning, NLP, Tableau, Statistics",B.Tech/B.E.,3,102,3.9,2024-09-06
IND2026319,Data Engineer,Capgemini,MNC,Information Technology,Bhubaneswar,Tier 2,Mid (3-6 yrs),Internship,On-Site,1.9,"Python, Kafka, Spark, ETL, dbt",B.Tech/B.E.,2,201,4.1,2025-11-04
IND2026323,Data Scientist,BHEL,PSU/Govt,E-Commerce,Delhi,Tier 1,Junior (1-3 yrs),Full-Time,Hybrid,7.2,"NLP, Pandas, Statistics, Machine Learning",M.Tech/M.E.,20,1866,3.9,2025-02-01
IND2026337,Data Scientist,ISRO,PSU/Govt,Information Technology,Bhubaneswar,Tier 2,Fresher (0-1 yr),Contract,Hybrid,4.9,"Python, TensorFlow, Tableau",M.Tech/M.E.,2,237,3.4,2024-11-25
IND2026340,Data Scientist,Capgemini,MNC,Information Technology,Remote,Remote,Fresher (0-1 yr),Full-Time,Hybrid,5.4,"Machine Learning, SQL, NLP, Pandas, Tableau",M.Tech/M.E.,3,285,3.7,2024-10-22
IND2026342,Data Scientist,InMobi,Startup,Information Technology,Remote,Remote,Mid (3-6 yrs),Full-Time,Hybrid,30.1,"NLP, Tableau, Python, TensorFlow, Pandas, SQL",M.Tech/M.E.,3,126,3.6,2025-09-02
IND2026346,Data Scientist,Lenskart,Startup,Consulting,Pune,Tier 1,Mid (3-6 yrs),Full-Time,Hybrid,22.8,"Python, Statistics, Tableau, Scikit-learn, SQL, TensorFlow",M.Tech/M.E.,1,44,4.2,2024-12-18
IND2026348,Data Scientist,TCS,MNC,Information Technology,Hyderabad,Tier 1,Mid (3-6 yrs),Full-Time,On-Site,28.6,"Scikit-learn, Machine Learning, TensorFlow, Pandas, Deep Learning, Statistics",B.Tech/B.E.,1,116,4.0,2025-06-08
IND2026354,Data Engineer,Postman,Startup,FinTech,Remote,Remote,Mid (3-6 yrs),Full-Time,Remote,20.6,"Python, Spark, SQL, ETL, AWS",BCA,1,91,3.6,2025-08-06
IND2026366,Data Engineer,Nykaa,Indian Unicorn,E-Commerce,Delhi,Tier 1,Junior (1-3 yrs),Full-Time,Hybrid,13.9,"Kafka, SQL, dbt, Airflow, AWS",MCA,2,138,4.2,2024-06-02
IND2026373,Data Analyst,Amazon,MNC,Information Technology,Ahmedabad,Tier 2,Mid (3-6 yrs),Internship,On-Site,3.0,"Excel, Python, Tableau, Power BI, Data Visualization, Statistics",B.Tech/B.E.,1,81,3.0,2026-02-05
IND2026376,Data Scientist,DRDO,PSU/Govt,HealthTech,Hyderabad,Tier 1,Junior (1-3 yrs),Full-Time,On-Site,7.9,"TensorFlow, NLP, Statistics, Python",B.Tech/B.E.,2,179,3.7,2026-02-06
IND2026379,Data Analyst,IBM,MNC,Information Technology,Kolkata,Tier 2,Mid (3-6 yrs),Full-Time,Hybrid,18.6,"SQL, Python, Excel, Data Visualization, Tableau, Power BI",B.Tech/B.E.,3,318,4.3,2025-09-01
IND2026383,Data Engineer,Deloitte,MNC,EdTech,Remote,Remote,Mid (3-6 yrs),Full-Time,Hybrid,16.2,"Kafka, AWS, Python, dbt, Spark, ETL",BCA,2,162,3.8,2024-06-14
IND2026387,Data Engineer,Hasura,Startup,Media & Entertainment,Remote,Remote,Senior (6-10 yrs),Contract,Remote,31.9,"Airflow, ETL, Python, AWS",B.Tech/B.E.,2,185,3.4,2025-12-08
IND2026391,Data Scientist,NTPC,PSU/Govt,Information Technology,Remote,Remote,Mid (3-6 yrs),Internship,Remote,2.8,"Python, Scikit-learn, Statistics, SQL",BCA,2,228,3.1,2025-08-19
IND2026392,Data Engineer,Lenskart,Startup,Information Technology,Remote,Remote,Junior (1-3 yrs),Part-Time,Remote,9.3,"Kafka, AWS, ETL",BCA,5,525,2.7,2025-02-06
IND2026406,Data Analyst,Darwinbox,Startup,Logistics,Kochi,Tier 2,Mid (3-6 yrs),Full-Time,On-Site,24.8,"SQL, Power BI, Python, Statistics",BCA,10,1141,3.8,2024-10-29
IND2026411,Data Scientist,InMobi,Startup,Information Technology,Bangalore,Tier 1,Junior (1-3 yrs),Full-Time,On-Site,10.4,"Statistics, Tableau, Python, TensorFlow, Scikit-learn, Deep Learning",B.Tech/B.E.,3,100,4.2,2024-07-04
IND2026414,Business Analyst,Meesho,Indian Unicorn,E-Commerce,Remote,Remote,Fresher (0-1 yr),Full-Time,Remote,7.3,"Power BI, Requirements Gathering, Agile, SQL, Excel, JIRA",MCA,2,230,3.8,2025-09-25
IND2026416,Data Scientist,Fi Money,Startup,Information Technology,Mumbai,Tier 1,Mid (3-6 yrs),Full-Time,On-Site,17.6,"Scikit-learn, TensorFlow, Python, Machine Learning, Tableau, Statistics",MCA,1,90,3.3,2026-04-28
IND2026426,Data Analyst,Infosys,MNC,Banking & Finance,Remote,Remote,Fresher (0-1 yr),Part-Time,Remote,3.7,"Statistics, Python, SQL, Data Visualization, Tableau, Power BI",PhD,3,150,4.1,2024-11-11
IND2026429,Data Scientist,BEL,PSU/Govt,Information Technology,Remote,Remote,Mid (3-6 yrs),Full-Time,Hybrid,15.5,"SQL, Machine Learning, Pandas, Python, NLP, Deep Learning",B.Tech/B.E.,10,1086,3.5,2024-12-08
IND2026448,Data Engineer,Byju's,Indian Unicorn,Information Technology,Nagpur,Tier 2,Senior (6-10 yrs),Full-Time,Hybrid,58.3,"dbt, ETL, Kafka, SQL, Python",M.Tech/M.E.,1,72,4.0,2025-10-06
IND2026458,Data Analyst,Amazon,MNC,Information Technology,Bangalore,Tier 1,Senior (6-10 yrs),Full-Time,On-Site,28.8,"Excel, Tableau, Power BI, Data Visualization, Statistics",BCA,5,576,3.5,2025-07-20
IND2026462,Data Engineer,Groww,Startup,Logistics,Remote,Remote,Junior (1-3 yrs),Internship,On-Site,1.8,"dbt, Kafka, AWS, Spark, SQL",BCA,1,115,3.1,2025-04-21
IND2026464,Business Analyst,BrowserStack,Startup,Manufacturing,Chandigarh,Tier 2,Senior (6-10 yrs),Contract,On-Site,54.4,"Power BI, Agile, Excel",B.Tech/B.E.,1,66,2.9,2024-12-21
IND2026467,Data Analyst,Capgemini,MNC,Information Technology,Remote,Remote,Junior (1-3 yrs),Full-Time,Remote,9.2,"Data Visualization, Tableau, Power BI, Statistics, Excel",B.Sc (CS/IT),1,95,3.6,2025-04-02
IND2026473,Data Engineer,HCL Technologies,MNC,Gaming,Chennai,Tier 1,Mid (3-6 yrs),Full-Time,Hybrid,17.2,"Python, Kafka, Airflow, SQL",MCA,10,1135,3.5,2025-09-06
IND2026479,Data Scientist,TCS,MNC,Banking & Finance,Remote,Remote,Lead (10+ yrs),Full-Time,Remote,63.1,"Scikit-learn, Machine Learning, Tableau, Python, SQL, TensorFlow",B.Tech/B.E.,10,1068,3.7,2024-10-14
IND2026488,Data Scientist,TCS,MNC,Information Technology,Hyderabad,Tier 1,Junior (1-3 yrs),Full-Time,On-Site,10.8,"SQL, Deep Learning, Pandas",MCA,2,134,3.6,2025-04-01
IND2026489,Business Analyst,Hasura,Startup,Information Technology,Remote,Remote,Fresher (0-1 yr),Contract,Hybrid,5.7,"SQL, Power BI, Excel",M.Tech/M.E.,3,278,3.4,2025-07-21
IND2026491,Data Engineer,Freshworks,Indian Unicorn,E-Commerce,Coimbatore,Tier 2,Fresher (0-1 yr),Full-Time,On-Site,6.9,"Kafka, Airflow, dbt, Python",BCA,3,269,3.8,2025-03-02
IND2026499,Data Scientist,Ola,Indian Unicorn,Consulting,Chennai,Tier 1,Senior (6-10 yrs),Full-Time,On-Site,64.9,"Pandas, Machine Learning, Deep Learning",B.Com + Certification,1,102,4.1,2025-02-03
IND2026503,Data Analyst,Lenskart,Startup,FinTech,Hyderabad,Tier 1,Mid (3-6 yrs),Full-Time,Hybrid,19.3,"Statistics, Power BI, Excel",B.Tech/B.E.,1,79,3.8,2026-03-19
IND2026509,Data Scientist,PhonePe,Indian Unicorn,Media & Entertainment,Bangalore,Tier 1,Senior (6-10 yrs),Contract,Hybrid,60.8,"Statistics, TensorFlow, NLP, Scikit-learn, Python",MBA,3,255,3.5,2026-02-22
IND2026511,Data Analyst,BrowserStack,Startup,Information Technology,Remote,Remote,Junior (1-3 yrs),Full-Time,Remote,12.3,"Power BI, SQL, Data Visualization",M.Tech/M.E.,1,95,4.0,2024-11-05
IND2026512,Business Analyst,Byju's,Indian Unicorn,Information Technology,Hyderabad,Tier 1,Mid (3-6 yrs),Full-Time,On-Site,31.7,"Agile, SQL, JIRA",B.Com + Certification,1,114,4.1,2024-09-20
IND2026521,Business Analyst,CRED,Indian Unicorn,Information Technology,Remote,Remote,Junior (1-3 yrs),Full-Time,Remote,16.0,"SQL, JIRA, Agile",M.Tech/M.E.,1,53,3.5,2025-03-26
IND2026524,Data Engineer,Tech Mahindra,MNC,Media & Entertainment,Remote,Remote,Senior (6-10 yrs),Full-Time,Remote,32.2,"dbt, Airflow, ETL",B.Tech/B.E.,3,324,4.2,2024-07-15
IND2026529,Data Analyst,Tech Mahindra,MNC,Government/PSU,Bangalore,Tier 1,Fresher (0-1 yr),Full-Time,On-Site,5.2,"Power BI, SQL, Data Visualization",PhD,3,188,3.5,2024-08-27
IND2026531,Data Analyst,Tech Mahindra,MNC,Information Technology,Remote,Remote,Senior (6-10 yrs),Full-Time,On-Site,33.9,"Power BI, Statistics, Tableau, Data Visualization, SQL, Excel",MCA,1,60,4.3,2025-03-02
IND2026541,Data Engineer,Oracle,MNC,Information Technology,Remote,Remote,Mid (3-6 yrs),Full-Time,Remote,14.7,"dbt, AWS, SQL",B.Tech/B.E.,3,347,3.6,2025-12-23
IND2026550,Business Analyst,Khatabook,Startup,Information Technology,Delhi,Tier 1,Senior (6-10 yrs),Full-Time,On-Site,49.9,"Power BI, Agile, Requirements Gathering",BCA,1,73,4.0,2025-10-04
IND2026555,Data Analyst,Swiggy,Indian Unicorn,Information Technology,Chennai,Tier 1,Mid (3-6 yrs),Full-Time,On-Site,20.8,"Python, Tableau, Excel, Data Visualization",BCA,1,85,4.0,2024-09-22
IND2026556,Business Analyst,Microsoft,MNC,EdTech,Remote,Remote,Junior (1-3 yrs),Full-Time,Remote,10.1,"Requirements Gathering, Excel, SQL",B.Tech/B.E.,3,332,3.8,2024-08-05
IND2026560,Data Scientist,Darwinbox,Startup,E-Commerce,Remote,Remote,Junior (1-3 yrs),Full-Time,Remote,12.2,"TensorFlow, Python, Statistics, SQL, NLP, Machine Learning",B.Tech/B.E.,1,65,4.3,2025-06-18
IND2026565,Business Analyst,HCL Technologies,MNC,Information Technology,Remote,Remote,Senior (6-10 yrs),Full-Time,Remote,31.5,"SQL, Agile, Requirements Gathering, JIRA, Excel, Power BI",MCA,3,340,3.6,2024-11-30
IND2026567,Data Engineer,Tech Mahindra,MNC,FinTech,Remote,Remote,Junior (1-3 yrs),Full-Time,Remote,7.6,"Spark, Airflow, Python",B.Sc (CS/IT),3,340,3.6,2025-12-15
IND2026568,Business Analyst,Flipkart,Indian Unicorn,Information Technology,Remote,Remote,Senior (6-10 yrs),Full-Time,Remote,47.4,"Requirements Gathering, Agile, JIRA, SQL",MCA,10,584,3.7,2024-06-08
IND2026585,Data Analyst,Capgemini,MNC,Information Technology,Mumbai,Tier 1,Mid (3-6 yrs),Full-Time,Hybrid,15.0,"Power BI, Data Visualization, Python",M.Tech/M.E.,2,207,3.8,2025-12-26
IND2026598,Data Analyst,Lenskart,Startup,FinTech,Lucknow,Tier 2,Senior (6-10 yrs),Full-Time,Hybrid,30.6,"Power BI, Python, Statistics, SQL, Data Visualization",M.Tech/M.E.,1,109,3.5,2024-07-30
IND2026605,Data Analyst,Infosys,MNC,Information Technology,Remote,Remote,Mid (3-6 yrs),Full-Time,Hybrid,18.0,"Statistics, Power BI, Python",PhD,1,83,4.0,2025-08-20
IND2026606,Data Analyst,Zerodha,Startup,Information Technology,Mumbai,Tier 1,Mid (3-6 yrs),Full-Time,On-Site,15.8,"Data Visualization, Power BI, Tableau, Excel, Python",B.Com + Certification,2,95,4.2,2026-04-17
IND2026609,Data Analyst,Groww,Startup,Information Technology,Jaipur,Tier 2,Mid (3-6 yrs),Full-Time,Hybrid,21.1,"Tableau, Data Visualization, SQL",MBA,3,209,3.9,2025-04-23
IND2026610,Business Analyst,Meesho,Indian Unicorn,Government/PSU,Hyderabad,Tier 1,Junior (1-3 yrs),Contract,On-Site,15.3,"Power BI, Excel, SQL, Requirements Gathering",B.Tech/B.E.,2,181,3.7,2026-04-10
IND2026611,Data Analyst,NTPC,PSU/Govt,E-Commerce,Pune,Tier 1,Mid (3-6 yrs),Internship,On-Site,1.5,"Tableau, SQL, Power BI, Excel, Statistics",B.Tech/B.E.,1,99,4.1,2026-04-17
IND2026612,Data Engineer,Postman,Startup,Government/PSU,Pune,Tier 1,Senior (6-10 yrs),Full-Time,Hybrid,39.1,"dbt, SQL, Airflow, Kafka, Spark, AWS",B.Tech/B.E.,2,100,4.3,2025-10-06
IND2026615,Data Analyst,Cognizant,MNC,Consulting,Pune,Tier 1,Mid (3-6 yrs),Full-Time,Hybrid,19.2,"Power BI, Statistics, Excel",B.Sc (CS/IT),1,103,3.2,2025-02-16
IND2026626,Data Scientist,Wipro,MNC,Consulting,Ahmedabad,Tier 2,Senior (6-10 yrs),Contract,On-Site,33.4,"Tableau, Pandas, Python, NLP, Deep Learning, Machine Learning",B.Tech/B.E.,3,195,3.2,2025-10-03
IND2026629,Data Analyst,Infosys,MNC,HealthTech,Delhi,Tier 1,Mid (3-6 yrs),Full-Time,Hybrid,17.5,"Python, Tableau, Statistics",M.Tech/M.E.,5,267,3.1,2025-04-06
IND2026630,Data Engineer,Darwinbox,Startup,FinTech,Nagpur,Tier 2,Fresher (0-1 yr),Full-Time,On-Site,6.5,"Spark, Airflow, ETL, AWS",M.Tech/M.E.,10,966,3.8,2025-08-16
IND2026640,Data Scientist,Capgemini,MNC,Banking & Finance,Chennai,Tier 1,Fresher (0-1 yr),Internship,On-Site,1.4,"NLP, SQL, TensorFlow, Pandas",B.Tech/B.E.,10,395,3.8,2025-06-24
IND2026668,Data Scientist,Setu,Startup,Information Technology,Remote,Remote,Lead (10+ yrs),Full-Time,Hybrid,59.4,"Python, Statistics, Machine Learning, Tableau, TensorFlow",B.Tech/B.E.,2,187,4.0,2025-11-05
IND2026674,Data Scientist,Capgemini,MNC,Information Technology,Hyderabad,Tier 1,Mid (3-6 yrs),Internship,Hybrid,2.0,"Scikit-learn, TensorFlow, NLP, Tableau",B.Sc (CS/IT),10,968,3.3,2025-12-24
IND2026678,Business Analyst,NTPC,PSU/Govt,FinTech,Delhi,Tier 1,Junior (1-3 yrs),Full-Time,Hybrid,6.1,"Requirements Gathering, Excel, Power BI",B.Tech/B.E.,1,33,4.2,2024-07-30
IND2026684,Data Engineer,Nykaa,Indian Unicorn,Information Technology,Remote,Remote,Mid (3-6 yrs),Full-Time,Remote,19.6,"Python, Kafka, dbt, ETL, SQL",MBA,5,543,3.4,2026-04-19
IND2026687,Business Analyst,Wipro,MNC,Manufacturing,Chandigarh,Tier 2,Mid (3-6 yrs),Full-Time,On-Site,17.8,"Requirements Gathering, Excel, SQL, Power BI",MBA,10,1192,3.9,2025-01-22
IND2026697,Data Analyst,ONGC,PSU/Govt,Banking & Finance,Mumbai,Tier 1,Lead (10+ yrs),Full-Time,On-Site,21.3,"Python, Power BI, Data Visualization",B.Sc (CS/IT),2,156,3.0,2026-02-25
IND2026711,Data Scientist,Meesho,Indian Unicorn,FinTech,Remote,Remote,Junior (1-3 yrs),Full-Time,Remote,11.1,"NLP, Machine Learning, SQL, Scikit-learn",MCA,5,489,3.1,2024-12-03
IND2026721,Business Analyst,Ola,Indian Unicorn,E-Commerce,Mumbai,Tier 1,Senior (6-10 yrs),Contract,Hybrid,36.2,"Power BI, Requirements Gathering, Excel, SQL, Agile",BCA,1,47,3.5,2025-09-22
IND2026733,Business Analyst,Microsoft,MNC,FinTech,Pune,Tier 1,Lead (10+ yrs),Contract,On-Site,53.3,"Power BI, Agile, SQL",M.Tech/M.E.,3,316,3.9,2025-10-15
IND2026739,Data Analyst,Cognizant,MNC,HealthTech,Remote,Remote,Fresher (0-1 yr),Full-Time,Remote,4.9,"SQL, Data Visualization, Power BI, Excel, Statistics",B.Tech/B.E.,3,269,4.0,2024-08-20
IND2026749,Data Analyst,Accenture,MNC,FinTech,Mumbai,Tier 1,Senior (6-10 yrs),Full-Time,Hybrid,27.4,"Data Visualization, Excel, SQL, Tableau, Power BI, Python",B.Sc (CS/IT),2,235,4.0,2024-12-26
IND2026752,Business Analyst,Byju's,Indian Unicorn,Information Technology,Remote,Remote,Fresher (0-1 yr),Full-Time,Remote,5.3,"Power BI, Excel, Agile",B.Tech/B.E.,1,68,2.8,2024-07-15
IND2026754,Business Analyst,Tech Mahindra,MNC,E-Commerce,Hyderabad,Tier 1,Mid (3-6 yrs),Internship,Hybrid,1.3,"Excel, SQL, JIRA, Requirements Gathering, Agile",M.Tech/M.E.,3,239,3.5,2024-12-08
IND2026763,Data Analyst,Tech Mahindra,MNC,Government/PSU,Remote,Remote,Senior (6-10 yrs),Full-Time,Hybrid,32.3,"Statistics, Excel, Data Visualization, Tableau, Power BI, SQL",MBA,1,59,3.1,2025-03-13
IND2026769,Data Analyst,Google,MNC,Information Technology,Hyderabad,Tier 1,Mid (3-6 yrs),Full-Time,On-Site,17.2,"Python, Excel, Statistics, SQL",B.Tech/B.E.,5,335,3.5,2026-03-07
IND2026771,Business Analyst,Cisco,MNC,Information Technology,Ahmedabad,Tier 2,Mid (3-6 yrs),Full-Time,On-Site,20.3,"Power BI, JIRA, SQL",MCA,1,95,3.3,2025-04-20
IND2026785,Data Engineer,Microsoft,MNC,FinTech,Remote,Remote,Mid (3-6 yrs),Internship,Remote,1.2,"Kafka, Airflow, AWS, Spark, Python",B.Tech/B.E.,1,91,3.8,2026-04-23
IND2026788,Data Analyst,Infosys,MNC,Information Technology,Remote,Remote,Junior (1-3 yrs),Full-Time,On-Site,7.3,"SQL, Statistics, Power BI",MBA,2,222,3.2,2025-10-20
IND2026800,Data Analyst,NTPC,PSU/Govt,FinTech,Remote,Remote,Mid (3-6 yrs),Full-Time,Remote,13.9,"Python, SQL, Data Visualization, Excel, Tableau",B.Tech/B.E.,10,948,3.4,2024-12-09
IND2026803,Data Analyst,Amazon,MNC,Media & Entertainment,Remote,Remote,Junior (1-3 yrs),Contract,Remote,8.8,"Tableau, SQL, Data Visualization, Python, Excel, Statistics",B.Tech/B.E.,5,480,4.0,2025-04-15
IND2026809,Data Scientist,MakeMyTrip,Indian Unicorn,EdTech,Remote,Remote,Mid (3-6 yrs),Full-Time,Hybrid,22.2,"Tableau, TensorFlow, Scikit-learn, SQL, Machine Learning",MCA,2,161,4.3,2025-09-11
IND2026816,Data Engineer,Paytm,Indian Unicorn,Manufacturing,Lucknow,Tier 2,Fresher (0-1 yr),Full-Time,On-Site,6.7,"ETL, Python, Spark",B.Tech/B.E.,1,81,3.7,2025-11-13
IND2026817,Data Engineer,Byju's,Indian Unicorn,EdTech,Jaipur,Tier 2,Fresher (0-1 yr),Full-Time,Hybrid,8.1,"Airflow, AWS, Spark",B.Sc (CS/IT),1,97,4.0,2024-06-22
IND2026821,Business Analyst,Ola,Indian Unicorn,E-Commerce,Hyderabad,Tier 1,Mid (3-6 yrs),Internship,On-Site,2.8,"Power BI, SQL, JIRA, Excel, Requirements Gathering",B.Tech/B.E.,10,1084,3.0,2025-07-25
IND2026824,Business Analyst,Khatabook,Startup,Information Technology,Remote,Remote,Lead (10+ yrs),Internship,Remote,2.6,"Agile, Power BI, Excel, SQL, Requirements Gathering, JIRA",B.Tech/B.E.,3,315,4.0,2025-05-23
IND2026852,Data Engineer,Razorpay,Indian Unicorn,Retail,Hyderabad,Tier 1,Junior (1-3 yrs),Full-Time,On-Site,15.1,"SQL, Kafka, Python",BCA,3,343,3.3,2025-03-31
IND2026867,Data Analyst,Flipkart,Indian Unicorn,E-Commerce,Pune,Tier 1,Lead (10+ yrs),Contract,On-Site,59.1,"Excel, SQL, Tableau, Power BI, Statistics",B.Tech/B.E.,3,270,3.8,2025-03-22
IND2026869,Data Scientist,Dream11,Indian Unicorn,Information Technology,Hyderabad,Tier 1,Senior (6-10 yrs),Full-Time,Hybrid,59.4,"TensorFlow, Statistics, Python",B.Sc (CS/IT),1,101,4.3,2024-12-16
IND2026872,Data Analyst,Accenture,MNC,HealthTech,Remote,Remote,Lead (10+ yrs),Full-Time,Remote,54.9,"Statistics, Data Visualization, Python, Tableau, Power BI",B.Tech/B.E.,1,98,4.2,2025-02-12
IND2026875,Data Analyst,Hasura,Startup,Information Technology,Bhubaneswar,Tier 2,Junior (1-3 yrs),Internship,Hybrid,2.3,"Excel, SQL, Data Visualization, Statistics, Python, Tableau",B.Tech/B.E.,1,74,4.1,2026-03-12
IND2026886,Data Scientist,Nykaa,Indian Unicorn,Banking & Finance,Hyderabad,Tier 1,Junior (1-3 yrs),Part-Time,On-Site,10.0,"Deep Learning, Pandas, TensorFlow, Statistics, Machine Learning, Tableau",M.Tech/M.E.,1,54,4.0,2025-07-29
IND2026898,Data Scientist,Freshworks,Indian Unicorn,Consulting,Hyderabad,Tier 1,Junior (1-3 yrs),Full-Time,On-Site,13.9,"Deep Learning, Statistics, Python, Tableau, Pandas, SQL",MBA,10,282,3.6,2024-11-11
IND2026915,Business Analyst,Cognizant,MNC,Media & Entertainment,Remote,Remote,Junior (1-3 yrs),Internship,Hybrid,1.5,"JIRA, Power BI, SQL, Agile",BCA,2,162,4.0,2025-10-29
IND2026925,Data Scientist,Amazon,MNC,Information Technology,Bangalore,Tier 1,Junior (1-3 yrs),Full-Time,On-Site,8.8,"SQL, Scikit-learn, Python, Deep Learning",B.Tech/B.E.,5,287,4.3,2025-02-16
IND2026936,Data Analyst,Infosys,MNC,EdTech,Pune,Tier 1,Fresher (0-1 yr),Full-Time,On-Site,4.6,"Excel, Statistics, Python, Power BI, SQL",B.Tech/B.E.,3,286,3.8,2024-12-24
IND2026939,Data Analyst,Oracle,MNC,Information Technology,Jaipur,Tier 2,Fresher (0-1 yr),Internship,On-Site,2.6,"Tableau, Statistics, Data Visualization, SQL",BCA,1,95,3.3,2026-04-25
IND2026950,Data Analyst,ONGC,PSU/Govt,E-Commerce,Mumbai,Tier 1,Mid (3-6 yrs),Full-Time,On-Site,9.3,"Data Visualization, Excel, Python, Tableau",MBA,3,262,4.2,2025-10-15
IND2026952,Data Analyst,Cisco,MNC,Media & Entertainment,Coimbatore,Tier 2,Junior (1-3 yrs),Full-Time,On-Site,10.1,"SQL, Data Visualization, Excel, Python, Power BI, Tableau",B.Tech/B.E.,20,1148,3.4,2025-07-31
IND2026957,Data Analyst,Khatabook,Startup,Information Technology,Pune,Tier 1,Fresher (0-1 yr),Contract,On-Site,5.6,"Power BI, Python, Excel, Tableau",B.Tech/B.E.,5,594,3.3,2025-04-08
IND2026964,Data Analyst,Paytm,Indian Unicorn,Media & Entertainment,Delhi,Tier 1,Junior (1-3 yrs),Contract,On-Site,12.9,"Statistics, Tableau, SQL, Power BI",B.Tech/B.E.,1,115,4.0,2026-04-04
IND2026965,Data Scientist,Groww,Startup,Manufacturing,Nagpur,Tier 2,Senior (6-10 yrs),Full-Time,On-Site,47.5,"Pandas, Deep Learning, NLP, Scikit-learn, Statistics",MCA,1,112,4.2,2025-07-10
IND2026966,Business Analyst,Byju's,Indian Unicorn,EdTech,Pune,Tier 1,Lead (10+ yrs),Contract,Hybrid,59.9,"Agile, Power BI, Requirements Gathering, JIRA, Excel",B.Tech/B.E.,1,116,3.9,2025-11-10
IND2026973,Data Analyst,Deloitte,MNC,Information Technology,Remote,Remote,Mid (3-6 yrs),Full-Time,Remote,18.0,"Statistics, Power BI, Tableau, Data Visualization",M.Tech/M.E.,5,525,3.4,2025-02-05
IND2026974,Data Engineer,NTPC,PSU/Govt,E-Commerce,Bangalore,Tier 1,Mid (3-6 yrs),Full-Time,Hybrid,10.4,"Spark, ETL, Python, Kafka",M.Tech/M.E.,1,99,3.9,2025-03-28
IND2026977,Data Analyst,Oracle,MNC,EdTech,Remote,Remote,Junior (1-3 yrs),Full-Time,Remote,9.3,"Power BI, Statistics, Excel, SQL, Data Visualization",M.Tech/M.E.,2,159,3.2,2024-09-11
IND2026984,Data Scientist,Zerodha,Startup,E-Commerce,Mumbai,Tier 1,Lead (10+ yrs),Contract,On-Site,60.3,"Deep Learning, Pandas, Scikit-learn, Python",MCA,10,699,4.1,2025-02-10
IND2026991,Data Analyst,MakeMyTrip,Indian Unicorn,Information Technology,Chennai,Tier 1,Junior (1-3 yrs),Full-Time,Hybrid,10.5,"Excel, SQL, Python, Data Visualization",B.Tech/B.E.,2,112,3.9,2025-06-06
IND2026995,Data Scientist,IBM,MNC,Banking & Finance,Hyderabad,Tier 1,Senior (6-10 yrs),Internship,Hybrid,2.4,"Scikit-learn, Python, TensorFlow, Statistics",MCA,1,66,4.0,2026-03-15
IND2027012,Data Engineer,Setu,Startup,Information Technology,Bangalore,Tier 1,Mid (3-6 yrs),Internship,On-Site,0.9,"dbt, SQL, AWS, Kafka, Spark",BCA,5,568,3.8,2024-11-13
IND2027017,Data Scientist,Meesho,Indian Unicorn,E-Commerce,Mumbai,Tier 1,Senior (6-10 yrs),Part-Time,On-Site,66.8,"Deep Learning, Tableau, Machine Learning",B.Com + Certification,2,208,3.3,2026-01-20
IND2027018,Data Engineer,Urban Company,Startup,Information Technology,Chandigarh,Tier 2,Fresher (0-1 yr),Contract,Hybrid,4.4,"Kafka, dbt, ETL, Python, Airflow, AWS",BCA,5,399,4.1,2024-12-17
IND2027029,Data Engineer,Zomato,Indian Unicorn,Information Technology,Remote,Remote,Mid (3-6 yrs),Full-Time,Remote,25.9,"dbt, AWS, Spark",M.Tech/M.E.,3,112,3.0,2025-05-09
IND2027031,Business Analyst,Infosys,MNC,Information Technology,Kochi,Tier 2,Junior (1-3 yrs),Full-Time,On-Site,9.9,"Power BI, Requirements Gathering, SQL, Excel, Agile, JIRA",MCA,1,108,3.1,2025-05-10
IND2027034,Data Scientist,Oracle,MNC,FinTech,Remote,Remote,Mid (3-6 yrs),Full-Time,Remote,22.1,"NLP, SQL, TensorFlow",BCA,1,68,4.2,2024-06-17
IND2027036,Data Scientist,Microsoft,MNC,Banking & Finance,Remote,Remote,Lead (10+ yrs),Part-Time,Remote,53.6,"Machine Learning, Pandas, Statistics",B.Tech/B.E.,5,174,4.1,2025-07-12
IND2027046,Data Engineer,Swiggy,Indian Unicorn,EdTech,Nagpur,Tier 2,Fresher (0-1 yr),Full-Time,On-Site,5.8,"AWS, ETL, Spark, dbt, Kafka, Python",M.Tech/M.E.,2,188,4.2,2024-10-15
IND2027050,Data Analyst,Byju's,Indian Unicorn,E-Commerce,Kochi,Tier 2,Mid (3-6 yrs),Full-Time,Hybrid,23.6,"Python, Data Visualization, Statistics",M.Tech/M.E.,1,80,4.2,2025-08-19
IND2027066,Business Analyst,Cognizant,MNC,Information Technology,Pune,Tier 1,Fresher (0-1 yr),Full-Time,On-Site,4.5,"SQL, Agile, Power BI, Excel, JIRA",MCA,2,237,3.6,2025-09-28
IND2027067,Data Engineer,HCL Technologies,MNC,E-Commerce,Indore,Tier 2,Senior (6-10 yrs),Full-Time,On-Site,29.4,"Airflow, Python, AWS, Spark, SQL, Kafka",B.Tech/B.E.,3,185,3.4,2024-11-29
IND2027070,Business Analyst,Capgemini,MNC,Information Technology,Remote,Remote,Mid (3-6 yrs),Full-Time,Remote,20.0,"Requirements Gathering, Agile, JIRA, Excel",M.Tech/M.E.,5,535,3.5,2024-12-16
IND2027083,Data Scientist,Accenture,MNC,FinTech,Nagpur,Tier 2,Senior (6-10 yrs),Full-Time,Hybrid,47.3,"Scikit-learn, NLP, Statistics, Tableau",BCA,15,449,3.7,2026-02-25
IND2027085,Business Analyst,Cognizant,MNC,Banking & Finance,Remote,Remote,Senior (6-10 yrs),Full-Time,Remote,32.4,"Excel, Requirements Gathering, SQL",B.Tech/B.E.,1,112,3.7,2025-10-04
IND2027094,Data Engineer,Oracle,MNC,FinTech,Remote,Remote,Mid (3-6 yrs),Full-Time,On-Site,16.4,"Spark, AWS, Airflow, Python, dbt, SQL",MCA,2,45,3.9,2024-08-15
IND2027107,Data Engineer,Swiggy,Indian Unicorn,Banking & Finance,Remote,Remote,Junior (1-3 yrs),Part-Time,Remote,15.6,"dbt, Airflow, Kafka",M.Tech/M.E.,5,267,3.7,2025-12-06
IND2027108,Business Analyst,Darwinbox,Startup,HealthTech,Remote,Remote,Mid (3-6 yrs),Full-Time,Remote,18.7,"SQL, JIRA, Power BI, Excel",B.Tech/B.E.,10,922,3.8,2026-04-16
IND2027111,Business Analyst,Accenture,MNC,HealthTech,Remote,Remote,Lead (10+ yrs),Full-Time,On-Site,48.5,"Agile, JIRA, Requirements Gathering",M.Tech/M.E.,2,224,3.7,2026-03-20
IND2027118,Data Analyst,Accenture,MNC,Banking & Finance,Remote,Remote,Junior (1-3 yrs),Full-Time,On-Site,7.5,"Power BI, SQL, Statistics, Python, Tableau, Excel",BCA,1,113,4.0,2025-07-21
IND2027128,Data Analyst,HCL Technologies,MNC,Information Technology,Remote,Remote,Mid (3-6 yrs),Full-Time,Remote,21.5,"Statistics, Data Visualization, Power BI",B.Tech/B.E.,5,534,4.0,2025-03-25
IND2027138,Business Analyst,Freshworks,Indian Unicorn,Information Technology,Lucknow,Tier 2,Junior (1-3 yrs),Internship,On-Site,2.4,"Requirements Gathering, Agile, Power BI",B.Com + Certification,1,109,3.2,2025-12-20
IND2027142,Data Engineer,Zoho,Indian Unicorn,Information Technology,Remote,Remote,Junior (1-3 yrs),Full-Time,On-Site,13.8,"Kafka, Spark, SQL, Python, Airflow, ETL",BCA,1,52,3.4,2024-08-13
IND2027147,Data Engineer,Microsoft,MNC,Information Technology,Pune,Tier 1,Junior (1-3 yrs),Internship,On-Site,2.4,"ETL, Python, AWS, Kafka",B.Tech/B.E.,1,110,3.5,2025-07-11
IND2027148,Data Scientist,Khatabook,Startup,HealthTech,Remote,Remote,Junior (1-3 yrs),Full-Time,On-Site,13.1,"Statistics, TensorFlow, SQL, Pandas",M.Tech/M.E.,5,140,3.8,2024-10-06
IND2027163,Data Analyst,Amazon,MNC,Manufacturing,Kochi,Tier 2,Mid (3-6 yrs),Full-Time,Hybrid,21.0,"Data Visualization, Python, Tableau, Power BI",MCA,1,111,4.2,2026-01-10
IND2027165,Data Engineer,Postman,Startup,FinTech,Remote,Remote,Junior (1-3 yrs),Full-Time,Remote,15.0,"Airflow, ETL, SQL, Python, Kafka, AWS",B.Tech/B.E.,5,374,3.9,2025-03-08
IND2027171,Data Engineer,HCL Technologies,MNC,EdTech,Kochi,Tier 2,Fresher (0-1 yr),Contract,Hybrid,4.1,"ETL, Airflow, SQL, Kafka",MCA,2,183,2.9,2026-04-20
IND2027175,Data Analyst,Dream11,Indian Unicorn,HealthTech,Hyderabad,Tier 1,Mid (3-6 yrs),Full-Time,On-Site,28.7,"Excel, Data Visualization, Power BI",B.Tech/B.E.,1,60,4.1,2026-01-15
IND2027183,Data Scientist,Infosys,MNC,EdTech,Lucknow,Tier 2,Mid (3-6 yrs),Full-Time,On-Site,19.4,"Statistics, Deep Learning, Python, SQL",B.Sc (CS/IT),2,179,3.1,2025-08-07
IND2027189,Data Analyst,Accenture,MNC,HealthTech,Coimbatore,Tier 2,Fresher (0-1 yr),Part-Time,Hybrid,5.4,"Data Visualization, Tableau, Statistics, Python, Excel",B.Tech/B.E.,5,327,3.8,2024-07-21
IND2027202,Business Analyst,Wipro,MNC,Consulting,Remote,Remote,Fresher (0-1 yr),Contract,On-Site,4.9,"Requirements Gathering, Agile, Power BI",PhD,3,275,4.2,2024-06-19
IND2027207,Business Analyst,Tech Mahindra,MNC,FinTech,Delhi,Tier 1,Fresher (0-1 yr),Full-Time,On-Site,6.0,"Power BI, JIRA, Excel, SQL",B.Tech/B.E.,2,101,3.8,2024-06-14
IND2027208,Data Analyst,Khatabook,Startup,Consulting,Mumbai,Tier 1,Junior (1-3 yrs),Full-Time,On-Site,10.1,"Statistics, Power BI, SQL, Data Visualization, Python, Tableau",M.Tech/M.E.,3,144,3.8,2026-02-28
IND2027211,Data Analyst,ONGC,PSU/Govt,Consulting,Hyderabad,Tier 1,Senior (6-10 yrs),Full-Time,On-Site,18.9,"Tableau, Excel, Python, Power BI",B.Sc (CS/IT),1,97,3.8,2026-02-21
IND2027213,Data Engineer,TCS,MNC,Manufacturing,Bhubaneswar,Tier 2,Junior (1-3 yrs),Full-Time,On-Site,12.8,"ETL, SQL, dbt",MCA,2,160,3.4,2026-01-14
IND2027217,Data Engineer,Cognizant,MNC,FinTech,Pune,Tier 1,Mid (3-6 yrs),Full-Time,Hybrid,16.4,"Airflow, ETL, dbt, SQL, Spark, Kafka",B.Tech/B.E.,3,338,3.8,2026-03-27
IND2027219,Data Scientist,Paytm,Indian Unicorn,HealthTech,Bhubaneswar,Tier 2,Fresher (0-1 yr),Full-Time,On-Site,7.1,"Python, Statistics, SQL, Tableau, TensorFlow, Scikit-learn",MCA,1,91,2.6,2025-11-26
IND2027220,Data Engineer,Khatabook,Startup,Information Technology,Chandigarh,Tier 2,Lead (10+ yrs),Part-Time,Hybrid,68.9,"Airflow, Spark, Kafka, ETL, AWS",B.Sc (CS/IT),2,202,4.2,2025-12-05
IND2027222,Data Scientist,Postman,Startup,E-Commerce,Remote,Remote,Senior (6-10 yrs),Full-Time,Remote,36.1,"Python, TensorFlow, SQL, Machine Learning, Scikit-learn, Statistics",B.Tech/B.E.,15,665,3.9,2025-12-06
IND2027226,Data Analyst,Zomato,Indian Unicorn,Information Technology,Remote,Remote,Mid (3-6 yrs),Full-Time,Hybrid,21.9,"SQL, Excel, Python, Statistics, Tableau",B.Tech/B.E.,3,299,3.8,2025-01-25
IND2027233,Data Scientist,Tech Mahindra,MNC,FinTech,Hyderabad,Tier 1,Lead (10+ yrs),Contract,On-Site,76.2,"Scikit-learn, Pandas, Machine Learning, Statistics, NLP",M.Tech/M.E.,1,71,3.3,2025-05-31
IND2027243,Data Scientist,Zomato,Indian Unicorn,Manufacturing,Remote,Remote,Fresher (0-1 yr),Full-Time,Remote,11.7,"Machine Learning, Scikit-learn, Pandas, Statistics",B.Sc (CS/IT),1,106,3.9,2024-11-04
IND2027244,Data Analyst,Slice,Startup,E-Commerce,Chennai,Tier 1,Lead (10+ yrs),Internship,Hybrid,2.5,"Tableau, Statistics, Power BI, Excel, Python, SQL",MBA,2,220,3.6,2026-02-27
IND2027260,Data Analyst,Deloitte,MNC,E-Commerce,Remote,Remote,Fresher (0-1 yr),Full-Time,Hybrid,5.7,"Data Visualization, Python, Statistics, Excel, Tableau, SQL",MCA,2,159,3.8,2025-09-10
IND2027262,Data Scientist,Zerodha,Startup,Information Technology,Remote,Remote,Junior (1-3 yrs),Contract,Hybrid,16.4,"Deep Learning, NLP, SQL, Machine Learning, Python, TensorFlow",B.Sc (CS/IT),10,567,3.5,2024-11-11
IND2027264,Data Analyst,Cisco,MNC,Manufacturing,Bhubaneswar,Tier 2,Fresher (0-1 yr),Full-Time,Hybrid,5.3,"SQL, Power BI, Tableau",B.Tech/B.E.,1,82,3.5,2026-01-30
IND2027274,Business Analyst,NTPC,PSU/Govt,Manufacturing,Kolkata,Tier 2,Mid (3-6 yrs),Full-Time,Hybrid,13.8,"Excel, Power BI, Agile, Requirements Gathering, JIRA, SQL",B.Tech/B.E.,1,103,3.7,2026-01-12
IND2027295,Business Analyst,Chargebee,Startup,Information Technology,Remote,Remote,Senior (6-10 yrs),Full-Time,On-Site,26.7,"Excel, JIRA, Agile",B.Tech/B.E.,1,118,3.1,2024-06-03
IND2027296,Business Analyst,ISRO,PSU/Govt,FinTech,Bangalore,Tier 1,Senior (6-10 yrs),Full-Time,Hybrid,15.7,"SQL, Agile, Excel, Requirements Gathering, Power BI",M.Tech/M.E.,3,324,3.5,2025-09-28
IND2027298,Data Analyst,HCL Technologies,MNC,Information Technology,Pune,Tier 1,Junior (1-3 yrs),Full-Time,On-Site,7.7,"Statistics, Data Visualization, Tableau, SQL",B.Tech/B.E.,10,1160,3.5,2026-01-18
IND2027299,Data Analyst,Deloitte,MNC,HealthTech,Bangalore,Tier 1,Lead (10+ yrs),Part-Time,On-Site,51.6,"Statistics, Python, Power BI, Data Visualization, Excel, SQL",MBA,2,229,3.2,2025-04-19
IND2027302,Data Scientist,CRED,Indian Unicorn,Information Technology,Remote,Remote,Junior (1-3 yrs),Full-Time,On-Site,14.9,"Pandas, NLP, TensorFlow",B.Com + Certification,1,46,3.3,2025-12-20
IND2027317,Data Engineer,InMobi,Startup,Consulting,Remote,Remote,Junior (1-3 yrs),Full-Time,Remote,10.6,"Airflow, Python, Kafka, SQL, Spark, AWS",M.Tech/M.E.,2,115,4.2,2024-09-04
IND2027324,Data Engineer,Deloitte,MNC,Information Technology,Hyderabad,Tier 1,Fresher (0-1 yr),Full-Time,Hybrid,5.9,"SQL, Kafka, Airflow",B.Tech/B.E.,20,2263,3.2,2024-09-16
IND2027333,Data Analyst,ONGC,PSU/Govt,Information Technology,Remote,Remote,Mid (3-6 yrs),Internship,Remote,3.3,"Data Visualization, SQL, Tableau",M.Tech/M.E.,2,236,4.0,2024-09-28
IND2027334,Data Analyst,Infosys,MNC,Manufacturing,Hyderabad,Tier 1,Fresher (0-1 yr),Full-Time,On-Site,4.2,"Statistics, Python, SQL, Data Visualization, Excel, Tableau",B.Tech/B.E.,5,568,4.1,2025-01-22
IND2027339,Data Engineer,HCL Technologies,MNC,EdTech,Pune,Tier 1,Junior (1-3 yrs),Full-Time,Hybrid,9.3,"AWS, Python, dbt",B.Tech/B.E.,1,79,3.7,2025-03-19
IND2027346,Data Scientist,Urban Company,Startup,Consulting,Mumbai,Tier 1,Mid (3-6 yrs),Full-Time,On-Site,26.8,"Scikit-learn, Deep Learning, NLP, Pandas, Machine Learning",BCA,5,544,3.0,2026-04-24
IND2027353,Data Analyst,Chargebee,Startup,Banking & Finance,Remote,Remote,Senior (6-10 yrs),Contract,Remote,46.7,"Power BI, SQL, Statistics, Excel, Python, Tableau",B.Tech/B.E.,3,348,4.3,2024-08-04
IND2027361,Data Scientist,Accenture,MNC,FinTech,Indore,Tier 2,Mid (3-6 yrs),Contract,Hybrid,20.5,"Tableau, Deep Learning, Pandas, Statistics, Machine Learning",B.Tech/B.E.,2,122,4.3,2025-08-28
IND2027369,Data Analyst,Deloitte,MNC,Banking & Finance,Remote,Remote,Senior (6-10 yrs),Full-Time,On-Site,35.7,"Excel, SQL, Python, Tableau, Statistics",B.Sc (CS/IT),1,111,3.4,2025-03-31
IND2027390,Business Analyst,Flipkart,Indian Unicorn,Manufacturing,Indore,Tier 2,Senior (6-10 yrs),Full-Time,Hybrid,42.3,"SQL, Power BI, JIRA, Requirements Gathering, Agile, Excel",B.Tech/B.E.,1,99,3.7,2026-04-01
IND2027396,Data Engineer,HAL,PSU/Govt,E-Commerce,Kolkata,Tier 2,Lead (10+ yrs),Full-Time,Hybrid,21.5,"Kafka, Python, ETL, AWS, dbt, Spark",B.Com + Certification,15,1786,2.9,2024-08-09
IND2027397,Data Scientist,Khatabook,Startup,Manufacturing,Remote,Remote,Fresher (0-1 yr),Full-Time,Remote,5.1,"NLP, Scikit-learn, Statistics, Machine Learning",B.Tech/B.E.,5,317,3.9,2025-12-03
IND2027404,Data Scientist,Microsoft,MNC,Manufacturing,Kolkata,Tier 2,Senior (6-10 yrs),Full-Time,On-Site,41.4,"Deep Learning, Python, NLP, SQL, Machine Learning",B.Tech/B.E.,3,95,4.2,2024-09-27
IND2027406,Data Analyst,Zerodha,Startup,Information Technology,Remote,Remote,Mid (3-6 yrs),Full-Time,Remote,19.5,"SQL, Statistics, Tableau",MCA,1,84,3.9,2025-02-11
IND2027422,Business Analyst,Postman,Startup,Information Technology,Pune,Tier 1,Fresher (0-1 yr),Full-Time,Hybrid,6.5,"Excel, Power BI, Agile, JIRA",B.Tech/B.E.,1,76,3.8,2025-07-17
IND2027423,Business Analyst,Tech Mahindra,MNC,Information Technology,Remote,Remote,Junior (1-3 yrs),Internship,Hybrid,2.0,"Requirements Gathering, Excel, Agile, Power BI, SQL",B.Sc (CS/IT),2,156,3.9,2024-10-07
IND2027427,Data Engineer,Khatabook,Startup,Information Technology,Remote,Remote,Junior (1-3 yrs),Full-Time,On-Site,14.5,"Kafka, ETL, AWS, SQL",B.Tech/B.E.,1,63,3.2,2024-11-07
IND2027433,Data Analyst,Nykaa,Indian Unicorn,FinTech,Remote,Remote,Fresher (0-1 yr),Full-Time,Remote,6.7,"Data Visualization, Python, Power BI",M.Tech/M.E.,10,1008,4.3,2024-07-14
IND2027437,Data Scientist,PhonePe,Indian Unicorn,Consulting,Bangalore,Tier 1,Mid (3-6 yrs),Full-Time,On-Site,26.4,"TensorFlow, Deep Learning, Pandas, SQL, NLP, Tableau",B.Tech/B.E.,1,64,3.6,2024-09-09
IND2027440,Business Analyst,Khatabook,Startup,FinTech,Chandigarh,Tier 2,Lead (10+ yrs),Internship,Hybrid,3.1,"Requirements Gathering, Power BI, Excel, JIRA",B.Tech/B.E.,5,591,3.2,2025-04-29
IND2027444,Data Analyst,Wipro,MNC,HealthTech,Delhi,Tier 1,Mid (3-6 yrs),Full-Time,On-Site,17.5,"SQL, Statistics, Python",B.Com + Certification,2,187,2.8,2025-10-07
IND2027446,Data Analyst,Wipro,MNC,Information Technology,Hyderabad,Tier 1,Fresher (0-1 yr),Contract,Hybrid,4.6,"Power BI, SQL, Excel, Statistics, Python",B.Tech/B.E.,2,182,2.9,2025-11-17
IND2027449,Data Scientist,Oracle,MNC,E-Commerce,Delhi,Tier 1,Fresher (0-1 yr),Full-Time,Hybrid,5.6,"Statistics, SQL, Python, Tableau, NLP",B.Com + Certification,10,573,2.6,2025-10-25
IND2027451,Data Scientist,BHEL,PSU/Govt,Information Technology,Bhubaneswar,Tier 2,Lead (10+ yrs),Part-Time,Hybrid,35.9,"Machine Learning, Deep Learning, SQL",B.Tech/B.E.,1,101,4.1,2026-01-23
IND2027467,Data Scientist,Slice,Startup,FinTech,Remote,Remote,Mid (3-6 yrs),Full-Time,Remote,17.6,"SQL, NLP, Pandas, Statistics",B.Tech/B.E.,2,158,3.4,2025-12-06
IND2027473,Data Engineer,Cisco,MNC,Banking & Finance,Remote,Remote,Junior (1-3 yrs),Part-Time,On-Site,10.7,"SQL, ETL, dbt, Airflow, Python",M.Tech/M.E.,3,238,3.5,2024-10-19
IND2027475,Data Analyst,Google,MNC,Consulting,Remote,Remote,Lead (10+ yrs),Full-Time,Remote,64.7,"Python, Statistics, Power BI, Data Visualization",B.Tech/B.E.,5,440,3.3,2025-03-07
IND2027477,Business Analyst,MakeMyTrip,Indian Unicorn,FinTech,Remote,Remote,Fresher (0-1 yr),Full-Time,Remote,8.2,"JIRA, SQL, Excel, Requirements Gathering, Power BI, Agile",MCA,20,771,3.3,2025-01-09
IND2027479,Business Analyst,Hasura,Startup,Information Technology,Hyderabad,Tier 1,Mid (3-6 yrs),Full-Time,On-Site,24.0,"SQL, Requirements Gathering, Power BI",MBA,3,211,4.2,2024-08-28
IND2027480,Data Analyst,Setu,Startup,Manufacturing,Remote,Remote,Mid (3-6 yrs),Internship,Remote,2.1,"Data Visualization, Excel, Tableau, Statistics, Power BI, Python",MBA,2,22,3.4,2025-06-27
IND2027488,Data Analyst,Fi Money,Startup,FinTech,Hyderabad,Tier 1,Senior (6-10 yrs),Full-Time,Hybrid,40.1,"Python, Statistics, Data Visualization, Tableau, Excel, Power BI",BCA,10,401,3.2,2024-11-24
IND2027495,Data Engineer,Infosys,MNC,Gaming,Remote,Remote,Junior (1-3 yrs),Full-Time,Remote,9.6,"Airflow, ETL, SQL, dbt, Spark, AWS",MCA,5,350,4.0,2026-03-10
IND2027513,Data Scientist,Ola,Indian Unicorn,E-Commerce,Remote,Remote,Lead (10+ yrs),Full-Time,On-Site,83.0,"NLP, Statistics, Scikit-learn, TensorFlow",B.Tech/B.E.,1,63,3.5,2025-04-11
IND2027521,Data Scientist,Meesho,Indian Unicorn,Manufacturing,Bhubaneswar,Tier 2,Mid (3-6 yrs),Full-Time,Hybrid,23.0,"NLP, Python, Tableau, Statistics, Deep Learning, Pandas",B.Tech/B.E.,5,436,2.9,2026-02-21
IND2027528,Business Analyst,Infosys,MNC,Consulting,Pune,Tier 1,Mid (3-6 yrs),Full-Time,On-Site,12.8,"Requirements Gathering, Agile, Power BI, Excel, SQL, JIRA",M.Tech/M.E.,3,191,3.9,2025-01-27
IND2027533,Data Analyst,Accenture,MNC,Information Technology,Bangalore,Tier 1,Lead (10+ yrs),Contract,On-Site,40.8,"Python, Tableau, Statistics",M.Tech/M.E.,2,153,2.9,2025-01-24
IND2027539,Business Analyst,Slice,Startup,Manufacturing,Bangalore,Tier 1,Senior (6-10 yrs),Full-Time,On-Site,43.8,"Agile, Excel, Power BI, SQL",BCA,1,86,2.9,2024-10-30
IND2027545,Data Analyst,Zomato,Indian Unicorn,Information Technology,Remote,Remote,Senior (6-10 yrs),Full-Time,Remote,44.5,"Power BI, Tableau, Statistics, SQL, Excel, Data Visualization",B.Tech/B.E.,3,162,4.0,2025-06-19
IND2027556,Data Analyst,HCL Technologies,MNC,Manufacturing,Remote,Remote,Mid (3-6 yrs),Full-Time,Remote,18.0,"Tableau, Statistics, SQL, Power BI",B.Sc (CS/IT),10,649,3.2,2024-12-19
IND2027559,Business Analyst,Wipro,MNC,Information Technology,Remote,Remote,Junior (1-3 yrs),Full-Time,Remote,9.6,"JIRA, Excel, Power BI, SQL, Requirements Gathering, Agile",B.Tech/B.E.,3,352,4.3,2024-08-19
IND2027568,Data Analyst,Byju's,Indian Unicorn,Information Technology,Chennai,Tier 1,Senior (6-10 yrs),Full-Time,On-Site,52.3,"Tableau, Python, Excel, Power BI, SQL, Statistics",BCA,3,299,3.9,2025-12-01
IND2027571,Business Analyst,Setu,Startup,Banking & Finance,Hyderabad,Tier 1,Junior (1-3 yrs),Internship,Hybrid,2.7,"Power BI, JIRA, SQL, Excel, Requirements Gathering",MCA,1,61,3.5,2026-02-22
IND2027572,Data Engineer,Wipro,MNC,Information Technology,Remote,Remote,Junior (1-3 yrs),Internship,Remote,1.5,"Kafka, ETL, Spark, SQL, dbt, AWS",M.Tech/M.E.,1,106,3.2,2025-04-13
IND2027575,Data Analyst,Wipro,MNC,Information Technology,Remote,Remote,Fresher (0-1 yr),Full-Time,Remote,5.4,"Python, Statistics, Power BI, SQL",B.Tech/B.E.,5,217,3.7,2024-08-05
IND2027578,Data Analyst,Infosys,MNC,Banking & Finance,Bangalore,Tier 1,Junior (1-3 yrs),Full-Time,Hybrid,9.0,"Data Visualization, Python, SQL, Excel, Tableau",BCA,3,192,4.3,2026-03-17
IND2027586,Data Scientist,Accenture,MNC,Information Technology,Remote,Remote,Senior (6-10 yrs),Full-Time,Remote,30.2,"Machine Learning, SQL, Deep Learning, Statistics",B.Tech/B.E.,3,106,3.6,2025-05-03
IND2027591,Data Engineer,Darwinbox,Startup,E-Commerce,Hyderabad,Tier 1,Lead (10+ yrs),Internship,On-Site,2.1,"dbt, Airflow, SQL, Kafka, AWS, ETL",B.Tech/B.E.,2,184,4.2,2024-06-05
IND2027605,Data Engineer,HAL,PSU/Govt,Information Technology,Hyderabad,Tier 1,Junior (1-3 yrs),Contract,Hybrid,6.8,"ETL, AWS, SQL, Airflow",MCA,1,88,3.9,2024-06-03
IND2027608,Business Analyst,Cisco,MNC,Gaming,Delhi,Tier 1,Mid (3-6 yrs),Full-Time,Hybrid,19.5,"Agile, JIRA, SQL, Excel, Power BI, Requirements Gathering",B.Tech/B.E.,1,105,4.1,2025-10-01
IND2027613,Data Analyst,Fi Money,Startup,Automobile,Remote,Remote,Lead (10+ yrs),Full-Time,Remote,70.3,"SQL, Python, Excel, Data Visualization, Power BI",MBA,2,187,3.9,2025-03-20
IND2027623,Data Scientist,Microsoft,MNC,Information Technology,Pune,Tier 1,Lead (10+ yrs),Full-Time,On-Site,79.2,"Python, NLP, Deep Learning, Scikit-learn",B.Tech/B.E.,2,171,3.4,2024-11-22
IND2027624,Data Engineer,Cognizant,MNC,HealthTech,Mumbai,Tier 1,Fresher (0-1 yr),Contract,On-Site,4.9,"Spark, Python, ETL, Kafka, dbt, SQL",M.Tech/M.E.,5,494,3.7,2025-10-29
IND2027627,Data Scientist,HCL Technologies,MNC,Information Technology,Remote,Remote,Senior (6-10 yrs),Full-Time,Remote,41.6,"Statistics, NLP, TensorFlow, Scikit-learn, Tableau, Python",MCA,1,114,3.8,2025-12-12
IND2027635,Data Analyst,MakeMyTrip,Indian Unicorn,Banking & Finance,Chennai,Tier 1,Senior (6-10 yrs),Full-Time,Hybrid,48.4,"Tableau, Power BI, Statistics, Python",MBA,3,230,3.9,2026-03-11
IND2027643,Data Analyst,BEL,PSU/Govt,E-Commerce,Bangalore,Tier 1,Fresher (0-1 yr),Full-Time,On-Site,4.1,"Tableau, Statistics, SQL, Python, Excel, Data Visualization",B.Tech/B.E.,2,147,3.4,2024-06-04
IND2027647,Data Scientist,Darwinbox,Startup,Information Technology,Delhi,Tier 1,Senior (6-10 yrs),Full-Time,On-Site,45.6,"Machine Learning, SQL, Tableau, Deep Learning, Scikit-learn",B.Tech/B.E.,2,146,3.7,2026-03-14
IND2027660,Data Analyst,Google,MNC,Gaming,Remote,Remote,Junior (1-3 yrs),Full-Time,Remote,9.5,"Power BI, SQL, Data Visualization",M.Tech/M.E.,2,227,3.2,2024-12-08
IND2027663,Data Engineer,BSNL,PSU/Govt,HealthTech,Delhi,Tier 1,Junior (1-3 yrs),Full-Time,On-Site,7.2,"Python, ETL, dbt",B.Tech/B.E.,3,286,3.1,2025-04-04
IND2027670,Data Scientist,Ola,Indian Unicorn,Banking & Finance,Remote,Remote,Lead (10+ yrs),Full-Time,Remote,88.5,"TensorFlow, SQL, Scikit-learn, Machine Learning, Tableau",M.Tech/M.E.,1,105,3.0,2025-01-29
IND2027680,Business Analyst,Capgemini,MNC,E-Commerce,Hyderabad,Tier 1,Senior (6-10 yrs),Full-Time,Hybrid,29.5,"Excel, SQL, Requirements Gathering",M.Tech/M.E.,3,141,3.5,2025-03-24
IND2027694,Data Analyst,Setu,Startup,Gaming,Hyderabad,Tier 1,Junior (1-3 yrs),Full-Time,Hybrid,14.7,"Tableau, SQL, Power BI, Excel, Statistics",B.Tech/B.E.,3,347,4.2,2025-05-19
IND2027696,Data Scientist,Infosys,MNC,Media & Entertainment,Remote,Remote,Fresher (0-1 yr),Full-Time,On-Site,6.5,"Statistics, SQL, Tableau, Machine Learning",MCA,1,37,4.2,2026-03-11
IND2027700,Business Analyst,Postman,Startup,EdTech,Pune,Tier 1,Senior (6-10 yrs),Full-Time,On-Site,38.9,"JIRA, Agile, SQL, Excel",M.Tech/M.E.,3,257,4.0,2025-06-24
IND2027710,Data Analyst,IBM,MNC,FinTech,Pune,Tier 1,Lead (10+ yrs),Internship,Hybrid,2.2,"Statistics, Python, Tableau, SQL",M.Tech/M.E.,20,666,4.0,2024-08-09
IND2027715,Data Scientist,Dream11,Indian Unicorn,Consulting,Indore,Tier 2,Mid (3-6 yrs),Full-Time,On-Site,25.8,"Statistics, Scikit-learn, TensorFlow, Deep Learning, NLP",B.Com + Certification,1,37,3.8,2025-07-07
IND2027719,Data Engineer,Khatabook,Startup,E-Commerce,Kolkata,Tier 2,Senior (6-10 yrs),Full-Time,On-Site,27.9,"Kafka, Python, ETL, SQL",B.Tech/B.E.,2,211,3.3,2026-02-20
IND2027738,Data Scientist,Ola,Indian Unicorn,FinTech,Chennai,Tier 1,Mid (3-6 yrs),Full-Time,Hybrid,38.3,"Scikit-learn, SQL, Statistics",M.Tech/M.E.,1,72,3.0,2025-03-24
IND2027739,Data Scientist,Accenture,MNC,FinTech,Chennai,Tier 1,Senior (6-10 yrs),Full-Time,On-Site,30.3,"Statistics, TensorFlow, NLP, Python, Scikit-learn, Tableau",B.Tech/B.E.,3,101,4.1,2024-08-29
IND2027749,Data Analyst,PhonePe,Indian Unicorn,Information Technology,Bhubaneswar,Tier 2,Mid (3-6 yrs),Full-Time,Hybrid,25.7,"Python, Statistics, Data Visualization, Power BI",B.Sc (CS/IT),2,225,3.9,2026-01-08
IND2027755,Business Analyst,Wipro,MNC,FinTech,Remote,Remote,Fresher (0-1 yr),Part-Time,Remote,4.7,"Requirements Gathering, Excel, SQL, Agile",B.Tech/B.E.,2,228,3.1,2025-02-26
IND2027758,Data Engineer,Razorpay,Indian Unicorn,E-Commerce,Hyderabad,Tier 1,Lead (10+ yrs),Contract,Hybrid,77.0,"Python, Spark, dbt, Kafka, Airflow, AWS",MCA,20,1873,2.7,2024-06-23
IND2027767,Data Scientist,Tech Mahindra,MNC,FinTech,Bangalore,Tier 1,Mid (3-6 yrs),Full-Time,On-Site,18.8,"NLP, Pandas, Machine Learning, Statistics, Scikit-learn, TensorFlow",B.Tech/B.E.,1,44,4.0,2024-11-29
IND2027772,Business Analyst,Lenskart,Startup,Media & Entertainment,Hyderabad,Tier 1,Mid (3-6 yrs),Full-Time,On-Site,24.2,"Excel, Power BI, SQL",B.Tech/B.E.,1,109,3.9,2025-02-08
IND2027775,Data Scientist,Lenskart,Startup,Government/PSU,Remote,Remote,Junior (1-3 yrs),Full-Time,Remote,12.7,"Pandas, TensorFlow, Python",MCA,2,236,3.8,2024-11-07
IND2027776,Data Scientist,ONGC,PSU/Govt,Information Technology,Hyderabad,Tier 1,Fresher (0-1 yr),Full-Time,On-Site,3.8,"TensorFlow, SQL, Python",B.Tech/B.E.,2,155,3.9,2026-04-23
IND2027781,Data Engineer,Paytm,Indian Unicorn,Banking & Finance,Indore,Tier 2,Mid (3-6 yrs),Full-Time,On-Site,28.9,"Python, SQL, dbt, Kafka, ETL, Spark",B.Com + Certification,1,35,4.0,2026-01-04
IND2027788,Data Engineer,Slice,Startup,Government/PSU,Chennai,Tier 1,Junior (1-3 yrs),Part-Time,On-Site,14.5,"Spark, AWS, Airflow, SQL, ETL, Kafka",MCA,5,336,2.9,2025-07-24
IND2027792,Business Analyst,Darwinbox,Startup,EdTech,Indore,Tier 2,Mid (3-6 yrs),Contract,Hybrid,21.4,"SQL, Power BI, Requirements Gathering",MBA,1,105,3.6,2024-07-17
IND2027795,Data Analyst,ISRO,PSU/Govt,EdTech,Remote,Remote,Mid (3-6 yrs),Part-Time,Remote,11.5,"SQL, Excel, Data Visualization, Python",B.Tech/B.E.,5,277,3.9,2025-04-02
IND2027798,Data Analyst,Google,MNC,Gaming,Remote,Remote,Mid (3-6 yrs),Full-Time,Hybrid,23.6,"Data Visualization, Statistics, SQL, Tableau",B.Tech/B.E.,2,212,4.2,2024-10-08
IND2027805,Data Analyst,Zoho,Indian Unicorn,Information Technology,Nagpur,Tier 2,Senior (6-10 yrs),Full-Time,On-Site,60.7,"Excel, Python, Statistics, Tableau",B.Tech/B.E.,2,99,4.2,2025-12-06
IND2027812,Business Analyst,Cisco,MNC,Information Technology,Pune,Tier 1,Fresher (0-1 yr),Contract,On-Site,5.4,"Excel, Agile, JIRA, Power BI, SQL",B.Sc (CS/IT),1,78,3.5,2025-04-15
IND2027813,Business Analyst,Zerodha,Startup,Information Technology,Kochi,Tier 2,Lead (10+ yrs),Full-Time,Hybrid,52.8,"SQL, Agile, JIRA, Requirements Gathering",MBA,2,139,3.6,2025-04-10
IND2027814,Business Analyst,Zerodha,Startup,Information Technology,Remote,Remote,Senior (6-10 yrs),Part-Time,Remote,39.7,"Power BI, Agile, Requirements Gathering, JIRA, Excel",MBA,2,216,4.0,2024-09-13
IND2027815,Data Analyst,ISRO,PSU/Govt,Government/PSU,Ahmedabad,Tier 2,Mid (3-6 yrs),Internship,Hybrid,0.9,"Tableau, Data Visualization, Statistics, SQL, Excel",BCA,2,86,2.9,2026-01-10
IND2027819,Data Scientist,BEL,PSU/Govt,E-Commerce,Pune,Tier 1,Senior (6-10 yrs),Full-Time,Hybrid,19.3,"Statistics, Deep Learning, NLP, Machine Learning",BCA,2,191,3.4,2025-08-05
IND2027826,Business Analyst,Infosys,MNC,Banking & Finance,Remote,Remote,Junior (1-3 yrs),Full-Time,On-Site,10.8,"Agile, Excel, Requirements Gathering, JIRA, SQL",M.Tech/M.E.,20,2177,3.5,2024-09-18
IND2027830,Business Analyst,PhonePe,Indian Unicorn,E-Commerce,Remote,Remote,Junior (1-3 yrs),Full-Time,Remote,12.4,"Power BI, Agile, JIRA, Excel, Requirements Gathering, SQL",B.Tech/B.E.,1,98,3.7,2025-09-29
IND2027834,Business Analyst,IBM,MNC,HealthTech,Bangalore,Tier 1,Junior (1-3 yrs),Contract,Hybrid,9.2,"Requirements Gathering, SQL, Agile, Power BI",B.Tech/B.E.,2,153,3.9,2025-09-06
IND2027836,Data Analyst,Amazon,MNC,Consulting,Remote,Remote,Junior (1-3 yrs),Full-Time,Remote,13.5,"Tableau, Statistics, Data Visualization, Python",B.Sc (CS/IT),1,75,3.6,2025-01-28
IND2027842,Business Analyst,Slice,Startup,Manufacturing,Remote,Remote,Lead (10+ yrs),Contract,Remote,78.9,"SQL, Requirements Gathering, Power BI, Agile, JIRA, Excel",B.Tech/B.E.,5,495,4.1,2025-12-29
IND2027845,Data Scientist,Cognizant,MNC,EdTech,Remote,Remote,Junior (1-3 yrs),Full-Time,On-Site,10.6,"Deep Learning, Statistics, Python",MCA,2,72,3.6,2025-07-07
IND2027846,Business Analyst,Urban Company,Startup,Information Technology,Remote,Remote,Senior (6-10 yrs),Full-Time,Remote,44.3,"Power BI, SQL, Excel, JIRA",M.Tech/M.E.,10,739,3.6,2025-04-09
IND2027854,Data Scientist,Hasura,Startup,Information Technology,Remote,Remote,Mid (3-6 yrs),Full-Time,Remote,19.2,"Machine Learning, Statistics, Tableau, NLP, Pandas",B.Tech/B.E.,20,1675,3.0,2025-03-14
IND2027857,Data Scientist,HAL,PSU/Govt,EdTech,Bangalore,Tier 1,Fresher (0-1 yr),Internship,Hybrid,2.2,"Python, Deep Learning, Pandas",B.Tech/B.E.,1,92,3.4,2025-04-08
IND2027864,Data Scientist,Oracle,MNC,Banking & Finance,Remote,Remote,Fresher (0-1 yr),Full-Time,Hybrid,5.9,"Deep Learning, Tableau, Machine Learning, NLP",B.Tech/B.E.,1,83,3.7,2025-03-23
IND2027872,Business Analyst,Oracle,MNC,Manufacturing,Kochi,Tier 2,Mid (3-6 yrs),Full-Time,On-Site,21.7,"Requirements Gathering, Excel, Agile",BCA,3,223,3.5,2026-04-10
IND2027889,Business Analyst,Accenture,MNC,E-Commerce,Delhi,Tier 1,Junior (1-3 yrs),Full-Time,Hybrid,11.5,"Requirements Gathering, Power BI, SQL, Excel, Agile",B.Sc (CS/IT),1,42,3.7,2025-09-20
IND2027897,Data Scientist,Amazon,MNC,EdTech,Remote,Remote,Fresher (0-1 yr),Full-Time,Remote,5.5,"Python, NLP, Pandas, Scikit-learn, TensorFlow, SQL",B.Tech/B.E.,1,72,4.3,2026-04-22
IND2027898,Data Analyst,Microsoft,MNC,EdTech,Remote,Remote,Lead (10+ yrs),Part-Time,On-Site,53.3,"Statistics, Power BI, Python, Data Visualization, SQL, Tableau",BCA,1,119,4.2,2025-08-27
IND2027909,Data Engineer,InMobi,Startup,EdTech,Chennai,Tier 1,Fresher (0-1 yr),Full-Time,On-Site,5.4,"AWS, Python, dbt, Kafka, Spark, ETL",M.Tech/M.E.,2,121,3.8,2025-12-06
IND2027911,Business Analyst,Paytm,Indian Unicorn,FinTech,Pune,Tier 1,Lead (10+ yrs),Full-Time,Hybrid,46.3,"Excel, SQL, Agile, Power BI",PhD,1,108,2.8,2025-09-19
IND2027915,Data Analyst,Chargebee,Startup,Government/PSU,Pune,Tier 1,Senior (6-10 yrs),Part-Time,On-Site,41.5,"Excel, Statistics, Power BI, Data Visualization, SQL, Tableau",B.Tech/B.E.,1,114,3.9,2025-05-24
IND2027929,Data Analyst,MakeMyTrip,Indian Unicorn,Information Technology,Hyderabad,Tier 1,Mid (3-6 yrs),Full-Time,On-Site,22.9,"Excel, Tableau, Data Visualization, Python, Statistics",M.Tech/M.E.,1,92,3.3,2025-11-25
IND2027940,Data Engineer,Freshworks,Indian Unicorn,Manufacturing,Chennai,Tier 1,Mid (3-6 yrs),Full-Time,On-Site,21.5,"Spark, dbt, Airflow, AWS, SQL",B.Tech/B.E.,2,218,4.2,2026-01-28
IND2027944,Data Scientist,Urban Company,Startup,Banking & Finance,Remote,Remote,Fresher (0-1 yr),Full-Time,Remote,7.7,"Pandas, Tableau, Python, SQL, Statistics",BCA,1,76,3.6,2026-02-01
IND2027945,Business Analyst,IBM,MNC,EdTech,Mumbai,Tier 1,Fresher (0-1 yr),Full-Time,On-Site,4.2,"JIRA, Agile, Requirements Gathering, Excel",B.Tech/B.E.,3,69,2.8,2025-10-31
IND2027953,Data Analyst,Meesho,Indian Unicorn,Information Technology,Delhi,Tier 1,Mid (3-6 yrs),Full-Time,Hybrid,23.6,"Excel, Power BI, SQL, Python",MCA,5,140,4.0,2024-10-04
IND2027962,Business Analyst,Cisco,MNC,Information Technology,Mumbai,Tier 1,Junior (1-3 yrs),Full-Time,On-Site,8.9,"SQL, Agile, Excel, Power BI, JIRA, Requirements Gathering",B.Tech/B.E.,3,283,3.8,2025-12-09
IND2027965,Business Analyst,Hasura,Startup,Information Technology,Kochi,Tier 2,Senior (6-10 yrs),Internship,On-Site,2.5,"Excel, SQL, JIRA, Requirements Gathering, Power BI, Agile",B.Tech/B.E.,1,118,4.2,2025-11-20
IND2027975,Data Engineer,ISRO,PSU/Govt,EdTech,Nagpur,Tier 2,Fresher (0-1 yr),Full-Time,On-Site,3.2,"ETL, Python, Airflow, AWS, SQL, Spark",B.Tech/B.E.,5,469,3.1,2025-03-07
IND2027977,Data Scientist,Google,MNC,Information Technology,Mumbai,Tier 1,Mid (3-6 yrs),Contract,On-Site,14.9,"Deep Learning, Machine Learning, Statistics, Python",B.Tech/B.E.,3,184,3.0,2024-10-02
IND2027987,Data Engineer,Wipro,MNC,FinTech,Remote,Remote,Fresher (0-1 yr),Full-Time,Remote,5.1,"Airflow, Python, Spark, dbt, ETL, SQL",M.Tech/M.E.,3,103,3.9,2026-02-02
IND2027989,Data Engineer,Fi Money,Startup,Banking & Finance,Remote,Remote,Mid (3-6 yrs),Part-Time,Remote,25.1,"Spark, SQL, Kafka, Python, AWS",B.Tech/B.E.,2,210,3.6,2025-07-18
IND2027991,Data Analyst,ONGC,PSU/Govt,E-Commerce,Ahmedabad,Tier 2,Mid (3-6 yrs),Contract,On-Site,12.6,"Statistics, Python, Power BI, Data Visualization, Tableau",B.Tech/B.E.,1,22,3.9,2024-06-13
IND2027992,Data Engineer,Amazon,MNC,E-Commerce,Hyderabad,Tier 1,Fresher (0-1 yr),Full-Time,Hybrid,5.2,"ETL, Kafka, Python",B.Tech/B.E.,1,17,3.7,2025-07-22
IND2027994,Data Analyst,Leadsquared,Startup,Government/PSU,Delhi,Tier 1,Fresher (0-1 yr),Full-Time,Hybrid,4.9,"Power BI, SQL, Data Visualization, Python, Tableau, Excel",BCA,20,1341,3.3,2024-08-12
IND2027999,Data Analyst,BrowserStack,Startup,Manufacturing,Chandigarh,Tier 2,Junior (1-3 yrs),Full-Time,Hybrid,13.5,"Python, Statistics, Power BI",B.Tech/B.E.,3,264,3.3,2025-05-14
IND2028000,Data Engineer,Meesho,Indian Unicorn,FinTech,Pune,Tier 1,Junior (1-3 yrs),Full-Time,Hybrid,13.6,"AWS, Airflow, Kafka",B.Tech/B.E.,2,69,3.0,2024-11-01
IND2028007,Business Analyst,Microsoft,MNC,Banking & Finance,Hyderabad,Tier 1,Senior (6-10 yrs),Full-Time,Hybrid,23.6,"Requirements Gathering, SQL, Excel, JIRA, Power BI",MBA,3,259,3.5,2025-02-27
IND2028010,Data Scientist,Lenskart,Startup,HealthTech,Remote,Remote,Junior (1-3 yrs),Full-Time,Remote,13.4,"Machine Learning, SQL, NLP",PhD,10,942,3.9,2025-02-24
IND2028013,Data Scientist,Capgemini,MNC,EdTech,Remote,Remote,Junior (1-3 yrs),Full-Time,Remote,10.6,"TensorFlow, Machine Learning, Pandas, Deep Learning, NLP",M.Tech/M.E.,15,1331,4.1,2025-08-18
IND2028023,Business Analyst,Zerodha,Startup,FinTech,Mumbai,Tier 1,Lead (10+ yrs),Contract,On-Site,58.2,"Excel, Power BI, Requirements Gathering, JIRA, Agile, SQL",B.Tech/B.E.,10,1027,3.7,2024-08-03
IND2028027,Data Engineer,Fi Money,Startup,Media & Entertainment,Pune,Tier 1,Mid (3-6 yrs),Contract,Hybrid,22.1,"dbt, SQL, Spark, Python",B.Sc (CS/IT),5,274,4.2,2025-05-31
IND2028038,Data Scientist,BSNL,PSU/Govt,Information Technology,Hyderabad,Tier 1,Junior (1-3 yrs),Full-Time,Hybrid,6.6,"SQL, Statistics, Deep Learning, Python, Machine Learning, TensorFlow",M.Tech/M.E.,10,1024,4.0,2025-10-19
IND2028040,Data Engineer,Zoho,Indian Unicorn,FinTech,Remote,Remote,Senior (6-10 yrs),Internship,On-Site,2.3,"Airflow, ETL, dbt, AWS",MCA,5,399,3.5,2026-03-18
IND2028045,Data Engineer,Microsoft,MNC,Information Technology,Coimbatore,Tier 2,Senior (6-10 yrs),Full-Time,Hybrid,35.3,"Python, SQL, Kafka, Airflow",MCA,1,92,3.7,2025-07-16
IND2028050,Data Analyst,Amazon,MNC,FinTech,Remote,Remote,Mid (3-6 yrs),Full-Time,Hybrid,15.7,"Tableau, Power BI, Excel",MCA,1,49,4.2,2025-07-05
IND2028054,Data Analyst,Lenskart,Startup,Consulting,Pune,Tier 1,Mid (3-6 yrs),Full-Time,On-Site,22.3,"Tableau, Python, SQL, Data Visualization, Excel, Power BI",B.Tech/B.E.,20,821,3.4,2024-08-17
IND2028055,Data Engineer,Deloitte,MNC,E-Commerce,Remote,Remote,Senior (6-10 yrs),Full-Time,On-Site,41.8,"dbt, Kafka, AWS, Spark",B.Tech/B.E.,1,64,4.3,2025-06-26
IND2028056,Business Analyst,BEL,PSU/Govt,Consulting,Delhi,Tier 1,Mid (3-6 yrs),Contract,Hybrid,11.6,"JIRA, Power BI, Agile, Requirements Gathering, Excel, SQL",M.Tech/M.E.,3,195,3.1,2024-07-24
IND2028069,Business Analyst,CRED,Indian Unicorn,Information Technology,Chandigarh,Tier 2,Junior (1-3 yrs),Full-Time,Hybrid,13.6,"SQL, Requirements Gathering, Power BI, Agile, Excel",BCA,3,98,3.3,2025-09-30
IND2028083,Data Analyst,Slice,Startup,Information Technology,Bhubaneswar,Tier 2,Lead (10+ yrs),Contract,On-Site,65.1,"Data Visualization, Statistics, Tableau",B.Sc (CS/IT),1,103,3.9,2026-03-09
IND2028087,Data Scientist,Leadsquared,Startup,EdTech,Mumbai,Tier 1,Fresher (0-1 yr),Full-Time,On-Site,5.0,"Scikit-learn, Statistics, TensorFlow",M.Tech/M.E.,2,196,4.2,2025-03-20
IND2028089,Data Scientist,Deloitte,MNC,Consulting,Remote,Remote,Junior (1-3 yrs),Full-Time,Remote,10.1,"TensorFlow, Tableau, Statistics, SQL, Pandas, Deep Learning",MCA,1,66,4.2,2024-12-29
IND2028097,Data Analyst,Urban Company,Startup,Media & Entertainment,Pune,Tier 1,Junior (1-3 yrs),Full-Time,Hybrid,8.8,"Tableau, Data Visualization, SQL, Python, Power BI",B.Tech/B.E.,10,923,3.2,2025-09-04
IND2028100,Data Analyst,Oracle,MNC,Banking & Finance,Delhi,Tier 1,Mid (3-6 yrs),Internship,On-Site,1.9,"Excel, Data Visualization, Statistics, SQL, Tableau, Power BI",MBA,15,1308,3.7,2025-04-24
IND2028112,Data Scientist,ISRO,PSU/Govt,Information Technology,Mumbai,Tier 1,Mid (3-6 yrs),Full-Time,On-Site,14.4,"SQL, Deep Learning, Pandas, TensorFlow, Statistics",MCA,2,113,3.6,2025-07-13
IND2028118,Data Scientist,Infosys,MNC,FinTech,Remote,Remote,Junior (1-3 yrs),Full-Time,On-Site,10.0,"Pandas, Scikit-learn, Statistics, Deep Learning, Machine Learning, TensorFlow",M.Tech/M.E.,1,94,4.2,2025-04-28
IND2028120,Business Analyst,NTPC,PSU/Govt,EdTech,Chennai,Tier 1,Mid (3-6 yrs),Internship,On-Site,1.4,"Agile, JIRA, Excel",MCA,1,65,3.9,2025-09-27
IND2028130,Data Engineer,Setu,Startup,EdTech,Pune,Tier 1,Lead (10+ yrs),Full-Time,On-Site,72.9,"Spark, Airflow, Python, ETL",M.Tech/M.E.,2,117,4.0,2025-09-28
IND2028132,Data Analyst,Urban Company,Startup,E-Commerce,Hyderabad,Tier 1,Mid (3-6 yrs),Full-Time,On-Site,26.6,"SQL, Data Visualization, Excel, Python, Power BI",B.Tech/B.E.,3,266,2.7,2025-12-02
IND2028136,Business Analyst,HCL Technologies,MNC,Media & Entertainment,Chennai,Tier 1,Junior (1-3 yrs),Full-Time,On-Site,10.9,"Excel, Agile, Requirements Gathering, Power BI, SQL",M.Tech/M.E.,1,70,4.0,2025-05-28
IND2028140,Data Scientist,Hasura,Startup,Information Technology,Lucknow,Tier 2,Junior (1-3 yrs),Contract,On-Site,12.3,"Statistics, TensorFlow, Tableau, Deep Learning, Python, Machine Learning",M.Tech/M.E.,2,59,3.2,2025-05-12
IND2028141,Data Scientist,Cisco,MNC,FinTech,Hyderabad,Tier 1,Mid (3-6 yrs),Full-Time,Hybrid,26.5,"Scikit-learn, Statistics, NLP, Tableau",B.Tech/B.E.,1,68,4.1,2024-11-02
IND2028143,Data Analyst,Groww,Startup,E-Commerce,Remote,Remote,Senior (6-10 yrs),Full-Time,Remote,39.2,"Power BI, Statistics, Tableau",MCA,1,106,3.8,2025-03-14
IND2028144,Business Analyst,Wipro,MNC,HealthTech,Jaipur,Tier 2,Mid (3-6 yrs),Contract,Hybrid,16.3,"JIRA, Requirements Gathering, Excel, SQL, Power BI, Agile",B.Tech/B.E.,1,112,4.0,2024-11-08
IND2028153,Data Scientist,Ola,Indian Unicorn,Information Technology,Mumbai,Tier 1,Lead (10+ yrs),Contract,On-Site,80.0,"Python, Scikit-learn, Pandas, NLP, SQL, TensorFlow",B.Tech/B.E.,1,85,3.9,2024-08-13
IND2028155,Data Analyst,Slice,Startup,Banking & Finance,Remote,Remote,Senior (6-10 yrs),Internship,Remote,2.3,"SQL, Power BI, Python, Data Visualization, Statistics, Excel",BCA,1,93,4.3,2026-03-19
IND2028156,Business Analyst,Capgemini,MNC,Information Technology,Remote,Remote,Fresher (0-1 yr),Part-Time,Remote,6.3,"Agile, Requirements Gathering, JIRA, Power BI, SQL, Excel",B.Tech/B.E.,3,348,3.3,2025-12-04
IND2028159,Data Analyst,Khatabook,Startup,EdTech,Remote,Remote,Mid (3-6 yrs),Contract,Remote,18.8,"Power BI, Tableau, Python",B.Tech/B.E.,5,403,4.1,2025-10-19
IND2028162,Data Engineer,Amazon,MNC,EdTech,Nagpur,Tier 2,Junior (1-3 yrs),Full-Time,On-Site,8.8,"Spark, dbt, Kafka, AWS, Airflow",BCA,2,149,4.0,2026-01-11
IND2028170,Business Analyst,Setu,Startup,Information Technology,Remote,Remote,Senior (6-10 yrs),Contract,Remote,41.4,"JIRA, Agile, Requirements Gathering, Power BI, Excel",B.Tech/B.E.,3,209,3.2,2025-04-10
IND2028171,Data Analyst,Flipkart,Indian Unicorn,Banking & Finance,Delhi,Tier 1,Lead (10+ yrs),Full-Time,On-Site,62.7,"SQL, Tableau, Data Visualization, Power BI",M.Tech/M.E.,2,238,3.9,2025-08-14
IND2028172,Data Scientist,Chargebee,Startup,Information Technology,Remote,Remote,Senior (6-10 yrs),Full-Time,On-Site,38.2,"Machine Learning, Statistics, Python",M.Tech/M.E.,2,148,3.4,2025-02-27
IND2028178,Data Scientist,Capgemini,MNC,Information Technology,Pune,Tier 1,Senior (6-10 yrs),Contract,Hybrid,44.4,"TensorFlow, Machine Learning, Python",B.Com + Certification,15,1143,2.9,2024-08-29
IND2028181,Data Engineer,Wipro,MNC,Consulting,Chennai,Tier 1,Mid (3-6 yrs),Full-Time,Hybrid,16.4,"Kafka, ETL, dbt, SQL",B.Tech/B.E.,1,56,3.0,2024-09-30
IND2028183,Business Analyst,Oracle,MNC,Retail,Remote,Remote,Fresher (0-1 yr),Full-Time,Remote,4.6,"Requirements Gathering, Power BI, Agile, JIRA",M.Tech/M.E.,2,55,4.0,2024-12-09
IND2028185,Data Analyst,Chargebee,Startup,Consulting,Hyderabad,Tier 1,Fresher (0-1 yr),Contract,Hybrid,5.9,"Statistics, Power BI, SQL, Python",B.Tech/B.E.,2,88,3.8,2024-11-17
IND2028186,Data Scientist,Wipro,MNC,Consulting,Chennai,Tier 1,Fresher (0-1 yr),Full-Time,Hybrid,5.7,"SQL, Pandas, Statistics, Python, NLP",B.Tech/B.E.,3,266,3.2,2024-08-10
IND2028187,Data Analyst,Fi Money,Startup,Information Technology,Hyderabad,Tier 1,Fresher (0-1 yr),Full-Time,Hybrid,5.5,"SQL, Excel, Data Visualization, Power BI, Python, Tableau",M.Tech/M.E.,2,158,4.2,2025-11-02
IND2028191,Data Analyst,Hasura,Startup,Information Technology,Bhubaneswar,Tier 2,Junior (1-3 yrs),Full-Time,On-Site,14.0,"Data Visualization, Power BI, Statistics, Tableau",MCA,15,1094,4.3,2025-10-21
IND2028196,Data Engineer,Tech Mahindra,MNC,Retail,Remote,Remote,Mid (3-6 yrs),Contract,Hybrid,22.6,"Airflow, Spark, dbt",MBA,10,1158,4.1,2024-08-10
IND2028200,Data Engineer,Microsoft,MNC,EdTech,Nagpur,Tier 2,Mid (3-6 yrs),Full-Time,On-Site,18.3,"Kafka, Python, AWS",B.Tech/B.E.,5,588,3.9,2024-06-30
IND2028205,Data Analyst,Wipro,MNC,Government/PSU,Mumbai,Tier 1,Fresher (0-1 yr),Full-Time,Hybrid,5.9,"Python, Data Visualization, Power BI, Statistics, SQL, Excel",B.Com + Certification,2,223,3.4,2026-03-21
IND2028206,Business Analyst,Lenskart,Startup,Information Technology,Mumbai,Tier 1,Lead (10+ yrs),Contract,On-Site,75.4,"JIRA, SQL, Power BI, Excel",B.Tech/B.E.,2,159,4.2,2024-09-10
IND2028208,Data Analyst,BrowserStack,Startup,FinTech,Hyderabad,Tier 1,Senior (6-10 yrs),Full-Time,On-Site,37.6,"Tableau, SQL, Data Visualization, Statistics",B.Sc (CS/IT),1,101,3.9,2026-03-09
IND2028223,Data Scientist,Cognizant,MNC,EdTech,Nagpur,Tier 2,Mid (3-6 yrs),Contract,On-Site,15.2,"Python, Scikit-learn, NLP, Statistics, TensorFlow, Pandas",M.Tech/M.E.,10,1093,4.2,2025-04-02
IND2028238,Data Analyst,Infosys,MNC,FinTech,Mumbai,Tier 1,Junior (1-3 yrs),Full-Time,On-Site,10.2,"Data Visualization, Statistics, SQL, Tableau, Python",B.Tech/B.E.,1,38,3.5,2026-03-19
IND2028246,Business Analyst,Amazon,MNC,E-Commerce,Remote,Remote,Junior (1-3 yrs),Contract,Remote,9.6,"JIRA, Requirements Gathering, Power BI",M.Tech/M.E.,1,58,4.3,2025-03-25
IND2028248,Data Analyst,Google,MNC,E-Commerce,Pune,Tier 1,Lead (10+ yrs),Full-Time,Hybrid,64.7,"SQL, Excel, Python, Data Visualization",MBA,3,235,4.1,2025-03-30
IND2028253,Business Analyst,Zerodha,Startup,EdTech,Bhubaneswar,Tier 2,Lead (10+ yrs),Internship,On-Site,2.7,"SQL, JIRA, Power BI, Requirements Gathering, Agile, Excel",B.Sc (CS/IT),1,42,4.2,2025-03-01
IND2028258,Data Engineer,NTPC,PSU/Govt,FinTech,Remote,Remote,Junior (1-3 yrs),Full-Time,On-Site,6.6,"Python, dbt, ETL, Spark, Kafka, Airflow",B.Tech/B.E.,5,227,4.0,2024-09-26
IND2028259,Data Analyst,Freshworks,Indian Unicorn,Banking & Finance,Chennai,Tier 1,Lead (10+ yrs),Full-Time,Hybrid,86.2,"SQL, Tableau, Python, Power BI",M.Tech/M.E.,1,24,2.9,2025-09-24
IND2028263,Data Analyst,IBM,MNC,Information Technology,Chandigarh,Tier 2,Mid (3-6 yrs),Contract,On-Site,13.1,"Data Visualization, Python, Power BI, Excel",M.Tech/M.E.,1,104,4.0,2025-09-17
IND2028266,Data Analyst,Slice,Startup,EdTech,Mumbai,Tier 1,Junior (1-3 yrs),Part-Time,On-Site,10.9,"Python, Tableau, Power BI, Statistics, Excel",MCA,2,154,3.7,2025-05-31
IND2028269,Data Engineer,Paytm,Indian Unicorn,EdTech,Coimbatore,Tier 2,Mid (3-6 yrs),Full-Time,Hybrid,26.4,"AWS, Spark, SQL, Airflow, Python, ETL",B.Tech/B.E.,2,180,4.1,2025-04-25
IND2028275,Data Analyst,Accenture,MNC,HealthTech,Bhubaneswar,Tier 2,Junior (1-3 yrs),Full-Time,On-Site,11.4,"Data Visualization, SQL, Excel, Power BI",B.Tech/B.E.,1,99,3.6,2024-12-20
IND2028279,Data Engineer,HAL,PSU/Govt,E-Commerce,Remote,Remote,Senior (6-10 yrs),Full-Time,Remote,18.8,"Python, Airflow, Spark, ETL, SQL",B.Tech/B.E.,5,461,4.3,2025-10-06
IND2028283,Data Analyst,CRED,Indian Unicorn,Consulting,Chennai,Tier 1,Junior (1-3 yrs),Internship,Hybrid,1.4,"SQL, Tableau, Excel, Statistics, Data Visualization, Power BI",MCA,3,281,3.7,2024-09-21
IND2028298,Data Analyst,Accenture,MNC,Consulting,Delhi,Tier 1,Lead (10+ yrs),Full-Time,On-Site,52.3,"Data Visualization, Power BI, SQL, Excel",BCA,3,300,3.3,2025-08-24
IND2028304,Business Analyst,Microsoft,MNC,Logistics,Mumbai,Tier 1,Mid (3-6 yrs),Contract,Hybrid,15.9,"Requirements Gathering, SQL, JIRA, Power BI, Excel",M.Tech/M.E.,5,441,4.2,2025-04-29
IND2028306,Data Scientist,BrowserStack,Startup,HealthTech,Hyderabad,Tier 1,Senior (6-10 yrs),Full-Time,On-Site,43.1,"Statistics, Python, Deep Learning, Scikit-learn",B.Tech/B.E.,1,119,3.5,2025-09-29
IND2028312,Data Analyst,Setu,Startup,Information Technology,Jaipur,Tier 2,Junior (1-3 yrs),Full-Time,On-Site,12.2,"Statistics, Excel, Tableau, Power BI, Python",MCA,1,116,3.5,2025-01-11
IND2028318,Data Scientist,Wipro,MNC,EdTech,Remote,Remote,Junior (1-3 yrs),Full-Time,Remote,13.4,"Pandas, Python, TensorFlow, Machine Learning, Statistics",B.Tech/B.E.,1,111,3.5,2024-11-20
IND2028341,Data Analyst,Leadsquared,Startup,Information Technology,Remote,Remote,Mid (3-6 yrs),Full-Time,On-Site,21.5,"Excel, Data Visualization, Statistics",B.Tech/B.E.,2,220,3.9,2026-03-18
IND2028342,Data Scientist,ONGC,PSU/Govt,Automobile,Remote,Remote,Fresher (0-1 yr),Internship,Remote,1.5,"TensorFlow, Statistics, Scikit-learn, Python, Pandas",B.Tech/B.E.,5,343,4.0,2025-11-09
IND2028345,Data Analyst,Amazon,MNC,Consulting,Pune,Tier 1,Lead (10+ yrs),Contract,On-Site,59.7,"Data Visualization, Excel, SQL, Tableau, Power BI",B.Com + Certification,15,1296,3.5,2024-10-16
IND2028347,Data Analyst,Zoho,Indian Unicorn,Manufacturing,Pune,Tier 1,Mid (3-6 yrs),Full-Time,Hybrid,20.7,"SQL, Power BI, Statistics, Excel",B.Tech/B.E.,3,127,3.8,2024-06-19
IND2028353,Data Scientist,Cisco,MNC,Retail,Hyderabad,Tier 1,Junior (1-3 yrs),Full-Time,On-Site,11.4,"TensorFlow, Machine Learning, SQL",B.Tech/B.E.,15,1603,3.9,2024-06-04
IND2028358,Business Analyst,Zomato,Indian Unicorn,Information Technology,Mumbai,Tier 1,Mid (3-6 yrs),Contract,On-Site,28.5,"Excel, Agile, SQL, Requirements Gathering, Power BI",B.Tech/B.E.,5,281,3.4,2025-09-16
IND2028361,Business Analyst,ISRO,PSU/Govt,Retail,Delhi,Tier 1,Fresher (0-1 yr),Full-Time,On-Site,3.7,"Agile, Power BI, JIRA, Excel",M.Tech/M.E.,2,187,3.3,2024-07-11
IND2028367,Data Engineer,DRDO,PSU/Govt,Banking & Finance,Remote,Remote,Fresher (0-1 yr),Full-Time,Remote,3.7,"Spark, Kafka, dbt",B.Sc (CS/IT),3,326,4.0,2025-01-01
IND2028369,Data Scientist,Capgemini,MNC,Information Technology,Remote,Remote,Mid (3-6 yrs),Full-Time,Remote,23.1,"Tableau, Deep Learning, Machine Learning, NLP",MCA,3,146,4.1,2026-03-16
IND2028374,Data Scientist,InMobi,Startup,Information Technology,Hyderabad,Tier 1,Mid (3-6 yrs),Contract,On-Site,29.0,"Pandas, Statistics, NLP",M.Tech/M.E.,15,1134,3.3,2025-03-05
IND2028380,Data Analyst,PhonePe,Indian Unicorn,Banking & Finance,Kolkata,Tier 2,Mid (3-6 yrs),Contract,On-Site,22.7,"Power BI, SQL, Excel, Statistics",B.Tech/B.E.,10,877,4.0,2024-10-02
IND2028383,Business Analyst,Darwinbox,Startup,Manufacturing,Kolkata,Tier 2,Junior (1-3 yrs),Full-Time,Hybrid,9.9,"Requirements Gathering, Power BI, JIRA",BCA,5,570,3.6,2025-07-08
IND2028384,Data Scientist,IBM,MNC,E-Commerce,Chennai,Tier 1,Junior (1-3 yrs),Full-Time,On-Site,8.0,"Tableau, Scikit-learn, Statistics, TensorFlow, SQL, Machine Learning",B.Sc (CS/IT),3,346,3.4,2026-01-20
IND2028386,Data Analyst,Cognizant,MNC,Information Technology,Remote,Remote,Mid (3-6 yrs),Internship,On-Site,2.6,"SQL, Excel, Power BI, Data Visualization, Statistics",MCA,3,345,3.9,2026-04-11
IND2028396,Data Analyst,Deloitte,MNC,Information Technology,Kolkata,Tier 2,Mid (3-6 yrs),Full-Time,On-Site,20.8,"Statistics, Power BI, Data Visualization, SQL, Excel",B.Sc (CS/IT),10,592,2.9,2025-08-23
IND2028398,Business Analyst,HCL Technologies,MNC,Information Technology,Remote,Remote,Junior (1-3 yrs),Full-Time,Hybrid,8.5,"Requirements Gathering, Agile, Excel, JIRA, Power BI",MBA,1,103,4.2,2025-09-02
IND2028403,Data Scientist,Fi Money,Startup,Media & Entertainment,Remote,Remote,Junior (1-3 yrs),Full-Time,On-Site,12.1,"NLP, TensorFlow, Deep Learning, SQL, Python, Tableau",M.Tech/M.E.,2,236,3.3,2024-08-28
IND2028404,Data Scientist,Lenskart,Startup,Banking & Finance,Remote,Remote,Junior (1-3 yrs),Full-Time,Hybrid,14.9,"Machine Learning, TensorFlow, Pandas, Scikit-learn, Python",MCA,1,81,4.0,2026-03-06
IND2028409,Data Engineer,Chargebee,Startup,E-Commerce,Remote,Remote,Senior (6-10 yrs),Full-Time,Remote,28.8,"SQL, Spark, Airflow",B.Tech/B.E.,3,190,4.3,2024-07-11
IND2028411,Data Analyst,HAL,PSU/Govt,E-Commerce,Remote,Remote,Junior (1-3 yrs),Internship,Remote,1.5,"Power BI, Statistics, Data Visualization",BCA,3,230,3.3,2024-10-13
IND2028415,Data Scientist,DRDO,PSU/Govt,Information Technology,Pune,Tier 1,Mid (3-6 yrs),Full-Time,Hybrid,13.5,"Tableau, NLP, TensorFlow, Machine Learning, Pandas, Python",B.Sc (CS/IT),3,114,3.9,2025-12-10
IND2028416,Business Analyst,Postman,Startup,EdTech,Remote,Remote,Senior (6-10 yrs),Contract,Remote,35.6,"Excel, Requirements Gathering, SQL, Agile",B.Tech/B.E.,3,64,3.2,2025-06-18
IND2028420,Data Analyst,Nykaa,Indian Unicorn,E-Commerce,Pune,Tier 1,Mid (3-6 yrs),Internship,Hybrid,3.1,"Power BI, Statistics, Data Visualization, SQL",BCA,5,532,3.8,2025-11-04
IND2028423,Data Engineer,BSNL,PSU/Govt,EdTech,Delhi,Tier 1,Fresher (0-1 yr),Full-Time,On-Site,3.2,"Spark, Kafka, Airflow, SQL",M.Tech/M.E.,5,327,3.4,2025-08-13
IND2028424,Business Analyst,Setu,Startup,Information Technology,Remote,Remote,Senior (6-10 yrs),Full-Time,Remote,45.6,"SQL, JIRA, Agile, Power BI, Requirements Gathering, Excel",MBA,20,1631,4.1,2024-11-09
IND2028441,Data Scientist,Google,MNC,Information Technology,Remote,Remote,Senior (6-10 yrs),Full-Time,On-Site,38.7,"Pandas, Scikit-learn, Machine Learning, Statistics",MCA,10,400,4.0,2024-06-11
IND2028442,Data Scientist,DRDO,PSU/Govt,E-Commerce,Bangalore,Tier 1,Lead (10+ yrs),Full-Time,On-Site,25.8,"Deep Learning, Tableau, TensorFlow",M.Tech/M.E.,3,275,3.5,2024-06-07
IND2028444,Business Analyst,Zoho,Indian Unicorn,Gaming,Remote,Remote,Fresher (0-1 yr),Full-Time,Remote,9.5,"Agile, Excel, Requirements Gathering, Power BI, JIRA, SQL",M.Tech/M.E.,3,358,3.8,2024-09-07
IND2028446,Data Scientist,Zerodha,Startup,E-Commerce,Remote,Remote,Fresher (0-1 yr),Full-Time,On-Site,7.9,"Tableau, NLP, Statistics, Deep Learning",M.Tech/M.E.,3,211,3.0,2024-08-26
IND2028453,Data Engineer,Swiggy,Indian Unicorn,Information Technology,Kochi,Tier 2,Mid (3-6 yrs),Full-Time,Hybrid,22.7,"Spark, Python, Kafka",MBA,1,48,3.6,2025-06-14
IND2028454,Business Analyst,Fi Money,Startup,EdTech,Indore,Tier 2,Senior (6-10 yrs),Full-Time,Hybrid,49.4,"Agile, Excel, Power BI, Requirements Gathering, SQL",MCA,2,225,4.3,2024-11-11
IND2028469,Business Analyst,Hasura,Startup,Information Technology,Remote,Remote,Mid (3-6 yrs),Full-Time,Remote,17.4,"SQL, JIRA, Agile",BCA,2,81,3.4,2025-10-19
IND2028477,Data Analyst,Deloitte,MNC,FinTech,Kochi,Tier 2,Junior (1-3 yrs),Contract,On-Site,9.8,"SQL, Statistics, Excel, Data Visualization",B.Sc (CS/IT),1,93,3.6,2026-02-27
IND2028494,Business Analyst,Microsoft,MNC,Information Technology,Remote,Remote,Junior (1-3 yrs),Full-Time,Remote,10.4,"Excel, Agile, JIRA",M.Tech/M.E.,1,114,3.6,2024-08-18
IND2028498,Data Engineer,InMobi,Startup,FinTech,Bangalore,Tier 1,Senior (6-10 yrs),Full-Time,Hybrid,33.4,"Airflow, SQL, AWS, dbt, ETL, Spark",B.Tech/B.E.,3,133,3.2,2025-08-14
IND2028499,Data Engineer,Amazon,MNC,FinTech,Remote,Remote,Lead (10+ yrs),Full-Time,Remote,60.3,"AWS, Python, SQL, Spark",BCA,10,765,3.1,2024-10-28
IND2028510,Data Scientist,Leadsquared,Startup,Consulting,Chennai,Tier 1,Mid (3-6 yrs),Full-Time,Hybrid,22.7,"Machine Learning, Statistics, NLP, Pandas",M.Tech/M.E.,2,100,3.4,2025-05-11
IND2028512,Data Scientist,Fi Money,Startup,FinTech,Kolkata,Tier 2,Junior (1-3 yrs),Full-Time,On-Site,17.8,"Statistics, NLP, Tableau, Pandas, TensorFlow",B.Tech/B.E.,1,44,3.9,2024-06-28
IND2028518,Data Scientist,Infosys,MNC,E-Commerce,Bangalore,Tier 1,Senior (6-10 yrs),Contract,On-Site,30.1,"Pandas, Tableau, Python, Scikit-learn, Statistics",B.Tech/B.E.,2,183,2.9,2024-11-13
IND2028521,Data Engineer,Cisco,MNC,E-Commerce,Hyderabad,Tier 1,Mid (3-6 yrs),Full-Time,On-Site,17.7,"Spark, ETL, dbt, Kafka",B.Tech/B.E.,15,1749,4.3,2025-04-01
IND2028526,Data Analyst,Khatabook,Startup,Gaming,Remote,Remote,Mid (3-6 yrs),Full-Time,Remote,27.8,"Power BI, Data Visualization, Excel, SQL",B.Tech/B.E.,3,172,4.1,2025-03-03
IND2028534,Data Analyst,HAL,PSU/Govt,Information Technology,Kolkata,Tier 2,Junior (1-3 yrs),Contract,Hybrid,6.2,"Python, Power BI, Tableau, SQL, Excel",B.Tech/B.E.,1,88,3.9,2025-11-07
IND2028545,Data Engineer,Fi Money,Startup,HealthTech,Hyderabad,Tier 1,Lead (10+ yrs),Contract,Hybrid,52.4,"ETL, Spark, Airflow, dbt",MCA,5,539,2.8,2025-05-19
IND2028553,Business Analyst,Freshworks,Indian Unicorn,HealthTech,Mumbai,Tier 1,Senior (6-10 yrs),Internship,On-Site,2.3,"SQL, JIRA, Agile, Requirements Gathering, Power BI",B.Tech/B.E.,2,99,4.0,2024-09-27
IND2028554,Data Analyst,Lenskart,Startup,HealthTech,Hyderabad,Tier 1,Senior (6-10 yrs),Contract,On-Site,32.2,"Python, Excel, Statistics, Power BI",B.Tech/B.E.,2,88,2.6,2026-01-01
IND2028572,Data Engineer,IBM,MNC,Information Technology,Bhubaneswar,Tier 2,Senior (6-10 yrs),Full-Time,On-Site,37.9,"Kafka, Airflow, Spark, AWS",B.Tech/B.E.,2,146,4.0,2025-09-30
IND2028577,Data Analyst,HAL,PSU/Govt,Automobile,Pune,Tier 1,Fresher (0-1 yr),Full-Time,Hybrid,3.9,"Tableau, Python, Statistics, Excel, Data Visualization, Power BI",B.Tech/B.E.,2,222,4.2,2024-10-16
IND2028580,Data Analyst,CRED,Indian Unicorn,Information Technology,Jaipur,Tier 2,Senior (6-10 yrs),Full-Time,On-Site,44.4,"Statistics, Data Visualization, Python, Excel",MBA,3,218,3.8,2025-04-22
IND2028586,Business Analyst,Accenture,MNC,Media & Entertainment,Chennai,Tier 1,Junior (1-3 yrs),Part-Time,Hybrid,9.4,"Power BI, Excel, Requirements Gathering, Agile, JIRA, SQL",PhD,2,101,4.0,2024-07-29
IND2028588,Data Scientist,Zerodha,Startup,Banking & Finance,Pune,Tier 1,Mid (3-6 yrs),Full-Time,On-Site,19.7,"Tableau, NLP, Scikit-learn, Python, Deep Learning, Statistics",PhD,5,363,4.2,2025-09-21
IND2028604,Data Analyst,Paytm,Indian Unicorn,Logistics,Remote,Remote,Mid (3-6 yrs),Contract,Remote,20.9,"SQL, Data Visualization, Power BI",B.Tech/B.E.,3,194,3.0,2025-02-15
IND2028618,Business Analyst,BrowserStack,Startup,Information Technology,Nagpur,Tier 2,Lead (10+ yrs),Full-Time,Hybrid,72.5,"SQL, Requirements Gathering, Agile, Excel",MCA,3,317,3.0,2025-03-27
IND2028627,Data Scientist,Dream11,Indian Unicorn,Consulting,Lucknow,Tier 2,Senior (6-10 yrs),Full-Time,Hybrid,65.2,"Python, Statistics, Tableau, NLP",B.Tech/B.E.,5,314,3.8,2025-10-30
IND2028629,Data Analyst,Setu,Startup,Telecom,Pune,Tier 1,Junior (1-3 yrs),Full-Time,Hybrid,11.7,"Data Visualization, Excel, SQL",B.Tech/B.E.,1,34,3.8,2025-05-25
IND2028630,Data Scientist,Wipro,MNC,Information Technology,Hyderabad,Tier 1,Fresher (0-1 yr),Contract,Hybrid,6.7,"Statistics, Machine Learning, Tableau, NLP",B.Sc (CS/IT),1,99,4.1,2025-06-18
IND2028632,Data Analyst,Infosys,MNC,Information Technology,Delhi,Tier 1,Fresher (0-1 yr),Full-Time,On-Site,5.0,"SQL, Power BI, Data Visualization",B.Tech/B.E.,3,235,3.5,2024-07-18
IND2028650,Data Analyst,Fi Money,Startup,EdTech,Chennai,Tier 1,Senior (6-10 yrs),Internship,Hybrid,1.7,"Data Visualization, Power BI, Excel, Statistics, Tableau",MCA,3,121,4.1,2025-10-25
IND2028654,Data Analyst,Cognizant,MNC,Information Technology,Delhi,Tier 1,Fresher (0-1 yr),Part-Time,On-Site,3.9,"Tableau, Power BI, Data Visualization, SQL",B.Tech/B.E.,5,429,3.5,2025-03-12
IND2028657,Data Scientist,Wipro,MNC,Gaming,Bangalore,Tier 1,Lead (10+ yrs),Part-Time,On-Site,64.9,"Deep Learning, NLP, TensorFlow, Python, Tableau",MBA,1,49,3.0,2024-06-10
IND2028671,Data Scientist,TCS,MNC,FinTech,Remote,Remote,Mid (3-6 yrs),Full-Time,On-Site,16.1,"TensorFlow, Tableau, Python, NLP, Scikit-learn",M.Tech/M.E.,2,225,3.3,2025-12-22
IND2028677,Business Analyst,TCS,MNC,E-Commerce,Remote,Remote,Senior (6-10 yrs),Contract,Hybrid,31.0,"Excel, JIRA, Agile, Power BI, Requirements Gathering",BCA,3,258,3.3,2024-12-14
IND2028683,Data Analyst,DRDO,PSU/Govt,Banking & Finance,Remote,Remote,Mid (3-6 yrs),Full-Time,Remote,10.2,"Excel, Data Visualization, Python, Power BI",MCA,1,86,3.6,2024-12-25
IND2028688,Data Scientist,Dream11,Indian Unicorn,Banking & Finance,Mumbai,Tier 1,Fresher (0-1 yr),Contract,Hybrid,6.8,"Deep Learning, Scikit-learn, Pandas",B.Tech/B.E.,3,351,4.1,2025-10-13
IND2028692,Data Engineer,Lenskart,Startup,Information Technology,Hyderabad,Tier 1,Lead (10+ yrs),Full-Time,On-Site,71.6,"Kafka, AWS, Airflow",B.Tech/B.E.,2,198,3.2,2025-12-26
IND2028694,Data Scientist,Dream11,Indian Unicorn,Government/PSU,Hyderabad,Tier 1,Mid (3-6 yrs),Full-Time,On-Site,26.4,"Deep Learning, Scikit-learn, SQL, Python, Machine Learning",BCA,2,136,4.3,2025-05-17
IND2028703,Data Engineer,BEL,PSU/Govt,FinTech,Kochi,Tier 2,Mid (3-6 yrs),Internship,Hybrid,2.4,"AWS, ETL, dbt",M.Tech/M.E.,2,102,4.2,2025-07-23
IND2028716,Data Analyst,Zerodha,Startup,FinTech,Remote,Remote,Senior (6-10 yrs),Full-Time,Remote,36.1,"SQL, Statistics, Tableau, Power BI",B.Tech/B.E.,1,80,3.3,2025-09-27
IND2028726,Business Analyst,TCS,MNC,Government/PSU,Ahmedabad,Tier 2,Junior (1-3 yrs),Full-Time,Hybrid,7.3,"Requirements Gathering, Excel, JIRA",M.Tech/M.E.,10,956,3.7,2025-08-07
IND2028732,Data Engineer,Leadsquared,Startup,Banking & Finance,Remote,Remote,Junior (1-3 yrs),Full-Time,Hybrid,10.8,"Kafka, dbt, Spark, SQL, Python",B.Tech/B.E.,2,158,3.4,2025-10-28
IND2028736,Data Scientist,Tech Mahindra,MNC,E-Commerce,Delhi,Tier 1,Lead (10+ yrs),Internship,Hybrid,1.7,"Tableau, TensorFlow, NLP",BCA,20,1921,3.0,2025-06-08
IND2028737,Data Scientist,Darwinbox,Startup,Media & Entertainment,Delhi,Tier 1,Fresher (0-1 yr),Full-Time,On-Site,7.7,"Python, Pandas, Statistics, Machine Learning, SQL",MBA,1,55,4.3,2026-02-03
IND2028739,Data Engineer,Google,MNC,EdTech,Indore,Tier 2,Mid (3-6 yrs),Full-Time,Hybrid,18.5,"AWS, Kafka, dbt",B.Tech/B.E.,1,102,3.7,2025-10-17
IND2028741,Data Analyst,Meesho,Indian Unicorn,Information Technology,Remote,Remote,Senior (6-10 yrs),Full-Time,Remote,52.8,"Data Visualization, Tableau, Excel, SQL",MCA,3,239,3.8,2024-06-21
IND2028746,Data Scientist,Cisco,MNC,EdTech,Remote,Remote,Mid (3-6 yrs),Full-Time,On-Site,22.7,"Tableau, Statistics, NLP, Deep Learning, Scikit-learn",M.Tech/M.E.,1,88,4.2,2025-12-08
IND2028755,Data Scientist,Leadsquared,Startup,Consulting,Mumbai,Tier 1,Fresher (0-1 yr),Full-Time,On-Site,6.0,"Tableau, Machine Learning, Statistics, Pandas",M.Tech/M.E.,1,107,3.7,2026-04-25
IND2028756,Business Analyst,Infosys,MNC,E-Commerce,Jaipur,Tier 2,Fresher (0-1 yr),Full-Time,On-Site,4.5,"Requirements Gathering, Power BI, SQL, JIRA, Agile, Excel",MCA,5,561,3.7,2025-09-19
IND2028760,Business Analyst,Swiggy,Indian Unicorn,Banking & Finance,Pune,Tier 1,Fresher (0-1 yr),Full-Time,Hybrid,6.1,"Excel, Requirements Gathering, JIRA, SQL, Agile",B.Sc (CS/IT),2,187,4.3,2024-08-23
IND2028763,Data Analyst,Nykaa,Indian Unicorn,Banking & Finance,Mumbai,Tier 1,Senior (6-10 yrs),Full-Time,On-Site,40.6,"Python, Data Visualization, SQL, Statistics, Tableau, Excel",B.Tech/B.E.,1,109,4.2,2025-10-11
IND2028768,Business Analyst,Cognizant,MNC,Information Technology,Delhi,Tier 1,Lead (10+ yrs),Full-Time,On-Site,47.5,"SQL, Agile, Excel",BCA,3,253,3.9,2025-02-17
IND2028775,Business Analyst,Darwinbox,Startup,HealthTech,Chennai,Tier 1,Mid (3-6 yrs),Full-Time,Hybrid,26.6,"Excel, SQL, Agile, JIRA, Requirements Gathering, Power BI",MBA,5,565,3.7,2026-04-08
IND2028780,Data Scientist,Khatabook,Startup,FinTech,Nagpur,Tier 2,Fresher (0-1 yr),Internship,Hybrid,2.6,"Pandas, Statistics, NLP, Machine Learning, Tableau",B.Tech/B.E.,2,213,3.8,2025-02-04
IND2028784,Data Scientist,Dream11,Indian Unicorn,HealthTech,Bangalore,Tier 1,Fresher (0-1 yr),Full-Time,On-Site,9.8,"Tableau, Scikit-learn, Pandas",MCA,2,220,3.9,2025-08-03
IND2028788,Business Analyst,Meesho,Indian Unicorn,EdTech,Jaipur,Tier 2,Senior (6-10 yrs),Internship,On-Site,1.4,"Requirements Gathering, Excel, SQL, Agile",B.Tech/B.E.,3,149,3.8,2025-05-27
IND2028794,Data Engineer,IBM,MNC,Automobile,Jaipur,Tier 2,Junior (1-3 yrs),Full-Time,Hybrid,6.9,"SQL, AWS, Kafka, Airflow",B.Sc (CS/IT),15,1099,3.7,2024-12-06
IND2028797,Data Scientist,Postman,Startup,Information Technology,Remote,Remote,Fresher (0-1 yr),Part-Time,Hybrid,5.6,"NLP, Python, Machine Learning, Scikit-learn, SQL",B.Tech/B.E.,15,1498,3.8,2024-10-27
IND2028798,Data Engineer,Khatabook,Startup,Logistics,Remote,Remote,Fresher (0-1 yr),Full-Time,Remote,5.1,"SQL, Airflow, AWS, Kafka, ETL",B.Tech/B.E.,3,169,4.3,2024-08-15
IND2028805,Data Analyst,Freshworks,Indian Unicorn,Information Technology,Pune,Tier 1,Mid (3-6 yrs),Internship,On-Site,2.4,"Power BI, Statistics, SQL, Data Visualization",B.Tech/B.E.,5,494,3.2,2026-02-26
IND2028816,Business Analyst,Oracle,MNC,Information Technology,Nagpur,Tier 2,Mid (3-6 yrs),Contract,On-Site,16.9,"SQL, Requirements Gathering, Agile, JIRA, Excel",B.Tech/B.E.,3,265,3.8,2024-06-05
IND2028819,Business Analyst,Amazon,MNC,FinTech,Jaipur,Tier 2,Mid (3-6 yrs),Full-Time,On-Site,17.7,"JIRA, Requirements Gathering, Excel, Agile, SQL",M.Tech/M.E.,3,315,3.5,2025-05-08
IND2028824,Data Scientist,Chargebee,Startup,Logistics,Remote,Remote,Senior (6-10 yrs),Full-Time,Hybrid,39.5,"Tableau, Pandas, Statistics, NLP, Machine Learning, SQL",B.Com + Certification,3,239,4.1,2025-02-23
IND2028826,Business Analyst,BrowserStack,Startup,Media & Entertainment,Remote,Remote,Mid (3-6 yrs),Full-Time,Remote,20.4,"Excel, Power BI, JIRA, Requirements Gathering, Agile",B.Tech/B.E.,1,116,3.8,2026-03-08
IND2028833,Business Analyst,Cognizant,MNC,Consulting,Bangalore,Tier 1,Lead (10+ yrs),Full-Time,On-Site,52.5,"Excel, Power BI, Agile, SQL, JIRA, Requirements Gathering",B.Com + Certification,3,195,4.1,2024-12-23
IND2028836,Data Analyst,Postman,Startup,Logistics,Chennai,Tier 1,Mid (3-6 yrs),Full-Time,On-Site,26.6,"SQL, Tableau, Excel",M.Tech/M.E.,2,220,2.9,2024-10-22
IND2028846,Data Engineer,Fi Money,Startup,E-Commerce,Lucknow,Tier 2,Junior (1-3 yrs),Full-Time,Hybrid,14.8,"Kafka, SQL, Spark, ETL, Python, dbt",B.Tech/B.E.,2,156,3.7,2026-02-20
IND2028847,Data Analyst,Fi Money,Startup,HealthTech,Remote,Remote,Senior (6-10 yrs),Contract,Hybrid,39.6,"SQL, Tableau, Data Visualization",MCA,1,112,4.2,2025-12-16
IND2028855,Data Scientist,DRDO,PSU/Govt,Information Technology,Pune,Tier 1,Fresher (0-1 yr),Full-Time,Hybrid,3.9,"Deep Learning, Pandas, Scikit-learn",M.Tech/M.E.,2,234,3.9,2025-10-22
IND2028861,Data Engineer,Urban Company,Startup,Manufacturing,Remote,Remote,Lead (10+ yrs),Full-Time,Remote,65.9,"Airflow, Python, SQL, Kafka",MBA,1,42,4.0,2025-11-02
IND2028867,Data Analyst,Cisco,MNC,E-Commerce,Bangalore,Tier 1,Mid (3-6 yrs),Full-Time,Hybrid,19.3,"SQL, Statistics, Tableau, Python, Data Visualization",MCA,1,73,3.8,2025-07-20
IND2028878,Data Scientist,Postman,Startup,Manufacturing,Remote,Remote,Junior (1-3 yrs),Part-Time,Remote,13.5,"Python, NLP, Deep Learning, TensorFlow, Scikit-learn",MCA,15,948,3.1,2024-09-11
IND2028883,Data Analyst,Meesho,Indian Unicorn,Information Technology,Remote,Remote,Lead (10+ yrs),Full-Time,Remote,61.3,"Tableau, SQL, Python, Excel, Power BI, Statistics",B.Tech/B.E.,1,114,3.7,2025-08-23
IND2028884,Data Scientist,Dream11,Indian Unicorn,E-Commerce,Remote,Remote,Mid (3-6 yrs),Contract,Remote,35.5,"TensorFlow, Tableau, Machine Learning, Deep Learning, Scikit-learn, NLP",B.Tech/B.E.,1,89,3.8,2025-01-23
IND2028885,Data Engineer,Capgemini,MNC,E-Commerce,Mumbai,Tier 1,Fresher (0-1 yr),Full-Time,Hybrid,6.3,"Spark, AWS, dbt, Airflow",B.Tech/B.E.,2,226,3.5,2026-04-13
IND2028889,Business Analyst,Slice,Startup,HealthTech,Delhi,Tier 1,Junior (1-3 yrs),Full-Time,On-Site,10.6,"Agile, Requirements Gathering, SQL, JIRA",BCA,2,209,3.9,2025-10-11
IND2028905,Business Analyst,ISRO,PSU/Govt,Information Technology,Remote,Remote,Mid (3-6 yrs),Full-Time,Remote,11.1,"JIRA, Requirements Gathering, Agile, Excel, Power BI",M.Tech/M.E.,2,172,3.8,2024-08-06
IND2028913,Data Scientist,Postman,Startup,Retail,Nagpur,Tier 2,Fresher (0-1 yr),Full-Time,Hybrid,9.0,"TensorFlow, Tableau, Deep Learning, Machine Learning, Python",B.Tech/B.E.,1,76,3.4,2024-12-01
IND2028926,Data Analyst,Darwinbox,Startup,FinTech,Pune,Tier 1,Senior (6-10 yrs),Full-Time,Hybrid,40.4,"Statistics, Excel, Data Visualization, SQL, Power BI",BCA,1,62,3.6,2026-02-22
IND2028929,Data Scientist,IBM,MNC,FinTech,Pune,Tier 1,Mid (3-6 yrs),Contract,On-Site,17.4,"TensorFlow, Tableau, NLP, SQL",M.Tech/M.E.,1,90,4.2,2025-12-28
IND2028931,Data Scientist,HAL,PSU/Govt,Information Technology,Hyderabad,Tier 1,Junior (1-3 yrs),Full-Time,Hybrid,7.1,"Statistics, TensorFlow, SQL",B.Tech/B.E.,2,198,3.9,2025-10-05
IND2028943,Data Analyst,TCS,MNC,Consulting,Ahmedabad,Tier 2,Junior (1-3 yrs),Full-Time,On-Site,9.2,"Power BI, Statistics, SQL",MCA,3,354,4.0,2024-08-26
IND2028955,Data Scientist,BEL,PSU/Govt,Logistics,Lucknow,Tier 2,Junior (1-3 yrs),Full-Time,On-Site,9.4,"Deep Learning, Statistics, TensorFlow",B.Tech/B.E.,2,171,4.1,2024-08-29
IND2028969,Business Analyst,Oracle,MNC,EdTech,Bangalore,Tier 1,Fresher (0-1 yr),Full-Time,Hybrid,4.9,"Requirements Gathering, Power BI, SQL",B.Tech/B.E.,1,76,4.0,2024-07-23
IND2028973,Data Analyst,Razorpay,Indian Unicorn,Information Technology,Lucknow,Tier 2,Fresher (0-1 yr),Full-Time,On-Site,7.9,"Statistics, Tableau, Python",PhD,1,110,4.0,2025-07-21
IND2028976,Data Analyst,Razorpay,Indian Unicorn,Manufacturing,Bangalore,Tier 1,Fresher (0-1 yr),Full-Time,On-Site,6.9,"Excel, Python, Tableau, Power BI, Statistics",B.Sc (CS/IT),2,228,3.1,2025-07-20
IND2028986,Data Scientist,CRED,Indian Unicorn,Government/PSU,Remote,Remote,Senior (6-10 yrs),Full-Time,Remote,41.1,"Scikit-learn, Machine Learning, Statistics, Tableau",B.Com + Certification,1,106,3.6,2025-07-02
IND2028988,Data Scientist,HCL Technologies,MNC,Information Technology,Indore,Tier 2,Mid (3-6 yrs),Full-Time,On-Site,19.8,"SQL, Tableau, Machine Learning",B.Tech/B.E.,3,203,3.9,2025-02-28
IND2029003,Data Analyst,Meesho,Indian Unicorn,Information Technology,Remote,Remote,Senior (6-10 yrs),Internship,Remote,3.3,"Power BI, Data Visualization, SQL, Statistics, Excel",M.Tech/M.E.,3,187,3.4,2026-02-12
IND2029018,Data Scientist,TCS,MNC,FinTech,Remote,Remote,Junior (1-3 yrs),Contract,Hybrid,10.3,"Python, NLP, Tableau, Pandas, TensorFlow",BCA,2,190,4.0,2026-01-17
IND2029019,Business Analyst,Hasura,Startup,Manufacturing,Remote,Remote,Senior (6-10 yrs),Full-Time,Remote,34.1,"Agile, Excel, Requirements Gathering",M.Tech/M.E.,1,109,3.1,2025-10-03
IND2029020,Data Engineer,Swiggy,Indian Unicorn,Information Technology,Bhubaneswar,Tier 2,Junior (1-3 yrs),Full-Time,Hybrid,12.1,"Airflow, SQL, dbt, ETL, Kafka, AWS",B.Tech/B.E.,2,131,3.9,2025-01-11
IND2029024,Business Analyst,BrowserStack,Startup,HealthTech,Pune,Tier 1,Senior (6-10 yrs),Full-Time,On-Site,41.7,"Power BI, Agile, Requirements Gathering, SQL, Excel, JIRA",B.Sc (CS/IT),1,84,3.5,2025-06-11
IND2029032,Data Engineer,Google,MNC,Gaming,Pune,Tier 1,Mid (3-6 yrs),Full-Time,On-Site,14.3,"Airflow, SQL, dbt",M.Tech/M.E.,5,300,4.2,2026-01-03
IND2029045,Data Scientist,Nykaa,Indian Unicorn,HealthTech,Remote,Remote,Junior (1-3 yrs),Full-Time,Hybrid,14.3,"Deep Learning, Tableau, Machine Learning, Scikit-learn, Python, Statistics",M.Tech/M.E.,15,549,4.1,2025-06-27
IND2029052,Business Analyst,Ola,Indian Unicorn,Information Technology,Kolkata,Tier 2,Junior (1-3 yrs),Full-Time,On-Site,14.7,"SQL, Requirements Gathering, JIRA",M.Tech/M.E.,2,222,4.0,2025-07-10
IND2029057,Business Analyst,BrowserStack,Startup,Information Technology,Pune,Tier 1,Mid (3-6 yrs),Full-Time,Hybrid,15.2,"JIRA, Agile, SQL, Power BI",MCA,10,422,4.0,2024-10-11
IND2029059,Data Scientist,Zomato,Indian Unicorn,Information Technology,Delhi,Tier 1,Mid (3-6 yrs),Full-Time,On-Site,40.3,"NLP, Tableau, Pandas, Statistics",M.Tech/M.E.,1,76,4.1,2026-03-20
IND2029061,Data Engineer,Setu,Startup,Information Technology,Coimbatore,Tier 2,Junior (1-3 yrs),Full-Time,Hybrid,9.6,"Kafka, SQL, Spark",MBA,10,392,3.7,2026-01-22
IND2029070,Data Analyst,HCL Technologies,MNC,Manufacturing,Remote,Remote,Fresher (0-1 yr),Full-Time,Remote,4.8,"Statistics, SQL, Tableau, Data Visualization, Power BI, Excel",BCA,3,348,3.9,2025-11-30
IND2029071,Data Engineer,Fi Money,Startup,Information Technology,Remote,Remote,Mid (3-6 yrs),Part-Time,Remote,22.5,"AWS, Airflow, dbt, Spark, Kafka",B.Tech/B.E.,15,1629,3.2,2024-10-10
IND2029073,Business Analyst,HAL,PSU/Govt,Media & Entertainment,Remote,Remote,Junior (1-3 yrs),Contract,Remote,7.0,"JIRA, SQL, Agile, Requirements Gathering, Excel, Power BI",M.Tech/M.E.,3,165,3.1,2025-11-23
IND2029079,Business Analyst,Postman,Startup,FinTech,Mumbai,Tier 1,Junior (1-3 yrs),Full-Time,Hybrid,9.7,"Agile, Power BI, Requirements Gathering",B.Tech/B.E.,1,98,3.7,2025-03-27
IND2029091,Data Analyst,Google,MNC,Manufacturing,Remote,Remote,Junior (1-3 yrs),Full-Time,Remote,9.0,"Statistics, Power BI, Data Visualization",M.Tech/M.E.,1,102,3.6,2025-10-20
IND2029095,Data Engineer,Groww,Startup,Manufacturing,Hyderabad,Tier 1,Lead (10+ yrs),Full-Time,On-Site,61.7,"Kafka, ETL, SQL, AWS, Python",BCA,3,237,3.2,2025-04-11
IND2029097,Business Analyst,Urban Company,Startup,Consulting,Delhi,Tier 1,Junior (1-3 yrs),Internship,On-Site,1.6,"Excel, SQL, Requirements Gathering, Power BI, Agile, JIRA",MBA,1,98,3.5,2025-09-06
IND2029101,Data Analyst,Oracle,MNC,EdTech,Hyderabad,Tier 1,Lead (10+ yrs),Full-Time,On-Site,53.3,"Data Visualization, Power BI, Python",MCA,3,299,3.7,2025-03-07
IND2029104,Data Analyst,Zerodha,Startup,Manufacturing,Chennai,Tier 1,Junior (1-3 yrs),Full-Time,Hybrid,10.1,"SQL, Data Visualization, Power BI, Tableau",M.Tech/M.E.,3,240,3.7,2024-12-20
IND2029107,Data Scientist,MakeMyTrip,Indian Unicorn,Information Technology,Bangalore,Tier 1,Fresher (0-1 yr),Full-Time,On-Site,6.6,"Python, Machine Learning, Pandas, Statistics, Scikit-learn, SQL",MBA,3,283,3.7,2024-12-01
IND2029131,Data Scientist,Cisco,MNC,FinTech,Remote,Remote,Senior (6-10 yrs),Full-Time,On-Site,33.8,"Scikit-learn, Deep Learning, Statistics, NLP, Pandas, TensorFlow",M.Tech/M.E.,1,94,3.3,2026-02-15
IND2029135,Data Engineer,Swiggy,Indian Unicorn,Manufacturing,Jaipur,Tier 2,Mid (3-6 yrs),Part-Time,Hybrid,16.6,"ETL, Spark, dbt",BCA,15,1378,3.8,2025-05-13
IND2029137,Data Analyst,Capgemini,MNC,Manufacturing,Remote,Remote,Fresher (0-1 yr),Full-Time,Hybrid,4.8,"Power BI, Tableau, Data Visualization",MCA,3,272,3.0,2025-02-27
IND2029138,Data Analyst,Ola,Indian Unicorn,Banking & Finance,Coimbatore,Tier 2,Junior (1-3 yrs),Full-Time,On-Site,13.5,"Statistics, SQL, Excel",M.Tech/M.E.,1,117,3.1,2025-11-03
IND2029146,Data Engineer,HCL Technologies,MNC,Banking & Finance,Mumbai,Tier 1,Fresher (0-1 yr),Contract,On-Site,4.2,"Kafka, AWS, Spark, Airflow, dbt, Python",B.Tech/B.E.,1,102,4.1,2026-01-11
IND2029150,Data Analyst,Infosys,MNC,Banking & Finance,Indore,Tier 2,Mid (3-6 yrs),Contract,On-Site,14.8,"Python, Tableau, Power BI, Data Visualization",MCA,3,303,3.4,2025-11-01
IND2029155,Business Analyst,Fi Money,Startup,HealthTech,Bangalore,Tier 1,Senior (6-10 yrs),Full-Time,On-Site,27.2,"Power BI, Requirements Gathering, Agile, SQL",MCA,2,152,4.3,2026-02-02
IND2029156,Data Engineer,Zoho,Indian Unicorn,FinTech,Chennai,Tier 1,Mid (3-6 yrs),Full-Time,Hybrid,24.5,"Python, ETL, Spark, AWS, dbt",MCA,3,253,3.2,2026-02-14
IND2029171,Data Scientist,HCL Technologies,MNC,Government/PSU,Pune,Tier 1,Mid (3-6 yrs),Full-Time,On-Site,28.6,"Python, Statistics, NLP, Machine Learning, Tableau, Pandas",B.Com + Certification,1,44,3.6,2025-01-31
IND2029179,Data Engineer,Accenture,MNC,Consulting,Pune,Tier 1,Mid (3-6 yrs),Full-Time,Hybrid,16.5,"AWS, SQL, Airflow",M.Tech/M.E.,1,31,3.5,2026-01-12
IND2029180,Business Analyst,DRDO,PSU/Govt,Information Technology,Mumbai,Tier 1,Mid (3-6 yrs),Full-Time,Hybrid,10.8,"Requirements Gathering, SQL, Power BI, Excel, JIRA, Agile",MCA,15,1224,4.2,2026-04-05
IND2029188,Data Engineer,Swiggy,Indian Unicorn,EdTech,Pune,Tier 1,Fresher (0-1 yr),Full-Time,Hybrid,7.9,"AWS, Spark, ETL",B.Tech/B.E.,3,321,2.8,2025-04-28
IND2029197,Data Analyst,Wipro,MNC,EdTech,Jaipur,Tier 2,Fresher (0-1 yr),Internship,On-Site,1.4,"SQL, Power BI, Statistics",B.Tech/B.E.,1,108,3.3,2025-03-23
IND2029201,Data Engineer,BrowserStack,Startup,Banking & Finance,Delhi,Tier 1,Senior (6-10 yrs),Internship,On-Site,1.9,"AWS, dbt, Airflow, ETL, Kafka",B.Tech/B.E.,1,99,3.8,2025-07-30
IND2029203,Data Analyst,Freshworks,Indian Unicorn,Information Technology,Hyderabad,Tier 1,Junior (1-3 yrs),Full-Time,Hybrid,16.5,"Tableau, Power BI, Statistics, Python, SQL",MBA,2,141,3.9,2025-05-05
IND2029217,Business Analyst,Dream11,Indian Unicorn,Information Technology,Coimbatore,Tier 2,Mid (3-6 yrs),Full-Time,Hybrid,24.0,"Requirements Gathering, Power BI, JIRA",M.Tech/M.E.,2,193,3.3,2025-06-27
IND2029231,Data Analyst,Fi Money,Startup,Logistics,Remote,Remote,Junior (1-3 yrs),Full-Time,Remote,11.4,"Power BI, Excel, Python, Tableau",M.Tech/M.E.,1,118,4.3,2025-10-16
IND2029235,Business Analyst,BHEL,PSU/Govt,Information Technology,Chandigarh,Tier 2,Senior (6-10 yrs),Full-Time,On-Site,16.2,"Excel, JIRA, SQL",M.Tech/M.E.,5,414,4.0,2026-01-13
IND2029237,Data Analyst,Swiggy,Indian Unicorn,EdTech,Remote,Remote,Senior (6-10 yrs),Contract,Hybrid,51.2,"Power BI, Data Visualization, SQL",M.Tech/M.E.,1,114,3.3,2024-09-18
IND2029253,Business Analyst,Oracle,MNC,Information Technology,Remote,Remote,Junior (1-3 yrs),Full-Time,Remote,9.6,"Requirements Gathering, JIRA, Excel",B.Tech/B.E.,1,68,4.0,2025-08-18
IND2029266,Data Engineer,Hasura,Startup,Manufacturing,Pune,Tier 1,Fresher (0-1 yr),Full-Time,On-Site,6.2,"SQL, Spark, dbt, Python, Kafka, ETL",B.Tech/B.E.,15,1600,3.9,2024-07-02
IND2029274,Data Scientist,Postman,Startup,Information Technology,Delhi,Tier 1,Fresher (0-1 yr),Full-Time,Hybrid,7.2,"Statistics, Scikit-learn, TensorFlow, Python, Machine Learning, NLP",M.Tech/M.E.,1,95,3.7,2024-11-27
IND2029282,Data Analyst,Deloitte,MNC,Media & Entertainment,Remote,Remote,Junior (1-3 yrs),Full-Time,On-Site,8.3,"Data Visualization, Power BI, Python",MBA,2,219,3.7,2025-11-18
IND2029290,Business Analyst,Byju's,Indian Unicorn,FinTech,Chennai,Tier 1,Senior (6-10 yrs),Full-Time,On-Site,45.6,"Excel, SQL, Power BI, JIRA, Agile",B.Tech/B.E.,10,409,4.3,2024-08-18
IND2029294,Data Engineer,Flipkart,Indian Unicorn,E-Commerce,Kolkata,Tier 2,Lead (10+ yrs),Full-Time,Hybrid,66.9,"Airflow, SQL, Spark, AWS, dbt, ETL",MBA,2,121,4.3,2026-02-09
IND2029297,Business Analyst,Deloitte,MNC,Consulting,Mumbai,Tier 1,Mid (3-6 yrs),Full-Time,Hybrid,15.2,"JIRA, Power BI, SQL, Excel, Requirements Gathering, Agile",MCA,1,69,3.6,2024-12-31
IND2029311,Data Engineer,MakeMyTrip,Indian Unicorn,Consulting,Delhi,Tier 1,Junior (1-3 yrs),Full-Time,On-Site,16.1,"Kafka, SQL, ETL",M.Tech/M.E.,3,279,3.5,2026-03-26
IND2029312,Data Analyst,Wipro,MNC,Banking & Finance,Remote,Remote,Mid (3-6 yrs),Full-Time,Remote,14.9,"Excel, Python, Statistics",M.Tech/M.E.,2,128,3.0,2026-04-21
IND2029323,Business Analyst,HCL Technologies,MNC,Government/PSU,Bangalore,Tier 1,Junior (1-3 yrs),Part-Time,On-Site,9.5,"Excel, SQL, Agile, Power BI",M.Tech/M.E.,3,213,3.4,2025-11-23
IND2029324,Data Analyst,NTPC,PSU/Govt,FinTech,Remote,Remote,Fresher (0-1 yr),Full-Time,Remote,4.3,"SQL, Tableau, Excel, Power BI, Data Visualization, Python",M.Tech/M.E.,5,496,3.1,2024-08-13
IND2029334,Data Scientist,Lenskart,Startup,Gaming,Remote,Remote,Senior (6-10 yrs),Full-Time,On-Site,43.3,"Statistics, TensorFlow, Machine Learning",B.Tech/B.E.,2,186,4.0,2024-11-21
IND2029338,Data Engineer,Amazon,MNC,FinTech,Remote,Remote,Junior (1-3 yrs),Full-Time,Remote,9.1,"Kafka, Airflow, dbt, SQL, Python, Spark",B.Tech/B.E.,3,206,2.9,2024-09-23
IND2029343,Business Analyst,BSNL,PSU/Govt,E-Commerce,Delhi,Tier 1,Junior (1-3 yrs),Full-Time,On-Site,7.7,"JIRA, Agile, Power BI, Excel",B.Tech/B.E.,1,119,3.8,2025-08-24
IND2029347,Data Analyst,Groww,Startup,Information Technology,Bangalore,Tier 1,Mid (3-6 yrs),Full-Time,On-Site,21.2,"Power BI, SQL, Statistics, Tableau, Python",B.Tech/B.E.,10,1108,3.5,2025-03-17
IND2029354,Data Scientist,Lenskart,Startup,Banking & Finance,Bangalore,Tier 1,Junior (1-3 yrs),Contract,Hybrid,13.3,"NLP, Scikit-learn, Statistics",M.Tech/M.E.,1,84,3.6,2026-02-25
IND2029361,Data Scientist,Freshworks,Indian Unicorn,Information Technology,Pune,Tier 1,Fresher (0-1 yr),Contract,Hybrid,9.0,"Statistics, Machine Learning, Tableau, Deep Learning, SQL",M.Tech/M.E.,3,293,3.5,2026-03-30
IND2029363,Data Engineer,Wipro,MNC,E-Commerce,Pune,Tier 1,Lead (10+ yrs),Full-Time,On-Site,55.2,"Kafka, dbt, AWS, Python",MBA,2,157,3.1,2025-05-23
IND2029365,Data Analyst,Deloitte,MNC,FinTech,Remote,Remote,Mid (3-6 yrs),Full-Time,Remote,19.2,"Tableau, Python, Statistics",B.Tech/B.E.,2,228,3.9,2025-01-02
IND2029379,Data Scientist,Darwinbox,Startup,Information Technology,Jaipur,Tier 2,Junior (1-3 yrs),Full-Time,On-Site,13.1,"Pandas, Deep Learning, SQL, Machine Learning, TensorFlow",M.Tech/M.E.,5,504,3.9,2025-08-09
IND2029381,Data Scientist,Flipkart,Indian Unicorn,Information Technology,Pune,Tier 1,Junior (1-3 yrs),Full-Time,On-Site,11.3,"TensorFlow, Scikit-learn, NLP, Deep Learning, Tableau, SQL",B.Tech/B.E.,1,77,3.2,2025-04-27
IND2029392,Business Analyst,BHEL,PSU/Govt,E-Commerce,Remote,Remote,Junior (1-3 yrs),Contract,Remote,7.2,"JIRA, SQL, Agile",B.Tech/B.E.,2,154,4.1,2026-03-02
IND2029394,Data Scientist,Capgemini,MNC,Automobile,Remote,Remote,Mid (3-6 yrs),Full-Time,Hybrid,27.1,"NLP, Deep Learning, Statistics, Machine Learning, TensorFlow, Scikit-learn",MBA,2,127,3.4,2025-03-26
IND2029395,Business Analyst,Swiggy,Indian Unicorn,Logistics,Remote,Remote,Senior (6-10 yrs),Full-Time,Remote,53.6,"Excel, Requirements Gathering, JIRA, Agile, Power BI",MBA,2,179,3.8,2025-04-28
IND2029397,Data Engineer,Cognizant,MNC,EdTech,Remote,Remote,Mid (3-6 yrs),Contract,On-Site,14.3,"Kafka, Airflow, Spark",MCA,1,50,3.7,2024-09-06
IND2029401,Data Engineer,Nykaa,Indian Unicorn,FinTech,Chennai,Tier 1,Fresher (0-1 yr),Full-Time,Hybrid,7.3,"Python, AWS, Spark, ETL, SQL, dbt",B.Tech/B.E.,1,93,4.2,2025-05-20
IND2029407,Data Analyst,DRDO,PSU/Govt,Consulting,Pune,Tier 1,Mid (3-6 yrs),Full-Time,On-Site,9.7,"Power BI, Python, SQL",MCA,5,595,3.9,2025-03-13
IND2029409,Business Analyst,DRDO,PSU/Govt,Consulting,Remote,Remote,Lead (10+ yrs),Internship,Remote,3.1,"Excel, Power BI, JIRA, Requirements Gathering, SQL, Agile",MCA,2,223,3.0,2026-03-06
IND2029415,Data Analyst,Fi Money,Startup,Information Technology,Mumbai,Tier 1,Mid (3-6 yrs),Full-Time,On-Site,20.6,"Python, Tableau, Power BI, Data Visualization, Excel, SQL",B.Tech/B.E.,5,486,3.7,2025-10-11
IND2029423,Data Analyst,TCS,MNC,E-Commerce,Remote,Remote,Mid (3-6 yrs),Internship,On-Site,3.5,"Tableau, Data Visualization, Python, SQL",M.Tech/M.E.,2,45,4.3,2024-06-05
IND2029425,Data Engineer,Capgemini,MNC,Retail,Chennai,Tier 1,Senior (6-10 yrs),Full-Time,Hybrid,31.1,"ETL, SQL, Airflow, Spark, Python, AWS",PhD,5,375,3.8,2025-01-22
IND2029426,Business Analyst,ISRO,PSU/Govt,Information Technology,Remote,Remote,Fresher (0-1 yr),Full-Time,Remote,3.6,"SQL, Power BI, JIRA, Excel, Agile",B.Com + Certification,1,115,4.1,2025-06-03
IND2029431,Business Analyst,Amazon,MNC,Information Technology,Remote,Remote,Mid (3-6 yrs),Full-Time,Hybrid,18.2,"SQL, Excel, Power BI, JIRA, Agile",B.Tech/B.E.,2,114,4.3,2025-02-08
IND2029433,Business Analyst,Zomato,Indian Unicorn,Information Technology,Remote,Remote,Junior (1-3 yrs),Full-Time,Remote,15.8,"Requirements Gathering, SQL, Agile, JIRA, Excel",B.Tech/B.E.,3,190,3.9,2024-10-30
IND2029441,Data Analyst,HCL Technologies,MNC,Information Technology,Hyderabad,Tier 1,Senior (6-10 yrs),Contract,Hybrid,37.7,"Power BI, Statistics, Tableau, Excel, Data Visualization",B.Tech/B.E.,3,128,4.2,2025-04-08
IND2029443,Business Analyst,Meesho,Indian Unicorn,HealthTech,Chennai,Tier 1,Junior (1-3 yrs),Full-Time,On-Site,12.0,"SQL, Requirements Gathering, JIRA, Power BI, Agile",B.Sc (CS/IT),2,188,4.1,2025-04-14
IND2029452,Data Analyst,ISRO,PSU/Govt,Gaming,Remote,Remote,Mid (3-6 yrs),Full-Time,Hybrid,12.8,"Statistics, Excel, Tableau, Data Visualization, Power BI, Python",M.Tech/M.E.,1,90,3.3,2024-10-12
IND2029455,Data Engineer,Setu,Startup,HealthTech,Ahmedabad,Tier 2,Mid (3-6 yrs),Full-Time,Hybrid,15.6,"Kafka, Python, Airflow, ETL",BCA,3,226,3.9,2025-03-20
IND2029460,Data Analyst,Accenture,MNC,Gaming,Delhi,Tier 1,Mid (3-6 yrs),Internship,On-Site,3.0,"Data Visualization, Tableau, Excel, SQL",B.Tech/B.E.,10,483,4.0,2024-06-15
IND2029466,Data Scientist,Setu,Startup,HealthTech,Mumbai,Tier 1,Junior (1-3 yrs),Full-Time,On-Site,10.6,"SQL, NLP, Scikit-learn",M.Tech/M.E.,1,60,2.8,2024-11-23
IND2029470,Data Scientist,Urban Company,Startup,Media & Entertainment,Remote,Remote,Senior (6-10 yrs),Full-Time,Remote,57.2,"Python, Statistics, Deep Learning, SQL",B.Sc (CS/IT),20,1847,4.1,2024-11-03
IND2029477,Data Analyst,PhonePe,Indian Unicorn,E-Commerce,Remote,Remote,Mid (3-6 yrs),Full-Time,Remote,22.6,"SQL, Excel, Tableau, Data Visualization",BCA,3,172,3.3,2025-11-05
IND2029479,Data Analyst,Oracle,MNC,Information Technology,Delhi,Tier 1,Fresher (0-1 yr),Full-Time,Hybrid,5.2,"Data Visualization, Python, Tableau, SQL",MBA,3,259,3.8,2025-11-30
IND2029480,Data Analyst,Tech Mahindra,MNC,Manufacturing,Remote,Remote,Mid (3-6 yrs),Full-Time,Remote,15.3,"SQL, Python, Data Visualization, Excel, Statistics",M.Tech/M.E.,2,144,4.1,2024-06-15
IND2029485,Business Analyst,ISRO,PSU/Govt,E-Commerce,Bangalore,Tier 1,Mid (3-6 yrs),Full-Time,On-Site,12.2,"Requirements Gathering, Power BI, SQL, Agile, JIRA",M.Tech/M.E.,3,217,3.4,2024-09-29
IND2029489,Data Scientist,Oracle,MNC,E-Commerce,Hyderabad,Tier 1,Mid (3-6 yrs),Full-Time,Hybrid,21.7,"Machine Learning, Tableau, Scikit-learn, NLP",BCA,1,40,3.0,2025-10-02
IND2029491,Data Analyst,HCL Technologies,MNC,HealthTech,Remote,Remote,Fresher (0-1 yr),Full-Time,Remote,5.5,"SQL, Statistics, Excel, Power BI, Python, Data Visualization",B.Tech/B.E.,2,191,3.3,2024-10-05
IND2029504,Data Scientist,Oracle,MNC,FinTech,Remote,Remote,Junior (1-3 yrs),Full-Time,Hybrid,11.4,"Statistics, TensorFlow, NLP, Python, Machine Learning",B.Tech/B.E.,3,168,3.0,2025-12-02
IND2029511,Data Analyst,Wipro,MNC,Automobile,Mumbai,Tier 1,Mid (3-6 yrs),Full-Time,On-Site,17.7,"Power BI, Data Visualization, Excel, Tableau, Statistics, SQL",B.Tech/B.E.,1,58,3.5,2026-02-24
IND2029519,Data Engineer,Cisco,MNC,FinTech,Chennai,Tier 1,Senior (6-10 yrs),Full-Time,On-Site,24.2,"Python, AWS, Airflow, Spark, ETL, dbt",B.Sc (CS/IT),3,190,3.6,2025-06-06
IND2029528,Data Analyst,Flipkart,Indian Unicorn,Information Technology,Lucknow,Tier 2,Junior (1-3 yrs),Full-Time,Hybrid,12.9,"SQL, Excel, Tableau, Power BI, Data Visualization",M.Tech/M.E.,5,412,3.7,2025-12-23
IND2029534,Business Analyst,Leadsquared,Startup,E-Commerce,Mumbai,Tier 1,Senior (6-10 yrs),Full-Time,Hybrid,39.5,"JIRA, SQL, Excel",B.Tech/B.E.,15,796,2.6,2025-04-02
IND2029540,Data Analyst,Setu,Startup,Consulting,Delhi,Tier 1,Mid (3-6 yrs),Full-Time,Hybrid,17.5,"Data Visualization, Statistics, Tableau, SQL, Python, Power BI",MCA,2,217,4.1,2025-02-25
IND2029548,Business Analyst,BHEL,PSU/Govt,FinTech,Delhi,Tier 1,Fresher (0-1 yr),Full-Time,Hybrid,4.1,"Agile, JIRA, Power BI, SQL",B.Tech/B.E.,2,70,4.2,2025-04-28
IND2029551,Data Analyst,Urban Company,Startup,E-Commerce,Indore,Tier 2,Fresher (0-1 yr),Contract,On-Site,4.4,"Python, Data Visualization, Tableau, SQL, Statistics",B.Tech/B.E.,15,1725,3.9,2026-02-28
IND2029557,Business Analyst,Microsoft,MNC,Information Technology,Mumbai,Tier 1,Fresher (0-1 yr),Internship,Hybrid,3.1,"Excel, Power BI, Agile, Requirements Gathering, JIRA, SQL",BCA,1,76,3.9,2025-08-18
IND2029560,Data Analyst,Hasura,Startup,Government/PSU,Remote,Remote,Senior (6-10 yrs),Contract,Remote,42.7,"Python, SQL, Data Visualization, Tableau, Power BI, Statistics",MBA,1,95,3.2,2025-01-04
IND2029565,Data Analyst,Nykaa,Indian Unicorn,HealthTech,Delhi,Tier 1,Fresher (0-1 yr),Full-Time,Hybrid,8.8,"Power BI, SQL, Tableau, Python, Data Visualization",B.Sc (CS/IT),1,93,4.3,2025-12-05
IND2029568,Data Scientist,IBM,MNC,Banking & Finance,Remote,Remote,Lead (10+ yrs),Full-Time,Hybrid,54.6,"NLP, SQL, Scikit-learn, Machine Learning",M.Tech/M.E.,1,49,3.4,2024-08-26
IND2029575,Data Analyst,Lenskart,Startup,Media & Entertainment,Remote,Remote,Mid (3-6 yrs),Full-Time,Hybrid,19.0,"Data Visualization, SQL, Excel, Statistics, Python, Tableau",B.Com + Certification,2,105,3.7,2026-01-14
IND2029576,Data Engineer,Cisco,MNC,Information Technology,Remote,Remote,Mid (3-6 yrs),Contract,Remote,17.3,"SQL, Airflow, Kafka",BCA,3,320,3.9,2025-09-21
IND2029578,Data Engineer,Zoho,Indian Unicorn,Information Technology,Bhubaneswar,Tier 2,Mid (3-6 yrs),Full-Time,On-Site,32.6,"AWS, dbt, SQL, ETL, Kafka, Airflow",MCA,10,957,4.1,2025-02-16
IND2029584,Data Analyst,Leadsquared,Startup,Information Technology,Hyderabad,Tier 1,Fresher (0-1 yr),Full-Time,On-Site,6.3,"Python, Excel, SQL",B.Sc (CS/IT),10,878,3.9,2026-02-02
IND2029588,Data Analyst,MakeMyTrip,Indian Unicorn,Banking & Finance,Mumbai,Tier 1,Fresher (0-1 yr),Full-Time,On-Site,7.8,"SQL, Tableau, Power BI, Statistics, Excel",MBA,15,1740,4.0,2024-12-20
IND2029589,Data Engineer,IBM,MNC,FinTech,Remote,Remote,Fresher (0-1 yr),Full-Time,Remote,5.6,"Airflow, Spark, SQL, dbt",M.Tech/M.E.,1,70,3.7,2025-02-08
IND2029596,Business Analyst,Postman,Startup,Consulting,Nagpur,Tier 2,Fresher (0-1 yr),Full-Time,On-Site,6.4,"Agile, SQL, Excel, JIRA, Requirements Gathering, Power BI",B.Tech/B.E.,2,91,4.3,2025-03-14
IND2029601,Data Engineer,Chargebee,Startup,Consulting,Remote,Remote,Mid (3-6 yrs),Internship,Remote,3.3,"AWS, Python, ETL",M.Tech/M.E.,10,437,4.1,2025-07-27
IND2029607,Data Analyst,Microsoft,MNC,EdTech,Remote,Remote,Senior (6-10 yrs),Internship,Remote,1.3,"Python, Statistics, Data Visualization",B.Tech/B.E.,5,256,4.3,2025-07-03
IND2029614,Data Engineer,Setu,Startup,Information Technology,Remote,Remote,Junior (1-3 yrs),Full-Time,Hybrid,9.8,"dbt, ETL, Kafka, SQL",B.Tech/B.E.,2,126,3.7,2025-05-02
IND2029619,Data Scientist,Zomato,Indian Unicorn,HealthTech,Mumbai,Tier 1,Senior (6-10 yrs),Full-Time,On-Site,64.7,"Scikit-learn, TensorFlow, Pandas, SQL, Tableau",B.Tech/B.E.,1,68,2.9,2024-07-11
IND2029625,Data Engineer,CRED,Indian Unicorn,Information Technology,Remote,Remote,Junior (1-3 yrs),Internship,Remote,3.4,"Spark, dbt, ETL",MBA,3,333,3.1,2025-02-09
IND2029643,Business Analyst,Nykaa,Indian Unicorn,Manufacturing,Remote,Remote,Mid (3-6 yrs),Full-Time,Remote,19.6,"Power BI, JIRA, Requirements Gathering, Agile, SQL, Excel",B.Tech/B.E.,3,296,3.3,2024-10-11
IND2029648,Business Analyst,Capgemini,MNC,HealthTech,Chennai,Tier 1,Mid (3-6 yrs),Full-Time,On-Site,21.4,"Requirements Gathering, Excel, JIRA",B.Tech/B.E.,2,141,3.8,2024-08-15
IND2029654,Data Engineer,ONGC,PSU/Govt,E-Commerce,Mumbai,Tier 1,Junior (1-3 yrs),Full-Time,Hybrid,6.6,"dbt, SQL, Airflow, Python, Kafka, ETL",B.Tech/B.E.,5,269,3.5,2024-12-01
IND2029660,Business Analyst,CRED,Indian Unicorn,HealthTech,Nagpur,Tier 2,Mid (3-6 yrs),Internship,On-Site,1.0,"Requirements Gathering, Agile, Excel",B.Tech/B.E.,10,836,3.9,2025-09-27
IND2029666,Business Analyst,Nykaa,Indian Unicorn,FinTech,Bhubaneswar,Tier 2,Mid (3-6 yrs),Part-Time,Hybrid,19.1,"SQL, Agile, Requirements Gathering, Excel, Power BI",B.Tech/B.E.,1,109,3.3,2024-09-21
IND2029668,Business Analyst,Cognizant,MNC,Information Technology,Remote,Remote,Senior (6-10 yrs),Contract,Remote,34.8,"JIRA, Requirements Gathering, SQL, Power BI",B.Tech/B.E.,1,75,4.2,2026-03-07
IND2029669,Data Scientist,TCS,MNC,FinTech,Remote,Remote,Senior (6-10 yrs),Contract,Hybrid,41.8,"NLP, Deep Learning, Statistics, Pandas",M.Tech/M.E.,15,592,3.7,2024-12-18
IND2029672,Business Analyst,Razorpay,Indian Unicorn,FinTech,Remote,Remote,Junior (1-3 yrs),Full-Time,Remote,13.9,"JIRA, Agile, SQL, Excel, Requirements Gathering",BCA,2,227,4.1,2024-11-08
IND2029676,Business Analyst,Cognizant,MNC,EdTech,Remote,Remote,Mid (3-6 yrs),Full-Time,Remote,13.8,"Agile, Requirements Gathering, Power BI",M.Tech/M.E.,2,134,3.9,2025-05-11
IND2029681,Data Scientist,Setu,Startup,Consulting,Indore,Tier 2,Senior (6-10 yrs),Full-Time,On-Site,40.5,"Python, NLP, TensorFlow, Statistics, Scikit-learn",B.Com + Certification,1,51,3.6,2024-09-20
IND2029689,Data Analyst,Cognizant,MNC,Government/PSU,Hyderabad,Tier 1,Mid (3-6 yrs),Full-Time,Hybrid,23.4,"Tableau, Statistics, Excel, SQL, Python, Data Visualization",BCA,1,86,4.3,2024-11-07
IND2029695,Data Engineer,Swiggy,Indian Unicorn,Media & Entertainment,Remote,Remote,Fresher (0-1 yr),Full-Time,On-Site,8.7,"Python, Kafka, ETL, dbt, Airflow, Spark",M.Tech/M.E.,3,199,3.3,2024-10-14
IND2029696,Data Analyst,HAL,PSU/Govt,Information Technology,Remote,Remote,Mid (3-6 yrs),Full-Time,Remote,11.2,"Excel, Statistics, Python, Data Visualization, Tableau, SQL",BCA,1,91,4.1,2025-10-09
IND2029705,Data Analyst,BSNL,PSU/Govt,HealthTech,Kochi,Tier 2,Mid (3-6 yrs),Full-Time,On-Site,10.9,"Statistics, Tableau, Python",MCA,3,110,3.9,2025-10-02
IND2029718,Data Analyst,Lenskart,Startup,Government/PSU,Chennai,Tier 1,Fresher (0-1 yr),Full-Time,Hybrid,5.7,"Python, Statistics, SQL, Data Visualization, Excel",M.Tech/M.E.,3,142,4.2,2024-06-04
IND2029746,Data Scientist,Google,MNC,Information Technology,Bangalore,Tier 1,Junior (1-3 yrs),Full-Time,Hybrid,9.6,"NLP, Pandas, Scikit-learn, TensorFlow, Statistics, Machine Learning",B.Tech/B.E.,5,143,3.7,2025-02-27
IND2029751,Data Analyst,Dream11,Indian Unicorn,Information Technology,Remote,Remote,Fresher (0-1 yr),Full-Time,Hybrid,7.1,"SQL, Statistics, Data Visualization, Excel",B.Tech/B.E.,2,233,4.0,2025-12-12
IND2029757,Data Scientist,Amazon,MNC,EdTech,Remote,Remote,Mid (3-6 yrs),Full-Time,Remote,24.1,"Python, Deep Learning, Statistics, SQL, Tableau, Scikit-learn",MBA,2,207,3.0,2025-06-12
IND2029776,Data Engineer,Cognizant,MNC,HealthTech,Remote,Remote,Fresher (0-1 yr),Full-Time,Remote,3.6,"AWS, Python, SQL, Airflow",B.Tech/B.E.,2,124,2.7,2024-08-24
IND2029781,Data Scientist,Leadsquared,Startup,FinTech,Indore,Tier 2,Mid (3-6 yrs),Full-Time,On-Site,20.7,"TensorFlow, Scikit-learn, Pandas, Python, Statistics, SQL",B.Tech/B.E.,1,99,4.2,2024-12-29
IND2029785,Data Scientist,NTPC,PSU/Govt,EdTech,Hyderabad,Tier 1,Fresher (0-1 yr),Full-Time,Hybrid,4.4,"Pandas, NLP, TensorFlow, SQL",M.Tech/M.E.,3,353,3.7,2025-03-10
IND2029802,Data Engineer,Oracle,MNC,E-Commerce,Mumbai,Tier 1,Junior (1-3 yrs),Full-Time,Hybrid,12.1,"Kafka, ETL, Airflow, SQL, Spark, dbt",MBA,2,180,3.6,2025-10-06
IND2029811,Business Analyst,Byju's,Indian Unicorn,HealthTech,Remote,Remote,Junior (1-3 yrs),Contract,Remote,15.0,"Power BI, Agile, Excel, SQL, JIRA",B.Tech/B.E.,3,289,3.4,2024-10-15
IND2029818,Business Analyst,Razorpay,Indian Unicorn,Banking & Finance,Remote,Remote,Mid (3-6 yrs),Full-Time,Remote,29.8,"Agile, Excel, SQL, Requirements Gathering, Power BI, JIRA",MBA,5,417,4.1,2024-10-15
IND2029820,Data Scientist,Razorpay,Indian Unicorn,Retail,Mumbai,Tier 1,Fresher (0-1 yr),Internship,On-Site,1.5,"NLP, Scikit-learn, Python, Statistics, Tableau, TensorFlow",B.Tech/B.E.,5,330,3.1,2026-01-23
IND2029826,Business Analyst,Urban Company,Startup,E-Commerce,Remote,Remote,Senior (6-10 yrs),Full-Time,Hybrid,42.1,"Requirements Gathering, Excel, JIRA, Power BI, Agile, SQL",BCA,2,206,4.0,2024-06-28
IND2029827,Business Analyst,Deloitte,MNC,Logistics,Remote,Remote,Junior (1-3 yrs),Internship,Hybrid,2.9,"Excel, Power BI, SQL",B.Tech/B.E.,2,189,3.3,2025-09-23
IND2029832,Business Analyst,Tech Mahindra,MNC,E-Commerce,Remote,Remote,Fresher (0-1 yr),Contract,Remote,5.4,"JIRA, Requirements Gathering, SQL, Agile",MCA,5,450,2.7,2025-10-29
IND2029836,Data Scientist,TCS,MNC,Banking & Finance,Hyderabad,Tier 1,Fresher (0-1 yr),Full-Time,On-Site,5.7,"Statistics, Tableau, Machine Learning",B.Tech/B.E.,2,190,3.0,2025-10-02
IND2029837,Data Engineer,Tech Mahindra,MNC,Gaming,Mumbai,Tier 1,Mid (3-6 yrs),Contract,On-Site,17.3,"ETL, Python, SQL, Kafka, AWS, Spark",B.Sc (CS/IT),2,81,4.1,2025-07-22
IND2029849,Data Scientist,Dream11,Indian Unicorn,Logistics,Bangalore,Tier 1,Lead (10+ yrs),Full-Time,Hybrid,66.0,"Statistics, Pandas, Scikit-learn",MBA,1,94,4.0,2026-04-26
IND2029854,Data Scientist,PhonePe,Indian Unicorn,FinTech,Chennai,Tier 1,Senior (6-10 yrs),Full-Time,On-Site,56.4,"SQL, Tableau, NLP, Python, Statistics",M.Tech/M.E.,10,139,4.1,2025-10-30
IND2029856,Data Analyst,Lenskart,Startup,Information Technology,Remote,Remote,Junior (1-3 yrs),Full-Time,Remote,9.2,"SQL, Power BI, Statistics, Excel, Data Visualization, Tableau",B.Tech/B.E.,1,114,3.2,2026-01-11
IND2029861,Business Analyst,Accenture,MNC,Media & Entertainment,Remote,Remote,Mid (3-6 yrs),Part-Time,Remote,20.6,"Excel, Agile, Power BI",B.Tech/B.E.,3,195,3.3,2025-09-01
IND2029870,Data Scientist,Razorpay,Indian Unicorn,Information Technology,Remote,Remote,Junior (1-3 yrs),Internship,Remote,1.2,"Tableau, Scikit-learn, SQL, NLP",M.Tech/M.E.,3,147,4.0,2024-11-18
IND2029878,Data Engineer,Tech Mahindra,MNC,E-Commerce,Delhi,Tier 1,Senior (6-10 yrs),Part-Time,Hybrid,30.8,"Python, AWS, ETL, Spark",B.Tech/B.E.,2,187,4.2,2025-08-19
IND2029879,Data Scientist,Tech Mahindra,MNC,Information Technology,Jaipur,Tier 2,Mid (3-6 yrs),Full-Time,On-Site,24.7,"SQL, Tableau, Pandas, Python, Deep Learning, Statistics",B.Sc (CS/IT),2,150,4.1,2025-04-14
IND2029881,Data Scientist,Google,MNC,E-Commerce,Remote,Remote,Mid (3-6 yrs),Full-Time,Remote,20.9,"NLP, SQL, Tableau",B.Sc (CS/IT),1,109,2.7,2025-10-31
IND2029901,Data Scientist,Hasura,Startup,EdTech,Remote,Remote,Junior (1-3 yrs),Part-Time,Remote,13.0,"Scikit-learn, Pandas, SQL, Tableau, Deep Learning, TensorFlow",B.Tech/B.E.,1,60,3.4,2025-08-22
IND2029902,Data Analyst,Flipkart,Indian Unicorn,E-Commerce,Jaipur,Tier 2,Lead (10+ yrs),Full-Time,On-Site,57.2,"Statistics, Excel, Power BI, Tableau",B.Tech/B.E.,5,470,3.5,2025-01-21
IND2029910,Data Analyst,Infosys,MNC,Manufacturing,Kolkata,Tier 2,Senior (6-10 yrs),Full-Time,Hybrid,38.9,"Data Visualization, Excel, SQL, Statistics",PhD,10,1047,4.2,2024-09-24
IND2029921,Data Engineer,Deloitte,MNC,HealthTech,Remote,Remote,Lead (10+ yrs),Contract,Hybrid,60.3,"Spark, Kafka, SQL, Airflow, ETL",B.Tech/B.E.,3,330,2.9,2024-09-16
IND2029943,Data Engineer,BEL,PSU/Govt,Government/PSU,Delhi,Tier 1,Junior (1-3 yrs),Full-Time,On-Site,6.5,"SQL, Python, AWS",B.Com + Certification,2,127,4.1,2026-04-29
IND2029947,Data Analyst,Tech Mahindra,MNC,Banking & Finance,Bangalore,Tier 1,Senior (6-10 yrs),Full-Time,Hybrid,35.9,"Data Visualization, Power BI, Statistics, Excel",B.Com + Certification,2,123,3.9,2025-07-07
IND2029948,Data Engineer,IBM,MNC,FinTech,Jaipur,Tier 2,Mid (3-6 yrs),Full-Time,On-Site,20.6,"dbt, ETL, Airflow, AWS, Kafka, Spark",MBA,1,19,4.3,2025-03-03
IND2029952,Data Analyst,Setu,Startup,Information Technology,Pune,Tier 1,Mid (3-6 yrs),Full-Time,On-Site,19.8,"Statistics, Data Visualization, Tableau, Python",MCA,1,100,4.2,2025-02-15
IND2029953,Data Analyst,Nykaa,Indian Unicorn,Banking & Finance,Remote,Remote,Fresher (0-1 yr),Part-Time,Remote,7.8,"Excel, Power BI, SQL, Statistics, Data Visualization, Python",MBA,3,136,4.1,2025-05-06
IND2029955,Business Analyst,Oracle,MNC,HealthTech,Remote,Remote,Fresher (0-1 yr),Full-Time,Remote,5.6,"Excel, SQL, Agile, Requirements Gathering",MCA,1,114,3.7,2024-12-30
IND2029970,Business Analyst,Setu,Startup,Banking & Finance,Remote,Remote,Senior (6-10 yrs),Full-Time,Remote,38.2,"Requirements Gathering, SQL, JIRA, Power BI, Agile",MCA,10,1086,3.8,2025-03-28
IND2029972,Business Analyst,Cisco,MNC,Retail,Remote,Remote,Senior (6-10 yrs),Contract,Hybrid,32.7,"Requirements Gathering, Excel, Agile, Power BI, JIRA, SQL",M.Tech/M.E.,5,471,3.6,2025-03-14
IND2029982,Data Scientist,TCS,MNC,Banking & Finance,Mumbai,Tier 1,Junior (1-3 yrs),Full-Time,On-Site,12.4,"Statistics, Scikit-learn, TensorFlow",MBA,3,323,3.7,2024-06-01
IND2029985,Data Analyst,Flipkart,Indian Unicorn,Information Technology,Coimbatore,Tier 2,Fresher (0-1 yr),Full-Time,Hybrid,6.2,"Power BI, SQL, Data Visualization, Excel",B.Tech/B.E.,3,308,4.1,2025-01-21
IND2029994,Data Analyst,Amazon,MNC,Media & Entertainment,Remote,Remote,Senior (6-10 yrs),Full-Time,Remote,25.8,"Statistics, Python, Excel",B.Sc (CS/IT),5,447,3.3,2025-01-02
