Job_ID,skill,Job_Title,City,Location_Tier,Experience_Level,Work_Mode,Salary_LPA,Date_Posted
IND2025002,JIRA,Business Analyst,Remote,Remote,Senior (6-10 yrs),Remote,18.4,2024-08-21
IND2025002,Excel,Business Analyst,Remote,Remote,Senior (6-10 yrs),Remote,18.4,2024-08-21
IND2025002,Power BI,Business Analyst,Remote,Remote,Senior (6-10 yrs),Remote,18.4,2024-08-21
IND2025007,Agile,Business Analyst,Pune,Tier 1,Junior (1-3 yrs),Hybrid,11.7,2024-06-20
IND2025007,Power BI,Business Analyst,Pune,Tier 1,Junior (1-3 yrs),Hybrid,11.7,2024-06-20
IND2025007,Requirements Gathering,Business Analyst,Pune,Tier 1,Junior (1-3 yrs),Hybrid,11.7,2024-06-20
IND2025012,SQL,Data Analyst,Remote,Remote,Fresher (0-1 yr),On-Site,4.4,2025-12-22
IND2025012,Tableau,Data Analyst,Remote,Remote,Fresher (0-1 yr),On-Site,4.4,2025-12-22
IND2025012,Power BI,Data Analyst,Remote,Remote,Fresher (0-1 yr),On-Site,4.4,2025-12-22
IND2025012,Statistics,Data Analyst,Remote,Remote,Fresher (0-1 yr),On-Site,4.4,2025-12-22
IND2025012,Excel,Data Analyst,Remote,Remote,Fresher (0-1 yr),On-Site,4.4,2025-12-22
IND2025012,Python,Data Analyst,Remote,Remote,Fresher (0-1 yr),On-Site,4.4,2025-12-22
IND2025018,Airflow,Data Engineer,Remote,Remote,Fresher (0-1 yr),Remote,5.7,2025-12-26
IND2025018,AWS,Data Engineer,Remote,Remote,Fresher (0-1 yr),Remote,5.7,2025-12-26
IND2025018,Spark,Data Engineer,Remote,Remote,Fresher (0-1 yr),Remote,5.7,2025-12-26
IND2025018,Python,Data Engineer,Remote,Remote,Fresher (0-1 yr),Remote,5.7,2025-12-26
IND2025018,Kafka,Data Engineer,Remote,Remote,Fresher (0-1 yr),Remote,5.7,2025-12-26
IND2025034,Python,Data Engineer,Remote,Remote,Fresher (0-1 yr),Remote,7.4,2025-07-22
IND2025034,SQL,Data Engineer,Remote,Remote,Fresher (0-1 yr),Remote,7.4,2025-07-22
IND2025034,Spark,Data Engineer,Remote,Remote,Fresher (0-1 yr),Remote,7.4,2025-07-22
IND2025034,ETL,Data Engineer,Remote,Remote,Fresher (0-1 yr),Remote,7.4,2025-07-22
IND2025034,AWS,Data Engineer,Remote,Remote,Fresher (0-1 yr),Remote,7.4,2025-07-22
IND2025037,Tableau,Data Analyst,Kolkata,Tier 2,Mid (3-6 yrs),On-Site,1.1,2024-08-06
IND2025037,Power BI,Data Analyst,Kolkata,Tier 2,Mid (3-6 yrs),On-Site,1.1,2024-08-06
IND2025037,Excel,Data Analyst,Kolkata,Tier 2,Mid (3-6 yrs),On-Site,1.1,2024-08-06
IND2025037,SQL,Data Analyst,Kolkata,Tier 2,Mid (3-6 yrs),On-Site,1.1,2024-08-06
IND2025037,Python,Data Analyst,Kolkata,Tier 2,Mid (3-6 yrs),On-Site,1.1,2024-08-06
IND2025037,Statistics,Data Analyst,Kolkata,Tier 2,Mid (3-6 yrs),On-Site,1.1,2024-08-06
IND2025038,Data Visualization,Data Analyst,Remote,Remote,Lead (10+ yrs),Remote,58.9,2025-08-28
IND2025038,Python,Data Analyst,Remote,Remote,Lead (10+ yrs),Remote,58.9,2025-08-28
IND2025038,Tableau,Data Analyst,Remote,Remote,Lead (10+ yrs),Remote,58.9,2025-08-28
IND2025038,Statistics,Data Analyst,Remote,Remote,Lead (10+ yrs),Remote,58.9,2025-08-28
IND2025039,Python,Data Engineer,Mumbai,Tier 1,Mid (3-6 yrs),On-Site,17.5,2025-09-25
IND2025039,Airflow,Data Engineer,Mumbai,Tier 1,Mid (3-6 yrs),On-Site,17.5,2025-09-25
IND2025039,dbt,Data Engineer,Mumbai,Tier 1,Mid (3-6 yrs),On-Site,17.5,2025-09-25
IND2025039,SQL,Data Engineer,Mumbai,Tier 1,Mid (3-6 yrs),On-Site,17.5,2025-09-25
IND2025058,SQL,Data Engineer,Remote,Remote,Senior (6-10 yrs),Hybrid,2.6,2024-06-27
IND2025058,dbt,Data Engineer,Remote,Remote,Senior (6-10 yrs),Hybrid,2.6,2024-06-27
IND2025058,Spark,Data Engineer,Remote,Remote,Senior (6-10 yrs),Hybrid,2.6,2024-06-27
IND2025058,Python,Data Engineer,Remote,Remote,Senior (6-10 yrs),Hybrid,2.6,2024-06-27
IND2025060,Power BI,Business Analyst,Hyderabad,Tier 1,Senior (6-10 yrs),On-Site,42.6,2024-08-07
IND2025060,Agile,Business Analyst,Hyderabad,Tier 1,Senior (6-10 yrs),On-Site,42.6,2024-08-07
IND2025060,Excel,Business Analyst,Hyderabad,Tier 1,Senior (6-10 yrs),On-Site,42.6,2024-08-07
IND2025070,Data Visualization,Data Analyst,Remote,Remote,Senior (6-10 yrs),Remote,18.7,2024-08-09
IND2025070,Statistics,Data Analyst,Remote,Remote,Senior (6-10 yrs),Remote,18.7,2024-08-09
IND2025070,Power BI,Data Analyst,Remote,Remote,Senior (6-10 yrs),Remote,18.7,2024-08-09
IND2025070,Excel,Data Analyst,Remote,Remote,Senior (6-10 yrs),Remote,18.7,2024-08-09
IND2025070,Tableau,Data Analyst,Remote,Remote,Senior (6-10 yrs),Remote,18.7,2024-08-09
IND2025083,Power BI,Data Analyst,Remote,Remote,Junior (1-3 yrs),On-Site,2.8,2025-07-01
IND2025083,SQL,Data Analyst,Remote,Remote,Junior (1-3 yrs),On-Site,2.8,2025-07-01
IND2025083,Data Visualization,Data Analyst,Remote,Remote,Junior (1-3 yrs),On-Site,2.8,2025-07-01
IND2025083,Tableau,Data Analyst,Remote,Remote,Junior (1-3 yrs),On-Site,2.8,2025-07-01
IND2025083,Excel,Data Analyst,Remote,Remote,Junior (1-3 yrs),On-Site,2.8,2025-07-01
IND2025095,Data Visualization,Data Analyst,Remote,Remote,Junior (1-3 yrs),On-Site,9.6,2024-07-23
IND2025095,Tableau,Data Analyst,Remote,Remote,Junior (1-3 yrs),On-Site,9.6,2024-07-23
IND2025095,Power BI,Data Analyst,Remote,Remote,Junior (1-3 yrs),On-Site,9.6,2024-07-23
IND2025095,SQL,Data Analyst,Remote,Remote,Junior (1-3 yrs),On-Site,9.6,2024-07-23
IND2025095,Excel,Data Analyst,Remote,Remote,Junior (1-3 yrs),On-Site,9.6,2024-07-23
IND2025096,Python,Data Analyst,Remote,Remote,Mid (3-6 yrs),Remote,24.3,2025-11-04
IND2025096,Power BI,Data Analyst,Remote,Remote,Mid (3-6 yrs),Remote,24.3,2025-11-04
IND2025096,Excel,Data Analyst,Remote,Remote,Mid (3-6 yrs),Remote,24.3,2025-11-04
IND2025096,Data Visualization,Data Analyst,Remote,Remote,Mid (3-6 yrs),Remote,24.3,2025-11-04
IND2025096,Statistics,Data Analyst,Remote,Remote,Mid (3-6 yrs),Remote,24.3,2025-11-04
IND2025108,SQL,Business Analyst,Bhubaneswar,Tier 2,Senior (6-10 yrs),Hybrid,34.1,2026-01-08
IND2025108,Agile,Business Analyst,Bhubaneswar,Tier 2,Senior (6-10 yrs),Hybrid,34.1,2026-01-08
IND2025108,Excel,Business Analyst,Bhubaneswar,Tier 2,Senior (6-10 yrs),Hybrid,34.1,2026-01-08
IND2025111,Requirements Gathering,Business Analyst,Remote,Remote,Junior (1-3 yrs),Remote,9.3,2025-01-22
IND2025111,Agile,Business Analyst,Remote,Remote,Junior (1-3 yrs),Remote,9.3,2025-01-22
IND2025111,JIRA,Business Analyst,Remote,Remote,Junior (1-3 yrs),Remote,9.3,2025-01-22
IND2025111,Power BI,Business Analyst,Remote,Remote,Junior (1-3 yrs),Remote,9.3,2025-01-22
IND2025111,Excel,Business Analyst,Remote,Remote,Junior (1-3 yrs),Remote,9.3,2025-01-22
IND2025113,Excel,Business Analyst,Remote,Remote,Lead (10+ yrs),Remote,73.0,2025-07-29
IND2025113,Power BI,Business Analyst,Remote,Remote,Lead (10+ yrs),Remote,73.0,2025-07-29
IND2025113,JIRA,Business Analyst,Remote,Remote,Lead (10+ yrs),Remote,73.0,2025-07-29
IND2025113,Agile,Business Analyst,Remote,Remote,Lead (10+ yrs),Remote,73.0,2025-07-29
IND2025113,SQL,Business Analyst,Remote,Remote,Lead (10+ yrs),Remote,73.0,2025-07-29
IND2025118,SQL,Data Engineer,Mumbai,Tier 1,Fresher (0-1 yr),Hybrid,8.7,2024-11-20
IND2025118,dbt,Data Engineer,Mumbai,Tier 1,Fresher (0-1 yr),Hybrid,8.7,2024-11-20
IND2025118,Airflow,Data Engineer,Mumbai,Tier 1,Fresher (0-1 yr),Hybrid,8.7,2024-11-20
IND2025118,AWS,Data Engineer,Mumbai,Tier 1,Fresher (0-1 yr),Hybrid,8.7,2024-11-20
IND2025118,ETL,Data Engineer,Mumbai,Tier 1,Fresher (0-1 yr),Hybrid,8.7,2024-11-20
IND2025119,Python,Data Engineer,Remote,Remote,Lead (10+ yrs),Remote,55.5,2026-03-08
IND2025119,Airflow,Data Engineer,Remote,Remote,Lead (10+ yrs),Remote,55.5,2026-03-08
IND2025119,Spark,Data Engineer,Remote,Remote,Lead (10+ yrs),Remote,55.5,2026-03-08
IND2025120,Agile,Business Analyst,Bhubaneswar,Tier 2,Lead (10+ yrs),On-Site,81.3,2024-06-18
IND2025120,Power BI,Business Analyst,Bhubaneswar,Tier 2,Lead (10+ yrs),On-Site,81.3,2024-06-18
IND2025120,JIRA,Business Analyst,Bhubaneswar,Tier 2,Lead (10+ yrs),On-Site,81.3,2024-06-18
IND2025130,dbt,Data Engineer,Remote,Remote,Fresher (0-1 yr),Remote,1.2,2025-04-07
IND2025130,AWS,Data Engineer,Remote,Remote,Fresher (0-1 yr),Remote,1.2,2025-04-07
IND2025130,Airflow,Data Engineer,Remote,Remote,Fresher (0-1 yr),Remote,1.2,2025-04-07
IND2025132,Tableau,Data Analyst,Remote,Remote,Lead (10+ yrs),On-Site,21.1,2026-04-27
IND2025132,Power BI,Data Analyst,Remote,Remote,Lead (10+ yrs),On-Site,21.1,2026-04-27
IND2025132,Data Visualization,Data Analyst,Remote,Remote,Lead (10+ yrs),On-Site,21.1,2026-04-27
IND2025132,Python,Data Analyst,Remote,Remote,Lead (10+ yrs),On-Site,21.1,2026-04-27
IND2025133,NLP,Data Scientist,Remote,Remote,Fresher (0-1 yr),On-Site,5.6,2024-09-08
IND2025133,Deep Learning,Data Scientist,Remote,Remote,Fresher (0-1 yr),On-Site,5.6,2024-09-08
IND2025133,Pandas,Data Scientist,Remote,Remote,Fresher (0-1 yr),On-Site,5.6,2024-09-08
IND2025133,Statistics,Data Scientist,Remote,Remote,Fresher (0-1 yr),On-Site,5.6,2024-09-08
IND2025151,Power BI,Data Analyst,Mumbai,Tier 1,Mid (3-6 yrs),Hybrid,16.0,2025-01-31
IND2025151,Statistics,Data Analyst,Mumbai,Tier 1,Mid (3-6 yrs),Hybrid,16.0,2025-01-31
IND2025151,Tableau,Data Analyst,Mumbai,Tier 1,Mid (3-6 yrs),Hybrid,16.0,2025-01-31
IND2025154,Statistics,Data Scientist,Hyderabad,Tier 1,Junior (1-3 yrs),On-Site,18.2,2025-03-05
IND2025154,Pandas,Data Scientist,Hyderabad,Tier 1,Junior (1-3 yrs),On-Site,18.2,2025-03-05
IND2025154,Tableau,Data Scientist,Hyderabad,Tier 1,Junior (1-3 yrs),On-Site,18.2,2025-03-05
IND2025154,Deep Learning,Data Scientist,Hyderabad,Tier 1,Junior (1-3 yrs),On-Site,18.2,2025-03-05
IND2025154,NLP,Data Scientist,Hyderabad,Tier 1,Junior (1-3 yrs),On-Site,18.2,2025-03-05
IND2025154,Machine Learning,Data Scientist,Hyderabad,Tier 1,Junior (1-3 yrs),On-Site,18.2,2025-03-05
IND2025158,JIRA,Business Analyst,Chennai,Tier 1,Fresher (0-1 yr),On-Site,5.2,2024-08-16
IND2025158,Power BI,Business Analyst,Chennai,Tier 1,Fresher (0-1 yr),On-Site,5.2,2024-08-16
IND2025158,Agile,Business Analyst,Chennai,Tier 1,Fresher (0-1 yr),On-Site,5.2,2024-08-16
IND2025158,Excel,Business Analyst,Chennai,Tier 1,Fresher (0-1 yr),On-Site,5.2,2024-08-16
IND2025158,Requirements Gathering,Business Analyst,Chennai,Tier 1,Fresher (0-1 yr),On-Site,5.2,2024-08-16
IND2025158,SQL,Business Analyst,Chennai,Tier 1,Fresher (0-1 yr),On-Site,5.2,2024-08-16
IND2025164,AWS,Data Engineer,Remote,Remote,Mid (3-6 yrs),Remote,14.5,2025-02-09
IND2025164,dbt,Data Engineer,Remote,Remote,Mid (3-6 yrs),Remote,14.5,2025-02-09
IND2025164,SQL,Data Engineer,Remote,Remote,Mid (3-6 yrs),Remote,14.5,2025-02-09
IND2025164,Spark,Data Engineer,Remote,Remote,Mid (3-6 yrs),Remote,14.5,2025-02-09
IND2025164,ETL,Data Engineer,Remote,Remote,Mid (3-6 yrs),Remote,14.5,2025-02-09
IND2025164,Python,Data Engineer,Remote,Remote,Mid (3-6 yrs),Remote,14.5,2025-02-09
IND2025178,TensorFlow,Data Scientist,Remote,Remote,Senior (6-10 yrs),Remote,24.2,2024-09-09
IND2025178,Tableau,Data Scientist,Remote,Remote,Senior (6-10 yrs),Remote,24.2,2024-09-09
IND2025178,Deep Learning,Data Scientist,Remote,Remote,Senior (6-10 yrs),Remote,24.2,2024-09-09
IND2025178,Scikit-learn,Data Scientist,Remote,Remote,Senior (6-10 yrs),Remote,24.2,2024-09-09
IND2025178,Pandas,Data Scientist,Remote,Remote,Senior (6-10 yrs),Remote,24.2,2024-09-09
IND2025182,TensorFlow,Data Scientist,Kochi,Tier 2,Lead (10+ yrs),Hybrid,94.8,2025-09-14
IND2025182,Scikit-learn,Data Scientist,Kochi,Tier 2,Lead (10+ yrs),Hybrid,94.8,2025-09-14
IND2025182,NLP,Data Scientist,Kochi,Tier 2,Lead (10+ yrs),Hybrid,94.8,2025-09-14
IND2025182,Deep Learning,Data Scientist,Kochi,Tier 2,Lead (10+ yrs),Hybrid,94.8,2025-09-14
IND2025182,Machine Learning,Data Scientist,Kochi,Tier 2,Lead (10+ yrs),Hybrid,94.8,2025-09-14
IND2025185,NLP,Data Scientist,Remote,Remote,Mid (3-6 yrs),Hybrid,26.5,2025-12-24
IND2025185,TensorFlow,Data Scientist,Remote,Remote,Mid (3-6 yrs),Hybrid,26.5,2025-12-24
IND2025185,Machine Learning,Data Scientist,Remote,Remote,Mid (3-6 yrs),Hybrid,26.5,2025-12-24
IND2025185,Scikit-learn,Data Scientist,Remote,Remote,Mid (3-6 yrs),Hybrid,26.5,2025-12-24
IND2025185,Pandas,Data Scientist,Remote,Remote,Mid (3-6 yrs),Hybrid,26.5,2025-12-24
IND2025188,Data Visualization,Data Analyst,Remote,Remote,Fresher (0-1 yr),Remote,5.1,2025-07-19
IND2025188,SQL,Data Analyst,Remote,Remote,Fresher (0-1 yr),Remote,5.1,2025-07-19
IND2025188,Excel,Data Analyst,Remote,Remote,Fresher (0-1 yr),Remote,5.1,2025-07-19
IND2025188,Tableau,Data Analyst,Remote,Remote,Fresher (0-1 yr),Remote,5.1,2025-07-19
IND2025188,Power BI,Data Analyst,Remote,Remote,Fresher (0-1 yr),Remote,5.1,2025-07-19
IND2025188,Python,Data Analyst,Remote,Remote,Fresher (0-1 yr),Remote,5.1,2025-07-19
IND2025189,Excel,Business Analyst,Remote,Remote,Fresher (0-1 yr),Hybrid,5.2,2024-11-19
IND2025189,SQL,Business Analyst,Remote,Remote,Fresher (0-1 yr),Hybrid,5.2,2024-11-19
IND2025189,Requirements Gathering,Business Analyst,Remote,Remote,Fresher (0-1 yr),Hybrid,5.2,2024-11-19
IND2025189,Power BI,Business Analyst,Remote,Remote,Fresher (0-1 yr),Hybrid,5.2,2024-11-19
IND2025189,JIRA,Business Analyst,Remote,Remote,Fresher (0-1 yr),Hybrid,5.2,2024-11-19
IND2025193,SQL,Business Analyst,Mumbai,Tier 1,Fresher (0-1 yr),On-Site,5.4,2026-01-09
IND2025193,JIRA,Business Analyst,Mumbai,Tier 1,Fresher (0-1 yr),On-Site,5.4,2026-01-09
IND2025193,Agile,Business Analyst,Mumbai,Tier 1,Fresher (0-1 yr),On-Site,5.4,2026-01-09
IND2025194,Power BI,Business Analyst,Remote,Remote,Mid (3-6 yrs),On-Site,19.3,2025-08-11
IND2025194,JIRA,Business Analyst,Remote,Remote,Mid (3-6 yrs),On-Site,19.3,2025-08-11
IND2025194,Agile,Business Analyst,Remote,Remote,Mid (3-6 yrs),On-Site,19.3,2025-08-11
IND2025195,Excel,Data Analyst,Indore,Tier 2,Junior (1-3 yrs),Hybrid,10.4,2025-03-06
IND2025195,SQL,Data Analyst,Indore,Tier 2,Junior (1-3 yrs),Hybrid,10.4,2025-03-06
IND2025195,Tableau,Data Analyst,Indore,Tier 2,Junior (1-3 yrs),Hybrid,10.4,2025-03-06
IND2025195,Python,Data Analyst,Indore,Tier 2,Junior (1-3 yrs),Hybrid,10.4,2025-03-06
IND2025195,Data Visualization,Data Analyst,Indore,Tier 2,Junior (1-3 yrs),Hybrid,10.4,2025-03-06
IND2025211,Excel,Business Analyst,Remote,Remote,Mid (3-6 yrs),Hybrid,22.7,2026-03-04
IND2025211,Agile,Business Analyst,Remote,Remote,Mid (3-6 yrs),Hybrid,22.7,2026-03-04
IND2025211,SQL,Business Analyst,Remote,Remote,Mid (3-6 yrs),Hybrid,22.7,2026-03-04
IND2025220,JIRA,Business Analyst,Remote,Remote,Senior (6-10 yrs),On-Site,41.4,2025-01-11
IND2025220,Requirements Gathering,Business Analyst,Remote,Remote,Senior (6-10 yrs),On-Site,41.4,2025-01-11
IND2025220,Power BI,Business Analyst,Remote,Remote,Senior (6-10 yrs),On-Site,41.4,2025-01-11
IND2025220,SQL,Business Analyst,Remote,Remote,Senior (6-10 yrs),On-Site,41.4,2025-01-11
IND2025224,SQL,Business Analyst,Delhi,Tier 1,Lead (10+ yrs),Hybrid,22.6,2025-10-07
IND2025224,Excel,Business Analyst,Delhi,Tier 1,Lead (10+ yrs),Hybrid,22.6,2025-10-07
IND2025224,Requirements Gathering,Business Analyst,Delhi,Tier 1,Lead (10+ yrs),Hybrid,22.6,2025-10-07
IND2025224,Power BI,Business Analyst,Delhi,Tier 1,Lead (10+ yrs),Hybrid,22.6,2025-10-07
IND2025224,Agile,Business Analyst,Delhi,Tier 1,Lead (10+ yrs),Hybrid,22.6,2025-10-07
IND2025229,Spark,Data Engineer,Chennai,Tier 1,Mid (3-6 yrs),Hybrid,25.6,2024-11-13
IND2025229,AWS,Data Engineer,Chennai,Tier 1,Mid (3-6 yrs),Hybrid,25.6,2024-11-13
IND2025229,ETL,Data Engineer,Chennai,Tier 1,Mid (3-6 yrs),Hybrid,25.6,2024-11-13
IND2025229,Airflow,Data Engineer,Chennai,Tier 1,Mid (3-6 yrs),Hybrid,25.6,2024-11-13
IND2025235,Statistics,Data Analyst,Remote,Remote,Senior (6-10 yrs),Remote,18.3,2025-01-21
IND2025235,Excel,Data Analyst,Remote,Remote,Senior (6-10 yrs),Remote,18.3,2025-01-21
IND2025235,Data Visualization,Data Analyst,Remote,Remote,Senior (6-10 yrs),Remote,18.3,2025-01-21
IND2025235,Python,Data Analyst,Remote,Remote,Senior (6-10 yrs),Remote,18.3,2025-01-21
IND2025235,Tableau,Data Analyst,Remote,Remote,Senior (6-10 yrs),Remote,18.3,2025-01-21
IND2025235,SQL,Data Analyst,Remote,Remote,Senior (6-10 yrs),Remote,18.3,2025-01-21
IND2025239,ETL,Data Engineer,Remote,Remote,Senior (6-10 yrs),Remote,15.4,2025-08-06
IND2025239,dbt,Data Engineer,Remote,Remote,Senior (6-10 yrs),Remote,15.4,2025-08-06
IND2025239,Python,Data Engineer,Remote,Remote,Senior (6-10 yrs),Remote,15.4,2025-08-06
IND2025239,Spark,Data Engineer,Remote,Remote,Senior (6-10 yrs),Remote,15.4,2025-08-06
IND2025240,Requirements Gathering,Business Analyst,Delhi,Tier 1,Mid (3-6 yrs),On-Site,26.8,2025-02-22
IND2025240,SQL,Business Analyst,Delhi,Tier 1,Mid (3-6 yrs),On-Site,26.8,2025-02-22
IND2025240,JIRA,Business Analyst,Delhi,Tier 1,Mid (3-6 yrs),On-Site,26.8,2025-02-22
IND2025240,Power BI,Business Analyst,Delhi,Tier 1,Mid (3-6 yrs),On-Site,26.8,2025-02-22
IND2025240,Excel,Business Analyst,Delhi,Tier 1,Mid (3-6 yrs),On-Site,26.8,2025-02-22
IND2025244,Excel,Data Analyst,Ahmedabad,Tier 2,Fresher (0-1 yr),On-Site,4.3,2026-03-04
IND2025244,Statistics,Data Analyst,Ahmedabad,Tier 2,Fresher (0-1 yr),On-Site,4.3,2026-03-04
IND2025244,Power BI,Data Analyst,Ahmedabad,Tier 2,Fresher (0-1 yr),On-Site,4.3,2026-03-04
IND2025244,Tableau,Data Analyst,Ahmedabad,Tier 2,Fresher (0-1 yr),On-Site,4.3,2026-03-04
IND2025245,Tableau,Data Scientist,Remote,Remote,Mid (3-6 yrs),Remote,36.9,2026-03-18
IND2025245,Deep Learning,Data Scientist,Remote,Remote,Mid (3-6 yrs),Remote,36.9,2026-03-18
IND2025245,Scikit-learn,Data Scientist,Remote,Remote,Mid (3-6 yrs),Remote,36.9,2026-03-18
IND2025245,TensorFlow,Data Scientist,Remote,Remote,Mid (3-6 yrs),Remote,36.9,2026-03-18
IND2025246,Power BI,Business Analyst,Hyderabad,Tier 1,Junior (1-3 yrs),On-Site,10.7,2025-10-02
IND2025246,Requirements Gathering,Business Analyst,Hyderabad,Tier 1,Junior (1-3 yrs),On-Site,10.7,2025-10-02
IND2025246,SQL,Business Analyst,Hyderabad,Tier 1,Junior (1-3 yrs),On-Site,10.7,2025-10-02
IND2025246,JIRA,Business Analyst,Hyderabad,Tier 1,Junior (1-3 yrs),On-Site,10.7,2025-10-02
IND2025246,Excel,Business Analyst,Hyderabad,Tier 1,Junior (1-3 yrs),On-Site,10.7,2025-10-02
IND2025263,Python,Data Analyst,Remote,Remote,Junior (1-3 yrs),On-Site,11.2,2024-08-27
IND2025263,Tableau,Data Analyst,Remote,Remote,Junior (1-3 yrs),On-Site,11.2,2024-08-27
IND2025263,Power BI,Data Analyst,Remote,Remote,Junior (1-3 yrs),On-Site,11.2,2024-08-27
IND2025273,Power BI,Business Analyst,Kolkata,Tier 2,Senior (6-10 yrs),On-Site,48.2,2026-04-19
IND2025273,Requirements Gathering,Business Analyst,Kolkata,Tier 2,Senior (6-10 yrs),On-Site,48.2,2026-04-19
IND2025273,Excel,Business Analyst,Kolkata,Tier 2,Senior (6-10 yrs),On-Site,48.2,2026-04-19
IND2025277,Statistics,Data Analyst,Remote,Remote,Mid (3-6 yrs),On-Site,19.0,2024-07-15
IND2025277,Python,Data Analyst,Remote,Remote,Mid (3-6 yrs),On-Site,19.0,2024-07-15
IND2025277,Data Visualization,Data Analyst,Remote,Remote,Mid (3-6 yrs),On-Site,19.0,2024-07-15
IND2025277,Excel,Data Analyst,Remote,Remote,Mid (3-6 yrs),On-Site,19.0,2024-07-15
IND2025277,Tableau,Data Analyst,Remote,Remote,Mid (3-6 yrs),On-Site,19.0,2024-07-15
IND2025277,Power BI,Data Analyst,Remote,Remote,Mid (3-6 yrs),On-Site,19.0,2024-07-15
IND2025290,ETL,Data Engineer,Remote,Remote,Fresher (0-1 yr),Remote,3.9,2024-09-17
IND2025290,AWS,Data Engineer,Remote,Remote,Fresher (0-1 yr),Remote,3.9,2024-09-17
IND2025290,Python,Data Engineer,Remote,Remote,Fresher (0-1 yr),Remote,3.9,2024-09-17
IND2025298,ETL,Data Engineer,Remote,Remote,Junior (1-3 yrs),On-Site,11.7,2024-08-26
IND2025298,AWS,Data Engineer,Remote,Remote,Junior (1-3 yrs),On-Site,11.7,2024-08-26
IND2025298,Airflow,Data Engineer,Remote,Remote,Junior (1-3 yrs),On-Site,11.7,2024-08-26
IND2025298,Spark,Data Engineer,Remote,Remote,Junior (1-3 yrs),On-Site,11.7,2024-08-26
IND2025300,Deep Learning,Data Scientist,Hyderabad,Tier 1,Lead (10+ yrs),Hybrid,61.6,2024-08-30
IND2025300,NLP,Data Scientist,Hyderabad,Tier 1,Lead (10+ yrs),Hybrid,61.6,2024-08-30
IND2025300,SQL,Data Scientist,Hyderabad,Tier 1,Lead (10+ yrs),Hybrid,61.6,2024-08-30
IND2025300,TensorFlow,Data Scientist,Hyderabad,Tier 1,Lead (10+ yrs),Hybrid,61.6,2024-08-30
IND2025300,Scikit-learn,Data Scientist,Hyderabad,Tier 1,Lead (10+ yrs),Hybrid,61.6,2024-08-30
IND2025326,Power BI,Data Analyst,Indore,Tier 2,Junior (1-3 yrs),Hybrid,12.8,2026-03-27
IND2025326,Excel,Data Analyst,Indore,Tier 2,Junior (1-3 yrs),Hybrid,12.8,2026-03-27
IND2025326,Python,Data Analyst,Indore,Tier 2,Junior (1-3 yrs),Hybrid,12.8,2026-03-27
IND2025326,SQL,Data Analyst,Indore,Tier 2,Junior (1-3 yrs),Hybrid,12.8,2026-03-27
IND2025331,Excel,Business Analyst,Remote,Remote,Fresher (0-1 yr),Remote,5.7,2025-05-19
IND2025331,JIRA,Business Analyst,Remote,Remote,Fresher (0-1 yr),Remote,5.7,2025-05-19
IND2025331,SQL,Business Analyst,Remote,Remote,Fresher (0-1 yr),Remote,5.7,2025-05-19
IND2025331,Power BI,Business Analyst,Remote,Remote,Fresher (0-1 yr),Remote,5.7,2025-05-19
IND2025331,Agile,Business Analyst,Remote,Remote,Fresher (0-1 yr),Remote,5.7,2025-05-19
IND2025332,JIRA,Business Analyst,Remote,Remote,Senior (6-10 yrs),Remote,23.7,2025-12-31
IND2025332,Power BI,Business Analyst,Remote,Remote,Senior (6-10 yrs),Remote,23.7,2025-12-31
IND2025332,Requirements Gathering,Business Analyst,Remote,Remote,Senior (6-10 yrs),Remote,23.7,2025-12-31
IND2025332,Excel,Business Analyst,Remote,Remote,Senior (6-10 yrs),Remote,23.7,2025-12-31
IND2025332,SQL,Business Analyst,Remote,Remote,Senior (6-10 yrs),Remote,23.7,2025-12-31
IND2025343,Agile,Business Analyst,Remote,Remote,Fresher (0-1 yr),Remote,5.0,2025-05-26
IND2025343,Excel,Business Analyst,Remote,Remote,Fresher (0-1 yr),Remote,5.0,2025-05-26
IND2025343,JIRA,Business Analyst,Remote,Remote,Fresher (0-1 yr),Remote,5.0,2025-05-26
IND2025343,Power BI,Business Analyst,Remote,Remote,Fresher (0-1 yr),Remote,5.0,2025-05-26
IND2025355,dbt,Data Engineer,Ahmedabad,Tier 2,Mid (3-6 yrs),Hybrid,22.1,2025-04-04
IND2025355,Spark,Data Engineer,Ahmedabad,Tier 2,Mid (3-6 yrs),Hybrid,22.1,2025-04-04
IND2025355,Kafka,Data Engineer,Ahmedabad,Tier 2,Mid (3-6 yrs),Hybrid,22.1,2025-04-04
IND2025355,Python,Data Engineer,Ahmedabad,Tier 2,Mid (3-6 yrs),Hybrid,22.1,2025-04-04
IND2025355,AWS,Data Engineer,Ahmedabad,Tier 2,Mid (3-6 yrs),Hybrid,22.1,2025-04-04
IND2025355,Airflow,Data Engineer,Ahmedabad,Tier 2,Mid (3-6 yrs),Hybrid,22.1,2025-04-04
IND2025381,TensorFlow,Data Scientist,Remote,Remote,Fresher (0-1 yr),Remote,4.9,2025-09-29
IND2025381,Deep Learning,Data Scientist,Remote,Remote,Fresher (0-1 yr),Remote,4.9,2025-09-29
IND2025381,Machine Learning,Data Scientist,Remote,Remote,Fresher (0-1 yr),Remote,4.9,2025-09-29
IND2025386,dbt,Data Engineer,Remote,Remote,Mid (3-6 yrs),Remote,10.4,2025-12-28
IND2025386,Python,Data Engineer,Remote,Remote,Mid (3-6 yrs),Remote,10.4,2025-12-28
IND2025386,SQL,Data Engineer,Remote,Remote,Mid (3-6 yrs),Remote,10.4,2025-12-28
IND2025386,Spark,Data Engineer,Remote,Remote,Mid (3-6 yrs),Remote,10.4,2025-12-28
IND2025386,ETL,Data Engineer,Remote,Remote,Mid (3-6 yrs),Remote,10.4,2025-12-28
IND2025399,Statistics,Data Analyst,Mumbai,Tier 1,Lead (10+ yrs),On-Site,70.8,2026-03-08
IND2025399,SQL,Data Analyst,Mumbai,Tier 1,Lead (10+ yrs),On-Site,70.8,2026-03-08
IND2025399,Excel,Data Analyst,Mumbai,Tier 1,Lead (10+ yrs),On-Site,70.8,2026-03-08
IND2025399,Data Visualization,Data Analyst,Mumbai,Tier 1,Lead (10+ yrs),On-Site,70.8,2026-03-08
IND2025399,Power BI,Data Analyst,Mumbai,Tier 1,Lead (10+ yrs),On-Site,70.8,2026-03-08
IND2025410,Python,Data Engineer,Kolkata,Tier 2,Junior (1-3 yrs),On-Site,8.9,2026-02-20
IND2025410,AWS,Data Engineer,Kolkata,Tier 2,Junior (1-3 yrs),On-Site,8.9,2026-02-20
IND2025410,dbt,Data Engineer,Kolkata,Tier 2,Junior (1-3 yrs),On-Site,8.9,2026-02-20
IND2025410,SQL,Data Engineer,Kolkata,Tier 2,Junior (1-3 yrs),On-Site,8.9,2026-02-20
IND2025414,SQL,Data Analyst,Remote,Remote,Senior (6-10 yrs),Remote,34.2,2025-07-17
IND2025414,Data Visualization,Data Analyst,Remote,Remote,Senior (6-10 yrs),Remote,34.2,2025-07-17
IND2025414,Statistics,Data Analyst,Remote,Remote,Senior (6-10 yrs),Remote,34.2,2025-07-17
IND2025414,Python,Data Analyst,Remote,Remote,Senior (6-10 yrs),Remote,34.2,2025-07-17
IND2025414,Excel,Data Analyst,Remote,Remote,Senior (6-10 yrs),Remote,34.2,2025-07-17
IND2025414,Power BI,Data Analyst,Remote,Remote,Senior (6-10 yrs),Remote,34.2,2025-07-17
IND2025416,Excel,Data Analyst,Remote,Remote,Mid (3-6 yrs),Hybrid,18.8,2025-04-16
IND2025416,SQL,Data Analyst,Remote,Remote,Mid (3-6 yrs),Hybrid,18.8,2025-04-16
IND2025416,Statistics,Data Analyst,Remote,Remote,Mid (3-6 yrs),Hybrid,18.8,2025-04-16
IND2025416,Data Visualization,Data Analyst,Remote,Remote,Mid (3-6 yrs),Hybrid,18.8,2025-04-16
IND2025421,NLP,Data Scientist,Ahmedabad,Tier 2,Junior (1-3 yrs),Hybrid,15.2,2024-10-26
IND2025421,Scikit-learn,Data Scientist,Ahmedabad,Tier 2,Junior (1-3 yrs),Hybrid,15.2,2024-10-26
IND2025421,SQL,Data Scientist,Ahmedabad,Tier 2,Junior (1-3 yrs),Hybrid,15.2,2024-10-26
IND2025421,Python,Data Scientist,Ahmedabad,Tier 2,Junior (1-3 yrs),Hybrid,15.2,2024-10-26
IND2025422,Power BI,Business Analyst,Jaipur,Tier 2,Lead (10+ yrs),Hybrid,2.9,2024-10-08
IND2025422,Excel,Business Analyst,Jaipur,Tier 2,Lead (10+ yrs),Hybrid,2.9,2024-10-08
IND2025422,SQL,Business Analyst,Jaipur,Tier 2,Lead (10+ yrs),Hybrid,2.9,2024-10-08
IND2025422,JIRA,Business Analyst,Jaipur,Tier 2,Lead (10+ yrs),Hybrid,2.9,2024-10-08
IND2025429,Tableau,Data Scientist,Mumbai,Tier 1,Junior (1-3 yrs),Hybrid,10.5,2025-05-05
IND2025429,Python,Data Scientist,Mumbai,Tier 1,Junior (1-3 yrs),Hybrid,10.5,2025-05-05
IND2025429,NLP,Data Scientist,Mumbai,Tier 1,Junior (1-3 yrs),Hybrid,10.5,2025-05-05
IND2025429,SQL,Data Scientist,Mumbai,Tier 1,Junior (1-3 yrs),Hybrid,10.5,2025-05-05
IND2025429,Scikit-learn,Data Scientist,Mumbai,Tier 1,Junior (1-3 yrs),Hybrid,10.5,2025-05-05
IND2025433,dbt,Data Engineer,Ahmedabad,Tier 2,Junior (1-3 yrs),Hybrid,10.0,2024-12-01
IND2025433,SQL,Data Engineer,Ahmedabad,Tier 2,Junior (1-3 yrs),Hybrid,10.0,2024-12-01
IND2025433,Spark,Data Engineer,Ahmedabad,Tier 2,Junior (1-3 yrs),Hybrid,10.0,2024-12-01
IND2025433,Airflow,Data Engineer,Ahmedabad,Tier 2,Junior (1-3 yrs),Hybrid,10.0,2024-12-01
IND2025433,AWS,Data Engineer,Ahmedabad,Tier 2,Junior (1-3 yrs),Hybrid,10.0,2024-12-01
IND2025435,Requirements Gathering,Business Analyst,Delhi,Tier 1,Junior (1-3 yrs),On-Site,12.2,2024-06-11
IND2025435,Power BI,Business Analyst,Delhi,Tier 1,Junior (1-3 yrs),On-Site,12.2,2024-06-11
IND2025435,JIRA,Business Analyst,Delhi,Tier 1,Junior (1-3 yrs),On-Site,12.2,2024-06-11
IND2025435,SQL,Business Analyst,Delhi,Tier 1,Junior (1-3 yrs),On-Site,12.2,2024-06-11
IND2025435,Excel,Business Analyst,Delhi,Tier 1,Junior (1-3 yrs),On-Site,12.2,2024-06-11
IND2025435,Agile,Business Analyst,Delhi,Tier 1,Junior (1-3 yrs),On-Site,12.2,2024-06-11
IND2025438,Statistics,Data Analyst,Remote,Remote,Lead (10+ yrs),On-Site,76.9,2024-09-07
IND2025438,Data Visualization,Data Analyst,Remote,Remote,Lead (10+ yrs),On-Site,76.9,2024-09-07
IND2025438,SQL,Data Analyst,Remote,Remote,Lead (10+ yrs),On-Site,76.9,2024-09-07
IND2025438,Excel,Data Analyst,Remote,Remote,Lead (10+ yrs),On-Site,76.9,2024-09-07
IND2025440,SQL,Data Scientist,Delhi,Tier 1,Mid (3-6 yrs),On-Site,16.8,2025-04-29
IND2025440,NLP,Data Scientist,Delhi,Tier 1,Mid (3-6 yrs),On-Site,16.8,2025-04-29
IND2025440,Machine Learning,Data Scientist,Delhi,Tier 1,Mid (3-6 yrs),On-Site,16.8,2025-04-29
IND2025440,Deep Learning,Data Scientist,Delhi,Tier 1,Mid (3-6 yrs),On-Site,16.8,2025-04-29
IND2025440,Python,Data Scientist,Delhi,Tier 1,Mid (3-6 yrs),On-Site,16.8,2025-04-29
IND2025440,TensorFlow,Data Scientist,Delhi,Tier 1,Mid (3-6 yrs),On-Site,16.8,2025-04-29
IND2025444,Tableau,Data Analyst,Remote,Remote,Fresher (0-1 yr),Hybrid,5.8,2025-04-15
IND2025444,Statistics,Data Analyst,Remote,Remote,Fresher (0-1 yr),Hybrid,5.8,2025-04-15
IND2025444,Data Visualization,Data Analyst,Remote,Remote,Fresher (0-1 yr),Hybrid,5.8,2025-04-15
IND2025463,Requirements Gathering,Business Analyst,Remote,Remote,Fresher (0-1 yr),Remote,5.3,2025-03-26
IND2025463,Excel,Business Analyst,Remote,Remote,Fresher (0-1 yr),Remote,5.3,2025-03-26
IND2025463,Agile,Business Analyst,Remote,Remote,Fresher (0-1 yr),Remote,5.3,2025-03-26
IND2025463,JIRA,Business Analyst,Remote,Remote,Fresher (0-1 yr),Remote,5.3,2025-03-26
IND2025463,Power BI,Business Analyst,Remote,Remote,Fresher (0-1 yr),Remote,5.3,2025-03-26
IND2025472,SQL,Business Analyst,Remote,Remote,Fresher (0-1 yr),Remote,4.5,2024-09-16
IND2025472,JIRA,Business Analyst,Remote,Remote,Fresher (0-1 yr),Remote,4.5,2024-09-16
IND2025472,Requirements Gathering,Business Analyst,Remote,Remote,Fresher (0-1 yr),Remote,4.5,2024-09-16
IND2025472,Agile,Business Analyst,Remote,Remote,Fresher (0-1 yr),Remote,4.5,2024-09-16
IND2025472,Excel,Business Analyst,Remote,Remote,Fresher (0-1 yr),Remote,4.5,2024-09-16
IND2025474,Agile,Business Analyst,Chennai,Tier 1,Fresher (0-1 yr),Hybrid,7.3,2026-04-26
IND2025474,Power BI,Business Analyst,Chennai,Tier 1,Fresher (0-1 yr),Hybrid,7.3,2026-04-26
IND2025474,SQL,Business Analyst,Chennai,Tier 1,Fresher (0-1 yr),Hybrid,7.3,2026-04-26
IND2025474,JIRA,Business Analyst,Chennai,Tier 1,Fresher (0-1 yr),Hybrid,7.3,2026-04-26
IND2025474,Excel,Business Analyst,Chennai,Tier 1,Fresher (0-1 yr),Hybrid,7.3,2026-04-26
IND2025474,Requirements Gathering,Business Analyst,Chennai,Tier 1,Fresher (0-1 yr),Hybrid,7.3,2026-04-26
IND2025477,Tableau,Data Scientist,Remote,Remote,Lead (10+ yrs),Remote,84.7,2026-04-22
IND2025477,Deep Learning,Data Scientist,Remote,Remote,Lead (10+ yrs),Remote,84.7,2026-04-22
IND2025477,Machine Learning,Data Scientist,Remote,Remote,Lead (10+ yrs),Remote,84.7,2026-04-22
IND2025482,JIRA,Business Analyst,Bangalore,Tier 1,Senior (6-10 yrs),On-Site,16.9,2026-02-02
IND2025482,Power BI,Business Analyst,Bangalore,Tier 1,Senior (6-10 yrs),On-Site,16.9,2026-02-02
IND2025482,Requirements Gathering,Business Analyst,Bangalore,Tier 1,Senior (6-10 yrs),On-Site,16.9,2026-02-02
IND2025492,Statistics,Data Analyst,Remote,Remote,Lead (10+ yrs),Remote,56.7,2026-04-01
IND2025492,Data Visualization,Data Analyst,Remote,Remote,Lead (10+ yrs),Remote,56.7,2026-04-01
IND2025492,Tableau,Data Analyst,Remote,Remote,Lead (10+ yrs),Remote,56.7,2026-04-01
IND2025497,Airflow,Data Engineer,Remote,Remote,Fresher (0-1 yr),On-Site,4.1,2024-11-21
IND2025497,AWS,Data Engineer,Remote,Remote,Fresher (0-1 yr),On-Site,4.1,2024-11-21
IND2025497,ETL,Data Engineer,Remote,Remote,Fresher (0-1 yr),On-Site,4.1,2024-11-21
IND2025497,Python,Data Engineer,Remote,Remote,Fresher (0-1 yr),On-Site,4.1,2024-11-21
IND2025497,dbt,Data Engineer,Remote,Remote,Fresher (0-1 yr),On-Site,4.1,2024-11-21
IND2025503,Tableau,Data Analyst,Remote,Remote,Fresher (0-1 yr),Hybrid,5.8,2024-06-14
IND2025503,Data Visualization,Data Analyst,Remote,Remote,Fresher (0-1 yr),Hybrid,5.8,2024-06-14
IND2025503,Power BI,Data Analyst,Remote,Remote,Fresher (0-1 yr),Hybrid,5.8,2024-06-14
IND2025503,Statistics,Data Analyst,Remote,Remote,Fresher (0-1 yr),Hybrid,5.8,2024-06-14
IND2025503,Python,Data Analyst,Remote,Remote,Fresher (0-1 yr),Hybrid,5.8,2024-06-14
IND2025504,Statistics,Data Scientist,Remote,Remote,Senior (6-10 yrs),Remote,49.8,2025-11-17
IND2025504,Scikit-learn,Data Scientist,Remote,Remote,Senior (6-10 yrs),Remote,49.8,2025-11-17
IND2025504,Machine Learning,Data Scientist,Remote,Remote,Senior (6-10 yrs),Remote,49.8,2025-11-17
IND2025504,Deep Learning,Data Scientist,Remote,Remote,Senior (6-10 yrs),Remote,49.8,2025-11-17
IND2025504,Python,Data Scientist,Remote,Remote,Senior (6-10 yrs),Remote,49.8,2025-11-17
IND2025507,Excel,Data Analyst,Delhi,Tier 1,Senior (6-10 yrs),Hybrid,37.5,2025-10-29
IND2025507,Statistics,Data Analyst,Delhi,Tier 1,Senior (6-10 yrs),Hybrid,37.5,2025-10-29
IND2025507,SQL,Data Analyst,Delhi,Tier 1,Senior (6-10 yrs),Hybrid,37.5,2025-10-29
IND2025507,Power BI,Data Analyst,Delhi,Tier 1,Senior (6-10 yrs),Hybrid,37.5,2025-10-29
IND2025507,Data Visualization,Data Analyst,Delhi,Tier 1,Senior (6-10 yrs),Hybrid,37.5,2025-10-29
IND2025514,Scikit-learn,Data Scientist,Mumbai,Tier 1,Junior (1-3 yrs),Hybrid,8.2,2024-06-24
IND2025514,Deep Learning,Data Scientist,Mumbai,Tier 1,Junior (1-3 yrs),Hybrid,8.2,2024-06-24
IND2025514,Statistics,Data Scientist,Mumbai,Tier 1,Junior (1-3 yrs),Hybrid,8.2,2024-06-24
IND2025514,Python,Data Scientist,Mumbai,Tier 1,Junior (1-3 yrs),Hybrid,8.2,2024-06-24
IND2025514,SQL,Data Scientist,Mumbai,Tier 1,Junior (1-3 yrs),Hybrid,8.2,2024-06-24
IND2025521,Airflow,Data Engineer,Lucknow,Tier 2,Mid (3-6 yrs),On-Site,19.6,2024-10-06
IND2025521,dbt,Data Engineer,Lucknow,Tier 2,Mid (3-6 yrs),On-Site,19.6,2024-10-06
IND2025521,ETL,Data Engineer,Lucknow,Tier 2,Mid (3-6 yrs),On-Site,19.6,2024-10-06
IND2025542,Tableau,Data Analyst,Bangalore,Tier 1,Senior (6-10 yrs),On-Site,29.0,2025-10-21
IND2025542,Data Visualization,Data Analyst,Bangalore,Tier 1,Senior (6-10 yrs),On-Site,29.0,2025-10-21
IND2025542,SQL,Data Analyst,Bangalore,Tier 1,Senior (6-10 yrs),On-Site,29.0,2025-10-21
IND2025542,Excel,Data Analyst,Bangalore,Tier 1,Senior (6-10 yrs),On-Site,29.0,2025-10-21
IND2025542,Power BI,Data Analyst,Bangalore,Tier 1,Senior (6-10 yrs),On-Site,29.0,2025-10-21
IND2025542,Statistics,Data Analyst,Bangalore,Tier 1,Senior (6-10 yrs),On-Site,29.0,2025-10-21
IND2025548,Tableau,Data Analyst,Remote,Remote,Junior (1-3 yrs),Remote,12.6,2025-09-21
IND2025548,Statistics,Data Analyst,Remote,Remote,Junior (1-3 yrs),Remote,12.6,2025-09-21
IND2025548,Excel,Data Analyst,Remote,Remote,Junior (1-3 yrs),Remote,12.6,2025-09-21
IND2025549,Python,Data Engineer,Delhi,Tier 1,Fresher (0-1 yr),On-Site,5.7,2025-02-13
IND2025549,Airflow,Data Engineer,Delhi,Tier 1,Fresher (0-1 yr),On-Site,5.7,2025-02-13
IND2025549,Kafka,Data Engineer,Delhi,Tier 1,Fresher (0-1 yr),On-Site,5.7,2025-02-13
IND2025549,ETL,Data Engineer,Delhi,Tier 1,Fresher (0-1 yr),On-Site,5.7,2025-02-13
IND2025549,SQL,Data Engineer,Delhi,Tier 1,Fresher (0-1 yr),On-Site,5.7,2025-02-13
IND2025550,Requirements Gathering,Business Analyst,Remote,Remote,Fresher (0-1 yr),Hybrid,3.0,2026-03-15
IND2025550,Power BI,Business Analyst,Remote,Remote,Fresher (0-1 yr),Hybrid,3.0,2026-03-15
IND2025550,Excel,Business Analyst,Remote,Remote,Fresher (0-1 yr),Hybrid,3.0,2026-03-15
IND2025552,AWS,Data Engineer,Remote,Remote,Fresher (0-1 yr),On-Site,7.4,2024-06-29
IND2025552,Airflow,Data Engineer,Remote,Remote,Fresher (0-1 yr),On-Site,7.4,2024-06-29
IND2025552,dbt,Data Engineer,Remote,Remote,Fresher (0-1 yr),On-Site,7.4,2024-06-29
IND2025552,ETL,Data Engineer,Remote,Remote,Fresher (0-1 yr),On-Site,7.4,2024-06-29
IND2025552,SQL,Data Engineer,Remote,Remote,Fresher (0-1 yr),On-Site,7.4,2024-06-29
IND2025552,Spark,Data Engineer,Remote,Remote,Fresher (0-1 yr),On-Site,7.4,2024-06-29
IND2025553,Data Visualization,Data Analyst,Mumbai,Tier 1,Mid (3-6 yrs),Hybrid,18.3,2025-07-18
IND2025553,Tableau,Data Analyst,Mumbai,Tier 1,Mid (3-6 yrs),Hybrid,18.3,2025-07-18
IND2025553,Excel,Data Analyst,Mumbai,Tier 1,Mid (3-6 yrs),Hybrid,18.3,2025-07-18
IND2025554,SQL,Business Analyst,Remote,Remote,Fresher (0-1 yr),Remote,6.9,2024-12-27
IND2025554,Agile,Business Analyst,Remote,Remote,Fresher (0-1 yr),Remote,6.9,2024-12-27
IND2025554,JIRA,Business Analyst,Remote,Remote,Fresher (0-1 yr),Remote,6.9,2024-12-27
IND2025556,Tableau,Data Scientist,Bangalore,Tier 1,Junior (1-3 yrs),On-Site,12.1,2026-03-14
IND2025556,Deep Learning,Data Scientist,Bangalore,Tier 1,Junior (1-3 yrs),On-Site,12.1,2026-03-14
IND2025556,SQL,Data Scientist,Bangalore,Tier 1,Junior (1-3 yrs),On-Site,12.1,2026-03-14
IND2025556,Statistics,Data Scientist,Bangalore,Tier 1,Junior (1-3 yrs),On-Site,12.1,2026-03-14
IND2025556,NLP,Data Scientist,Bangalore,Tier 1,Junior (1-3 yrs),On-Site,12.1,2026-03-14
IND2025559,Power BI,Business Analyst,Chennai,Tier 1,Fresher (0-1 yr),On-Site,5.3,2026-03-23
IND2025559,JIRA,Business Analyst,Chennai,Tier 1,Fresher (0-1 yr),On-Site,5.3,2026-03-23
IND2025559,Requirements Gathering,Business Analyst,Chennai,Tier 1,Fresher (0-1 yr),On-Site,5.3,2026-03-23
IND2025559,SQL,Business Analyst,Chennai,Tier 1,Fresher (0-1 yr),On-Site,5.3,2026-03-23
IND2025564,Tableau,Data Analyst,Hyderabad,Tier 1,Junior (1-3 yrs),On-Site,10.4,2025-03-22
IND2025564,Statistics,Data Analyst,Hyderabad,Tier 1,Junior (1-3 yrs),On-Site,10.4,2025-03-22
IND2025564,Power BI,Data Analyst,Hyderabad,Tier 1,Junior (1-3 yrs),On-Site,10.4,2025-03-22
IND2025564,SQL,Data Analyst,Hyderabad,Tier 1,Junior (1-3 yrs),On-Site,10.4,2025-03-22
IND2025564,Data Visualization,Data Analyst,Hyderabad,Tier 1,Junior (1-3 yrs),On-Site,10.4,2025-03-22
IND2025568,Pandas,Data Scientist,Kolkata,Tier 2,Junior (1-3 yrs),On-Site,18.6,2025-01-30
IND2025568,Statistics,Data Scientist,Kolkata,Tier 2,Junior (1-3 yrs),On-Site,18.6,2025-01-30
IND2025568,Tableau,Data Scientist,Kolkata,Tier 2,Junior (1-3 yrs),On-Site,18.6,2025-01-30
IND2025568,NLP,Data Scientist,Kolkata,Tier 2,Junior (1-3 yrs),On-Site,18.6,2025-01-30
IND2025568,Python,Data Scientist,Kolkata,Tier 2,Junior (1-3 yrs),On-Site,18.6,2025-01-30
IND2025573,Data Visualization,Data Analyst,Lucknow,Tier 2,Lead (10+ yrs),On-Site,3.1,2024-07-29
IND2025573,SQL,Data Analyst,Lucknow,Tier 2,Lead (10+ yrs),On-Site,3.1,2024-07-29
IND2025573,Power BI,Data Analyst,Lucknow,Tier 2,Lead (10+ yrs),On-Site,3.1,2024-07-29
IND2025573,Tableau,Data Analyst,Lucknow,Tier 2,Lead (10+ yrs),On-Site,3.1,2024-07-29
IND2025575,SQL,Data Engineer,Remote,Remote,Junior (1-3 yrs),Remote,12.6,2024-06-18
IND2025575,dbt,Data Engineer,Remote,Remote,Junior (1-3 yrs),Remote,12.6,2024-06-18
IND2025575,Spark,Data Engineer,Remote,Remote,Junior (1-3 yrs),Remote,12.6,2024-06-18
IND2025575,Airflow,Data Engineer,Remote,Remote,Junior (1-3 yrs),Remote,12.6,2024-06-18
IND2025575,ETL,Data Engineer,Remote,Remote,Junior (1-3 yrs),Remote,12.6,2024-06-18
IND2025597,Python,Data Scientist,Hyderabad,Tier 1,Senior (6-10 yrs),On-Site,32.8,2025-06-22
IND2025597,TensorFlow,Data Scientist,Hyderabad,Tier 1,Senior (6-10 yrs),On-Site,32.8,2025-06-22
IND2025597,SQL,Data Scientist,Hyderabad,Tier 1,Senior (6-10 yrs),On-Site,32.8,2025-06-22
IND2025597,Scikit-learn,Data Scientist,Hyderabad,Tier 1,Senior (6-10 yrs),On-Site,32.8,2025-06-22
IND2025601,Data Visualization,Data Analyst,Pune,Tier 1,Senior (6-10 yrs),On-Site,2.3,2025-07-22
IND2025601,Excel,Data Analyst,Pune,Tier 1,Senior (6-10 yrs),On-Site,2.3,2025-07-22
IND2025601,SQL,Data Analyst,Pune,Tier 1,Senior (6-10 yrs),On-Site,2.3,2025-07-22
IND2025601,Power BI,Data Analyst,Pune,Tier 1,Senior (6-10 yrs),On-Site,2.3,2025-07-22
IND2025601,Tableau,Data Analyst,Pune,Tier 1,Senior (6-10 yrs),On-Site,2.3,2025-07-22
IND2025602,Spark,Data Engineer,Pune,Tier 1,Junior (1-3 yrs),Hybrid,10.7,2024-08-19
IND2025602,Airflow,Data Engineer,Pune,Tier 1,Junior (1-3 yrs),Hybrid,10.7,2024-08-19
IND2025602,AWS,Data Engineer,Pune,Tier 1,Junior (1-3 yrs),Hybrid,10.7,2024-08-19
IND2025611,Tableau,Data Analyst,Remote,Remote,Lead (10+ yrs),Remote,72.7,2024-06-30
IND2025611,Excel,Data Analyst,Remote,Remote,Lead (10+ yrs),Remote,72.7,2024-06-30
IND2025611,Data Visualization,Data Analyst,Remote,Remote,Lead (10+ yrs),Remote,72.7,2024-06-30
IND2025611,SQL,Data Analyst,Remote,Remote,Lead (10+ yrs),Remote,72.7,2024-06-30
IND2025611,Python,Data Analyst,Remote,Remote,Lead (10+ yrs),Remote,72.7,2024-06-30
IND2025611,Statistics,Data Analyst,Remote,Remote,Lead (10+ yrs),Remote,72.7,2024-06-30
IND2025613,Excel,Business Analyst,Remote,Remote,Mid (3-6 yrs),Remote,9.3,2025-03-10
IND2025613,Requirements Gathering,Business Analyst,Remote,Remote,Mid (3-6 yrs),Remote,9.3,2025-03-10
IND2025613,SQL,Business Analyst,Remote,Remote,Mid (3-6 yrs),Remote,9.3,2025-03-10
IND2025633,ETL,Data Engineer,Indore,Tier 2,Fresher (0-1 yr),Hybrid,1.7,2025-08-16
IND2025633,Python,Data Engineer,Indore,Tier 2,Fresher (0-1 yr),Hybrid,1.7,2025-08-16
IND2025633,Spark,Data Engineer,Indore,Tier 2,Fresher (0-1 yr),Hybrid,1.7,2025-08-16
IND2025633,SQL,Data Engineer,Indore,Tier 2,Fresher (0-1 yr),Hybrid,1.7,2025-08-16
IND2025633,AWS,Data Engineer,Indore,Tier 2,Fresher (0-1 yr),Hybrid,1.7,2025-08-16
IND2025633,Kafka,Data Engineer,Indore,Tier 2,Fresher (0-1 yr),Hybrid,1.7,2025-08-16
IND2025635,dbt,Data Engineer,Chennai,Tier 1,Junior (1-3 yrs),Hybrid,1.6,2025-09-04
IND2025635,Spark,Data Engineer,Chennai,Tier 1,Junior (1-3 yrs),Hybrid,1.6,2025-09-04
IND2025635,Airflow,Data Engineer,Chennai,Tier 1,Junior (1-3 yrs),Hybrid,1.6,2025-09-04
IND2025635,AWS,Data Engineer,Chennai,Tier 1,Junior (1-3 yrs),Hybrid,1.6,2025-09-04
IND2025635,SQL,Data Engineer,Chennai,Tier 1,Junior (1-3 yrs),Hybrid,1.6,2025-09-04
IND2025636,Python,Data Scientist,Mumbai,Tier 1,Mid (3-6 yrs),Hybrid,24.9,2026-02-25
IND2025636,Statistics,Data Scientist,Mumbai,Tier 1,Mid (3-6 yrs),Hybrid,24.9,2026-02-25
IND2025636,Machine Learning,Data Scientist,Mumbai,Tier 1,Mid (3-6 yrs),Hybrid,24.9,2026-02-25
IND2025636,TensorFlow,Data Scientist,Mumbai,Tier 1,Mid (3-6 yrs),Hybrid,24.9,2026-02-25
IND2025640,Machine Learning,Data Scientist,Pune,Tier 1,Junior (1-3 yrs),On-Site,2.6,2024-10-24
IND2025640,Pandas,Data Scientist,Pune,Tier 1,Junior (1-3 yrs),On-Site,2.6,2024-10-24
IND2025640,Scikit-learn,Data Scientist,Pune,Tier 1,Junior (1-3 yrs),On-Site,2.6,2024-10-24
IND2025642,Kafka,Data Engineer,Remote,Remote,Mid (3-6 yrs),Hybrid,17.9,2025-02-19
IND2025642,SQL,Data Engineer,Remote,Remote,Mid (3-6 yrs),Hybrid,17.9,2025-02-19
IND2025642,ETL,Data Engineer,Remote,Remote,Mid (3-6 yrs),Hybrid,17.9,2025-02-19
IND2025642,Airflow,Data Engineer,Remote,Remote,Mid (3-6 yrs),Hybrid,17.9,2025-02-19
IND2025646,SQL,Data Engineer,Kolkata,Tier 2,Mid (3-6 yrs),On-Site,18.6,2024-09-02
IND2025646,ETL,Data Engineer,Kolkata,Tier 2,Mid (3-6 yrs),On-Site,18.6,2024-09-02
IND2025646,Kafka,Data Engineer,Kolkata,Tier 2,Mid (3-6 yrs),On-Site,18.6,2024-09-02
IND2025657,Power BI,Data Analyst,Remote,Remote,Fresher (0-1 yr),On-Site,6.9,2025-12-31
IND2025657,Python,Data Analyst,Remote,Remote,Fresher (0-1 yr),On-Site,6.9,2025-12-31
IND2025657,Data Visualization,Data Analyst,Remote,Remote,Fresher (0-1 yr),On-Site,6.9,2025-12-31
IND2025657,SQL,Data Analyst,Remote,Remote,Fresher (0-1 yr),On-Site,6.9,2025-12-31
IND2025657,Statistics,Data Analyst,Remote,Remote,Fresher (0-1 yr),On-Site,6.9,2025-12-31
IND2025657,Tableau,Data Analyst,Remote,Remote,Fresher (0-1 yr),On-Site,6.9,2025-12-31
IND2025664,Python,Data Scientist,Mumbai,Tier 1,Fresher (0-1 yr),Hybrid,4.0,2025-06-16
IND2025664,Statistics,Data Scientist,Mumbai,Tier 1,Fresher (0-1 yr),Hybrid,4.0,2025-06-16
IND2025664,TensorFlow,Data Scientist,Mumbai,Tier 1,Fresher (0-1 yr),Hybrid,4.0,2025-06-16
IND2025671,Excel,Data Analyst,Chennai,Tier 1,Fresher (0-1 yr),Hybrid,8.8,2025-12-19
IND2025671,Power BI,Data Analyst,Chennai,Tier 1,Fresher (0-1 yr),Hybrid,8.8,2025-12-19
IND2025671,Statistics,Data Analyst,Chennai,Tier 1,Fresher (0-1 yr),Hybrid,8.8,2025-12-19
IND2025671,Tableau,Data Analyst,Chennai,Tier 1,Fresher (0-1 yr),Hybrid,8.8,2025-12-19
IND2025671,Data Visualization,Data Analyst,Chennai,Tier 1,Fresher (0-1 yr),Hybrid,8.8,2025-12-19
IND2025672,Agile,Business Analyst,Remote,Remote,Fresher (0-1 yr),Remote,5.9,2025-06-07
IND2025672,JIRA,Business Analyst,Remote,Remote,Fresher (0-1 yr),Remote,5.9,2025-06-07
IND2025672,SQL,Business Analyst,Remote,Remote,Fresher (0-1 yr),Remote,5.9,2025-06-07
IND2025672,Power BI,Business Analyst,Remote,Remote,Fresher (0-1 yr),Remote,5.9,2025-06-07
IND2025676,Machine Learning,Data Scientist,Pune,Tier 1,Mid (3-6 yrs),Hybrid,17.2,2025-02-17
IND2025676,SQL,Data Scientist,Pune,Tier 1,Mid (3-6 yrs),Hybrid,17.2,2025-02-17
IND2025676,Pandas,Data Scientist,Pune,Tier 1,Mid (3-6 yrs),Hybrid,17.2,2025-02-17
IND2025676,Tableau,Data Scientist,Pune,Tier 1,Mid (3-6 yrs),Hybrid,17.2,2025-02-17
IND2025676,Python,Data Scientist,Pune,Tier 1,Mid (3-6 yrs),Hybrid,17.2,2025-02-17
IND2025676,Statistics,Data Scientist,Pune,Tier 1,Mid (3-6 yrs),Hybrid,17.2,2025-02-17
IND2025679,Power BI,Business Analyst,Remote,Remote,Mid (3-6 yrs),Remote,2.7,2024-07-11
IND2025679,Agile,Business Analyst,Remote,Remote,Mid (3-6 yrs),Remote,2.7,2024-07-11
IND2025679,Requirements Gathering,Business Analyst,Remote,Remote,Mid (3-6 yrs),Remote,2.7,2024-07-11
IND2025679,Excel,Business Analyst,Remote,Remote,Mid (3-6 yrs),Remote,2.7,2024-07-11
IND2025680,SQL,Data Engineer,Remote,Remote,Mid (3-6 yrs),Hybrid,28.4,2025-09-11
IND2025680,Airflow,Data Engineer,Remote,Remote,Mid (3-6 yrs),Hybrid,28.4,2025-09-11
IND2025680,Python,Data Engineer,Remote,Remote,Mid (3-6 yrs),Hybrid,28.4,2025-09-11
IND2025689,Spark,Data Engineer,Remote,Remote,Lead (10+ yrs),Remote,53.7,2025-11-25
IND2025689,dbt,Data Engineer,Remote,Remote,Lead (10+ yrs),Remote,53.7,2025-11-25
IND2025689,Python,Data Engineer,Remote,Remote,Lead (10+ yrs),Remote,53.7,2025-11-25
IND2025689,SQL,Data Engineer,Remote,Remote,Lead (10+ yrs),Remote,53.7,2025-11-25
IND2025689,AWS,Data Engineer,Remote,Remote,Lead (10+ yrs),Remote,53.7,2025-11-25
IND2025692,NLP,Data Scientist,Remote,Remote,Mid (3-6 yrs),Remote,21.2,2024-11-06
IND2025692,Statistics,Data Scientist,Remote,Remote,Mid (3-6 yrs),Remote,21.2,2024-11-06
IND2025692,Pandas,Data Scientist,Remote,Remote,Mid (3-6 yrs),Remote,21.2,2024-11-06
IND2025692,Python,Data Scientist,Remote,Remote,Mid (3-6 yrs),Remote,21.2,2024-11-06
IND2025698,Excel,Data Analyst,Bhubaneswar,Tier 2,Fresher (0-1 yr),On-Site,4.4,2024-11-29
IND2025698,Statistics,Data Analyst,Bhubaneswar,Tier 2,Fresher (0-1 yr),On-Site,4.4,2024-11-29
IND2025698,Power BI,Data Analyst,Bhubaneswar,Tier 2,Fresher (0-1 yr),On-Site,4.4,2024-11-29
IND2025705,Tableau,Data Scientist,Ahmedabad,Tier 2,Senior (6-10 yrs),On-Site,2.0,2025-01-30
IND2025705,Scikit-learn,Data Scientist,Ahmedabad,Tier 2,Senior (6-10 yrs),On-Site,2.0,2025-01-30
IND2025705,TensorFlow,Data Scientist,Ahmedabad,Tier 2,Senior (6-10 yrs),On-Site,2.0,2025-01-30
IND2025705,Pandas,Data Scientist,Ahmedabad,Tier 2,Senior (6-10 yrs),On-Site,2.0,2025-01-30
IND2025705,Deep Learning,Data Scientist,Ahmedabad,Tier 2,Senior (6-10 yrs),On-Site,2.0,2025-01-30
IND2025705,Statistics,Data Scientist,Ahmedabad,Tier 2,Senior (6-10 yrs),On-Site,2.0,2025-01-30
IND2025715,SQL,Data Scientist,Remote,Remote,Mid (3-6 yrs),Remote,26.7,2026-01-09
IND2025715,Pandas,Data Scientist,Remote,Remote,Mid (3-6 yrs),Remote,26.7,2026-01-09
IND2025715,Python,Data Scientist,Remote,Remote,Mid (3-6 yrs),Remote,26.7,2026-01-09
IND2025715,Tableau,Data Scientist,Remote,Remote,Mid (3-6 yrs),Remote,26.7,2026-01-09
IND2025715,TensorFlow,Data Scientist,Remote,Remote,Mid (3-6 yrs),Remote,26.7,2026-01-09
IND2025715,Deep Learning,Data Scientist,Remote,Remote,Mid (3-6 yrs),Remote,26.7,2026-01-09
IND2025718,Excel,Data Analyst,Remote,Remote,Senior (6-10 yrs),On-Site,36.3,2024-06-04
IND2025718,SQL,Data Analyst,Remote,Remote,Senior (6-10 yrs),On-Site,36.3,2024-06-04
IND2025718,Statistics,Data Analyst,Remote,Remote,Senior (6-10 yrs),On-Site,36.3,2024-06-04
IND2025720,dbt,Data Engineer,Remote,Remote,Fresher (0-1 yr),Remote,4.6,2025-08-11
IND2025720,SQL,Data Engineer,Remote,Remote,Fresher (0-1 yr),Remote,4.6,2025-08-11
IND2025720,AWS,Data Engineer,Remote,Remote,Fresher (0-1 yr),Remote,4.6,2025-08-11
IND2025720,Kafka,Data Engineer,Remote,Remote,Fresher (0-1 yr),Remote,4.6,2025-08-11
IND2025720,Spark,Data Engineer,Remote,Remote,Fresher (0-1 yr),Remote,4.6,2025-08-11
IND2025721,SQL,Data Scientist,Mumbai,Tier 1,Fresher (0-1 yr),On-Site,4.1,2025-04-23
IND2025721,Deep Learning,Data Scientist,Mumbai,Tier 1,Fresher (0-1 yr),On-Site,4.1,2025-04-23
IND2025721,Python,Data Scientist,Mumbai,Tier 1,Fresher (0-1 yr),On-Site,4.1,2025-04-23
IND2025721,Pandas,Data Scientist,Mumbai,Tier 1,Fresher (0-1 yr),On-Site,4.1,2025-04-23
IND2025721,Scikit-learn,Data Scientist,Mumbai,Tier 1,Fresher (0-1 yr),On-Site,4.1,2025-04-23
IND2025721,NLP,Data Scientist,Mumbai,Tier 1,Fresher (0-1 yr),On-Site,4.1,2025-04-23
IND2025728,Spark,Data Engineer,Bangalore,Tier 1,Junior (1-3 yrs),On-Site,6.1,2024-10-25
IND2025728,Airflow,Data Engineer,Bangalore,Tier 1,Junior (1-3 yrs),On-Site,6.1,2024-10-25
IND2025728,dbt,Data Engineer,Bangalore,Tier 1,Junior (1-3 yrs),On-Site,6.1,2024-10-25
IND2025728,ETL,Data Engineer,Bangalore,Tier 1,Junior (1-3 yrs),On-Site,6.1,2024-10-25
IND2025728,Kafka,Data Engineer,Bangalore,Tier 1,Junior (1-3 yrs),On-Site,6.1,2024-10-25
IND2025740,SQL,Data Analyst,Bangalore,Tier 1,Senior (6-10 yrs),On-Site,44.0,2024-11-26
IND2025740,Statistics,Data Analyst,Bangalore,Tier 1,Senior (6-10 yrs),On-Site,44.0,2024-11-26
IND2025740,Data Visualization,Data Analyst,Bangalore,Tier 1,Senior (6-10 yrs),On-Site,44.0,2024-11-26
IND2025740,Tableau,Data Analyst,Bangalore,Tier 1,Senior (6-10 yrs),On-Site,44.0,2024-11-26
IND2025742,Data Visualization,Data Analyst,Kochi,Tier 2,Junior (1-3 yrs),Hybrid,12.5,2025-01-24
IND2025742,SQL,Data Analyst,Kochi,Tier 2,Junior (1-3 yrs),Hybrid,12.5,2025-01-24
IND2025742,Statistics,Data Analyst,Kochi,Tier 2,Junior (1-3 yrs),Hybrid,12.5,2025-01-24
IND2025742,Tableau,Data Analyst,Kochi,Tier 2,Junior (1-3 yrs),Hybrid,12.5,2025-01-24
IND2025742,Power BI,Data Analyst,Kochi,Tier 2,Junior (1-3 yrs),Hybrid,12.5,2025-01-24
IND2025742,Excel,Data Analyst,Kochi,Tier 2,Junior (1-3 yrs),Hybrid,12.5,2025-01-24
IND2025743,Tableau,Data Analyst,Mumbai,Tier 1,Junior (1-3 yrs),Hybrid,12.5,2025-09-22
IND2025743,Excel,Data Analyst,Mumbai,Tier 1,Junior (1-3 yrs),Hybrid,12.5,2025-09-22
IND2025743,Python,Data Analyst,Mumbai,Tier 1,Junior (1-3 yrs),Hybrid,12.5,2025-09-22
IND2025743,Data Visualization,Data Analyst,Mumbai,Tier 1,Junior (1-3 yrs),Hybrid,12.5,2025-09-22
IND2025743,Statistics,Data Analyst,Mumbai,Tier 1,Junior (1-3 yrs),Hybrid,12.5,2025-09-22
IND2025745,Python,Data Engineer,Remote,Remote,Fresher (0-1 yr),On-Site,4.5,2026-04-12
IND2025745,Kafka,Data Engineer,Remote,Remote,Fresher (0-1 yr),On-Site,4.5,2026-04-12
IND2025745,SQL,Data Engineer,Remote,Remote,Fresher (0-1 yr),On-Site,4.5,2026-04-12
IND2025751,Python,Data Engineer,Lucknow,Tier 2,Junior (1-3 yrs),Hybrid,14.3,2025-08-11
IND2025751,Kafka,Data Engineer,Lucknow,Tier 2,Junior (1-3 yrs),Hybrid,14.3,2025-08-11
IND2025751,SQL,Data Engineer,Lucknow,Tier 2,Junior (1-3 yrs),Hybrid,14.3,2025-08-11
IND2025751,dbt,Data Engineer,Lucknow,Tier 2,Junior (1-3 yrs),Hybrid,14.3,2025-08-11
IND2025772,Machine Learning,Data Scientist,Bangalore,Tier 1,Junior (1-3 yrs),Hybrid,1.7,2024-11-23
IND2025772,Tableau,Data Scientist,Bangalore,Tier 1,Junior (1-3 yrs),Hybrid,1.7,2024-11-23
IND2025772,NLP,Data Scientist,Bangalore,Tier 1,Junior (1-3 yrs),Hybrid,1.7,2024-11-23
IND2025772,SQL,Data Scientist,Bangalore,Tier 1,Junior (1-3 yrs),Hybrid,1.7,2024-11-23
IND2025772,Python,Data Scientist,Bangalore,Tier 1,Junior (1-3 yrs),Hybrid,1.7,2024-11-23
IND2025773,Requirements Gathering,Business Analyst,Remote,Remote,Fresher (0-1 yr),Remote,4.9,2025-02-10
IND2025773,Excel,Business Analyst,Remote,Remote,Fresher (0-1 yr),Remote,4.9,2025-02-10
IND2025773,JIRA,Business Analyst,Remote,Remote,Fresher (0-1 yr),Remote,4.9,2025-02-10
IND2025773,SQL,Business Analyst,Remote,Remote,Fresher (0-1 yr),Remote,4.9,2025-02-10
IND2025773,Power BI,Business Analyst,Remote,Remote,Fresher (0-1 yr),Remote,4.9,2025-02-10
IND2025782,JIRA,Business Analyst,Jaipur,Tier 2,Junior (1-3 yrs),Hybrid,8.5,2024-09-18
IND2025782,Requirements Gathering,Business Analyst,Jaipur,Tier 2,Junior (1-3 yrs),Hybrid,8.5,2024-09-18
IND2025782,SQL,Business Analyst,Jaipur,Tier 2,Junior (1-3 yrs),Hybrid,8.5,2024-09-18
IND2025782,Power BI,Business Analyst,Jaipur,Tier 2,Junior (1-3 yrs),Hybrid,8.5,2024-09-18
IND2025782,Excel,Business Analyst,Jaipur,Tier 2,Junior (1-3 yrs),Hybrid,8.5,2024-09-18
IND2025782,Agile,Business Analyst,Jaipur,Tier 2,Junior (1-3 yrs),Hybrid,8.5,2024-09-18
IND2025790,Scikit-learn,Data Scientist,Remote,Remote,Mid (3-6 yrs),Remote,20.2,2025-02-12
IND2025790,Pandas,Data Scientist,Remote,Remote,Mid (3-6 yrs),Remote,20.2,2025-02-12
IND2025790,Machine Learning,Data Scientist,Remote,Remote,Mid (3-6 yrs),Remote,20.2,2025-02-12
IND2025790,Python,Data Scientist,Remote,Remote,Mid (3-6 yrs),Remote,20.2,2025-02-12
IND2025790,SQL,Data Scientist,Remote,Remote,Mid (3-6 yrs),Remote,20.2,2025-02-12
IND2025795,SQL,Data Scientist,Chandigarh,Tier 2,Senior (6-10 yrs),Hybrid,55.7,2025-05-03
IND2025795,Statistics,Data Scientist,Chandigarh,Tier 2,Senior (6-10 yrs),Hybrid,55.7,2025-05-03
IND2025795,Scikit-learn,Data Scientist,Chandigarh,Tier 2,Senior (6-10 yrs),Hybrid,55.7,2025-05-03
IND2025795,TensorFlow,Data Scientist,Chandigarh,Tier 2,Senior (6-10 yrs),Hybrid,55.7,2025-05-03
IND2025795,Pandas,Data Scientist,Chandigarh,Tier 2,Senior (6-10 yrs),Hybrid,55.7,2025-05-03
IND2025804,Python,Data Engineer,Remote,Remote,Senior (6-10 yrs),Remote,37.4,2024-07-24
IND2025804,Kafka,Data Engineer,Remote,Remote,Senior (6-10 yrs),Remote,37.4,2024-07-24
IND2025804,Airflow,Data Engineer,Remote,Remote,Senior (6-10 yrs),Remote,37.4,2024-07-24
IND2025804,ETL,Data Engineer,Remote,Remote,Senior (6-10 yrs),Remote,37.4,2024-07-24
IND2025804,dbt,Data Engineer,Remote,Remote,Senior (6-10 yrs),Remote,37.4,2024-07-24
IND2025804,Spark,Data Engineer,Remote,Remote,Senior (6-10 yrs),Remote,37.4,2024-07-24
IND2025805,SQL,Data Scientist,Delhi,Tier 1,Junior (1-3 yrs),On-Site,8.8,2026-03-27
IND2025805,Pandas,Data Scientist,Delhi,Tier 1,Junior (1-3 yrs),On-Site,8.8,2026-03-27
IND2025805,Machine Learning,Data Scientist,Delhi,Tier 1,Junior (1-3 yrs),On-Site,8.8,2026-03-27
IND2025805,Tableau,Data Scientist,Delhi,Tier 1,Junior (1-3 yrs),On-Site,8.8,2026-03-27
IND2025814,AWS,Data Engineer,Pune,Tier 1,Junior (1-3 yrs),On-Site,1.7,2025-05-11
IND2025814,Python,Data Engineer,Pune,Tier 1,Junior (1-3 yrs),On-Site,1.7,2025-05-11
IND2025814,Airflow,Data Engineer,Pune,Tier 1,Junior (1-3 yrs),On-Site,1.7,2025-05-11
IND2025814,ETL,Data Engineer,Pune,Tier 1,Junior (1-3 yrs),On-Site,1.7,2025-05-11
IND2025814,Spark,Data Engineer,Pune,Tier 1,Junior (1-3 yrs),On-Site,1.7,2025-05-11
IND2025814,dbt,Data Engineer,Pune,Tier 1,Junior (1-3 yrs),On-Site,1.7,2025-05-11
IND2025816,SQL,Data Scientist,Remote,Remote,Mid (3-6 yrs),Remote,22.0,2024-07-16
IND2025816,TensorFlow,Data Scientist,Remote,Remote,Mid (3-6 yrs),Remote,22.0,2024-07-16
IND2025816,Statistics,Data Scientist,Remote,Remote,Mid (3-6 yrs),Remote,22.0,2024-07-16
IND2025827,Python,Data Analyst,Delhi,Tier 1,Mid (3-6 yrs),Hybrid,19.3,2025-11-06
IND2025827,SQL,Data Analyst,Delhi,Tier 1,Mid (3-6 yrs),Hybrid,19.3,2025-11-06
IND2025827,Excel,Data Analyst,Delhi,Tier 1,Mid (3-6 yrs),Hybrid,19.3,2025-11-06
IND2025827,Tableau,Data Analyst,Delhi,Tier 1,Mid (3-6 yrs),Hybrid,19.3,2025-11-06
IND2025827,Statistics,Data Analyst,Delhi,Tier 1,Mid (3-6 yrs),Hybrid,19.3,2025-11-06
IND2025827,Data Visualization,Data Analyst,Delhi,Tier 1,Mid (3-6 yrs),Hybrid,19.3,2025-11-06
IND2025832,Airflow,Data Engineer,Remote,Remote,Mid (3-6 yrs),On-Site,15.1,2025-06-13
IND2025832,AWS,Data Engineer,Remote,Remote,Mid (3-6 yrs),On-Site,15.1,2025-06-13
IND2025832,Python,Data Engineer,Remote,Remote,Mid (3-6 yrs),On-Site,15.1,2025-06-13
IND2025857,Deep Learning,Data Scientist,Remote,Remote,Fresher (0-1 yr),Hybrid,5.9,2025-01-24
IND2025857,Tableau,Data Scientist,Remote,Remote,Fresher (0-1 yr),Hybrid,5.9,2025-01-24
IND2025857,Statistics,Data Scientist,Remote,Remote,Fresher (0-1 yr),Hybrid,5.9,2025-01-24
IND2025857,Scikit-learn,Data Scientist,Remote,Remote,Fresher (0-1 yr),Hybrid,5.9,2025-01-24
IND2025857,NLP,Data Scientist,Remote,Remote,Fresher (0-1 yr),Hybrid,5.9,2025-01-24
IND2025863,Python,Data Analyst,Kochi,Tier 2,Mid (3-6 yrs),On-Site,20.2,2025-10-19
IND2025863,Tableau,Data Analyst,Kochi,Tier 2,Mid (3-6 yrs),On-Site,20.2,2025-10-19
IND2025863,Excel,Data Analyst,Kochi,Tier 2,Mid (3-6 yrs),On-Site,20.2,2025-10-19
IND2025863,Data Visualization,Data Analyst,Kochi,Tier 2,Mid (3-6 yrs),On-Site,20.2,2025-10-19
IND2025863,Statistics,Data Analyst,Kochi,Tier 2,Mid (3-6 yrs),On-Site,20.2,2025-10-19
IND2025863,SQL,Data Analyst,Kochi,Tier 2,Mid (3-6 yrs),On-Site,20.2,2025-10-19
IND2025893,Airflow,Data Engineer,Lucknow,Tier 2,Junior (1-3 yrs),On-Site,1.7,2024-11-10
IND2025893,Spark,Data Engineer,Lucknow,Tier 2,Junior (1-3 yrs),On-Site,1.7,2024-11-10
IND2025893,dbt,Data Engineer,Lucknow,Tier 2,Junior (1-3 yrs),On-Site,1.7,2024-11-10
IND2025893,Kafka,Data Engineer,Lucknow,Tier 2,Junior (1-3 yrs),On-Site,1.7,2024-11-10
IND2025893,Python,Data Engineer,Lucknow,Tier 2,Junior (1-3 yrs),On-Site,1.7,2024-11-10
IND2025893,AWS,Data Engineer,Lucknow,Tier 2,Junior (1-3 yrs),On-Site,1.7,2024-11-10
IND2025896,NLP,Data Scientist,Remote,Remote,Junior (1-3 yrs),Remote,7.5,2026-04-18
IND2025896,Python,Data Scientist,Remote,Remote,Junior (1-3 yrs),Remote,7.5,2026-04-18
IND2025896,SQL,Data Scientist,Remote,Remote,Junior (1-3 yrs),Remote,7.5,2026-04-18
IND2025901,Python,Data Engineer,Chandigarh,Tier 2,Mid (3-6 yrs),Hybrid,14.8,2025-10-27
IND2025901,Kafka,Data Engineer,Chandigarh,Tier 2,Mid (3-6 yrs),Hybrid,14.8,2025-10-27
IND2025901,SQL,Data Engineer,Chandigarh,Tier 2,Mid (3-6 yrs),Hybrid,14.8,2025-10-27
IND2025901,AWS,Data Engineer,Chandigarh,Tier 2,Mid (3-6 yrs),Hybrid,14.8,2025-10-27
IND2025915,Airflow,Data Engineer,Remote,Remote,Senior (6-10 yrs),On-Site,16.8,2026-02-28
IND2025915,dbt,Data Engineer,Remote,Remote,Senior (6-10 yrs),On-Site,16.8,2026-02-28
IND2025915,Kafka,Data Engineer,Remote,Remote,Senior (6-10 yrs),On-Site,16.8,2026-02-28
IND2025919,dbt,Data Engineer,Remote,Remote,Junior (1-3 yrs),Remote,9.1,2025-05-01
IND2025919,Airflow,Data Engineer,Remote,Remote,Junior (1-3 yrs),Remote,9.1,2025-05-01
IND2025919,ETL,Data Engineer,Remote,Remote,Junior (1-3 yrs),Remote,9.1,2025-05-01
IND2025919,AWS,Data Engineer,Remote,Remote,Junior (1-3 yrs),Remote,9.1,2025-05-01
IND2025919,Python,Data Engineer,Remote,Remote,Junior (1-3 yrs),Remote,9.1,2025-05-01
IND2025928,SQL,Data Scientist,Pune,Tier 1,Fresher (0-1 yr),Hybrid,7.3,2024-07-13
IND2025928,Scikit-learn,Data Scientist,Pune,Tier 1,Fresher (0-1 yr),Hybrid,7.3,2024-07-13
IND2025928,Statistics,Data Scientist,Pune,Tier 1,Fresher (0-1 yr),Hybrid,7.3,2024-07-13
IND2025930,Data Visualization,Data Analyst,Delhi,Tier 1,Lead (10+ yrs),On-Site,58.0,2025-09-30
IND2025930,Python,Data Analyst,Delhi,Tier 1,Lead (10+ yrs),On-Site,58.0,2025-09-30
IND2025930,Power BI,Data Analyst,Delhi,Tier 1,Lead (10+ yrs),On-Site,58.0,2025-09-30
IND2025930,SQL,Data Analyst,Delhi,Tier 1,Lead (10+ yrs),On-Site,58.0,2025-09-30
IND2025931,dbt,Data Engineer,Indore,Tier 2,Junior (1-3 yrs),On-Site,11.5,2026-01-22
IND2025931,ETL,Data Engineer,Indore,Tier 2,Junior (1-3 yrs),On-Site,11.5,2026-01-22
IND2025931,SQL,Data Engineer,Indore,Tier 2,Junior (1-3 yrs),On-Site,11.5,2026-01-22
IND2025931,AWS,Data Engineer,Indore,Tier 2,Junior (1-3 yrs),On-Site,11.5,2026-01-22
IND2025931,Airflow,Data Engineer,Indore,Tier 2,Junior (1-3 yrs),On-Site,11.5,2026-01-22
IND2025934,Kafka,Data Engineer,Nagpur,Tier 2,Lead (10+ yrs),On-Site,21.7,2025-11-17
IND2025934,Python,Data Engineer,Nagpur,Tier 2,Lead (10+ yrs),On-Site,21.7,2025-11-17
IND2025934,dbt,Data Engineer,Nagpur,Tier 2,Lead (10+ yrs),On-Site,21.7,2025-11-17
IND2025934,AWS,Data Engineer,Nagpur,Tier 2,Lead (10+ yrs),On-Site,21.7,2025-11-17
IND2025937,Deep Learning,Data Scientist,Remote,Remote,Lead (10+ yrs),Remote,93.9,2025-08-21
IND2025937,SQL,Data Scientist,Remote,Remote,Lead (10+ yrs),Remote,93.9,2025-08-21
IND2025937,Pandas,Data Scientist,Remote,Remote,Lead (10+ yrs),Remote,93.9,2025-08-21
IND2025937,Python,Data Scientist,Remote,Remote,Lead (10+ yrs),Remote,93.9,2025-08-21
IND2025937,Tableau,Data Scientist,Remote,Remote,Lead (10+ yrs),Remote,93.9,2025-08-21
IND2025937,Scikit-learn,Data Scientist,Remote,Remote,Lead (10+ yrs),Remote,93.9,2025-08-21
IND2025942,Kafka,Data Engineer,Remote,Remote,Junior (1-3 yrs),Remote,7.2,2025-06-30
IND2025942,Airflow,Data Engineer,Remote,Remote,Junior (1-3 yrs),Remote,7.2,2025-06-30
IND2025942,ETL,Data Engineer,Remote,Remote,Junior (1-3 yrs),Remote,7.2,2025-06-30
IND2025951,Pandas,Data Scientist,Chennai,Tier 1,Mid (3-6 yrs),Hybrid,22.7,2025-02-03
IND2025951,Deep Learning,Data Scientist,Chennai,Tier 1,Mid (3-6 yrs),Hybrid,22.7,2025-02-03
IND2025951,TensorFlow,Data Scientist,Chennai,Tier 1,Mid (3-6 yrs),Hybrid,22.7,2025-02-03
IND2025951,NLP,Data Scientist,Chennai,Tier 1,Mid (3-6 yrs),Hybrid,22.7,2025-02-03
IND2025952,Python,Data Analyst,Pune,Tier 1,Junior (1-3 yrs),Hybrid,9.4,2025-04-22
IND2025952,Data Visualization,Data Analyst,Pune,Tier 1,Junior (1-3 yrs),Hybrid,9.4,2025-04-22
IND2025952,Excel,Data Analyst,Pune,Tier 1,Junior (1-3 yrs),Hybrid,9.4,2025-04-22
IND2025952,Power BI,Data Analyst,Pune,Tier 1,Junior (1-3 yrs),Hybrid,9.4,2025-04-22
IND2025952,SQL,Data Analyst,Pune,Tier 1,Junior (1-3 yrs),Hybrid,9.4,2025-04-22
IND2025955,Excel,Business Analyst,Remote,Remote,Fresher (0-1 yr),Hybrid,2.5,2025-01-26
IND2025955,SQL,Business Analyst,Remote,Remote,Fresher (0-1 yr),Hybrid,2.5,2025-01-26
IND2025955,Requirements Gathering,Business Analyst,Remote,Remote,Fresher (0-1 yr),Hybrid,2.5,2025-01-26
IND2025955,Power BI,Business Analyst,Remote,Remote,Fresher (0-1 yr),Hybrid,2.5,2025-01-26
IND2025959,Statistics,Data Scientist,Pune,Tier 1,Lead (10+ yrs),On-Site,71.6,2025-12-11
IND2025959,Pandas,Data Scientist,Pune,Tier 1,Lead (10+ yrs),On-Site,71.6,2025-12-11
IND2025959,Machine Learning,Data Scientist,Pune,Tier 1,Lead (10+ yrs),On-Site,71.6,2025-12-11
IND2025967,NLP,Data Scientist,Remote,Remote,Mid (3-6 yrs),Hybrid,19.4,2025-06-10
IND2025967,Deep Learning,Data Scientist,Remote,Remote,Mid (3-6 yrs),Hybrid,19.4,2025-06-10
IND2025967,Python,Data Scientist,Remote,Remote,Mid (3-6 yrs),Hybrid,19.4,2025-06-10
IND2025968,Excel,Business Analyst,Chennai,Tier 1,Fresher (0-1 yr),On-Site,5.2,2025-05-14
IND2025968,SQL,Business Analyst,Chennai,Tier 1,Fresher (0-1 yr),On-Site,5.2,2025-05-14
IND2025968,Requirements Gathering,Business Analyst,Chennai,Tier 1,Fresher (0-1 yr),On-Site,5.2,2025-05-14
IND2025968,Power BI,Business Analyst,Chennai,Tier 1,Fresher (0-1 yr),On-Site,5.2,2025-05-14
IND2025968,Agile,Business Analyst,Chennai,Tier 1,Fresher (0-1 yr),On-Site,5.2,2025-05-14
IND2025968,JIRA,Business Analyst,Chennai,Tier 1,Fresher (0-1 yr),On-Site,5.2,2025-05-14
IND2025970,TensorFlow,Data Scientist,Remote,Remote,Fresher (0-1 yr),Remote,6.4,2025-03-13
IND2025970,SQL,Data Scientist,Remote,Remote,Fresher (0-1 yr),Remote,6.4,2025-03-13
IND2025970,Tableau,Data Scientist,Remote,Remote,Fresher (0-1 yr),Remote,6.4,2025-03-13
IND2025974,Machine Learning,Data Scientist,Pune,Tier 1,Senior (6-10 yrs),Hybrid,28.5,2024-10-01
IND2025974,NLP,Data Scientist,Pune,Tier 1,Senior (6-10 yrs),Hybrid,28.5,2024-10-01
IND2025974,Statistics,Data Scientist,Pune,Tier 1,Senior (6-10 yrs),Hybrid,28.5,2024-10-01
IND2025982,Agile,Business Analyst,Delhi,Tier 1,Fresher (0-1 yr),On-Site,3.4,2025-11-03
IND2025982,Power BI,Business Analyst,Delhi,Tier 1,Fresher (0-1 yr),On-Site,3.4,2025-11-03
IND2025982,JIRA,Business Analyst,Delhi,Tier 1,Fresher (0-1 yr),On-Site,3.4,2025-11-03
IND2025985,NLP,Data Scientist,Remote,Remote,Lead (10+ yrs),Remote,82.4,2025-04-22
IND2025985,Deep Learning,Data Scientist,Remote,Remote,Lead (10+ yrs),Remote,82.4,2025-04-22
IND2025985,SQL,Data Scientist,Remote,Remote,Lead (10+ yrs),Remote,82.4,2025-04-22
IND2025985,TensorFlow,Data Scientist,Remote,Remote,Lead (10+ yrs),Remote,82.4,2025-04-22
IND2025985,Machine Learning,Data Scientist,Remote,Remote,Lead (10+ yrs),Remote,82.4,2025-04-22
IND2025997,Kafka,Data Engineer,Bangalore,Tier 1,Junior (1-3 yrs),Hybrid,9.1,2024-08-08
IND2025997,AWS,Data Engineer,Bangalore,Tier 1,Junior (1-3 yrs),Hybrid,9.1,2024-08-08
IND2025997,dbt,Data Engineer,Bangalore,Tier 1,Junior (1-3 yrs),Hybrid,9.1,2024-08-08
IND2025998,Python,Data Analyst,Remote,Remote,Junior (1-3 yrs),Remote,16.3,2025-06-02
IND2025998,Power BI,Data Analyst,Remote,Remote,Junior (1-3 yrs),Remote,16.3,2025-06-02
IND2025998,Tableau,Data Analyst,Remote,Remote,Junior (1-3 yrs),Remote,16.3,2025-06-02
IND2025998,Data Visualization,Data Analyst,Remote,Remote,Junior (1-3 yrs),Remote,16.3,2025-06-02
IND2026004,Deep Learning,Data Scientist,Mumbai,Tier 1,Mid (3-6 yrs),Hybrid,33.6,2026-03-13
IND2026004,Tableau,Data Scientist,Mumbai,Tier 1,Mid (3-6 yrs),Hybrid,33.6,2026-03-13
IND2026004,SQL,Data Scientist,Mumbai,Tier 1,Mid (3-6 yrs),Hybrid,33.6,2026-03-13
IND2026004,Python,Data Scientist,Mumbai,Tier 1,Mid (3-6 yrs),Hybrid,33.6,2026-03-13
IND2026007,dbt,Data Engineer,Jaipur,Tier 2,Senior (6-10 yrs),On-Site,46.0,2024-10-28
IND2026007,Kafka,Data Engineer,Jaipur,Tier 2,Senior (6-10 yrs),On-Site,46.0,2024-10-28
IND2026007,Python,Data Engineer,Jaipur,Tier 2,Senior (6-10 yrs),On-Site,46.0,2024-10-28
IND2026007,SQL,Data Engineer,Jaipur,Tier 2,Senior (6-10 yrs),On-Site,46.0,2024-10-28
IND2026007,Spark,Data Engineer,Jaipur,Tier 2,Senior (6-10 yrs),On-Site,46.0,2024-10-28
IND2026019,Data Visualization,Data Analyst,Remote,Remote,Lead (10+ yrs),Remote,51.4,2025-04-25
IND2026019,Tableau,Data Analyst,Remote,Remote,Lead (10+ yrs),Remote,51.4,2025-04-25
IND2026019,Statistics,Data Analyst,Remote,Remote,Lead (10+ yrs),Remote,51.4,2025-04-25
IND2026022,Requirements Gathering,Business Analyst,Remote,Remote,Lead (10+ yrs),Remote,29.0,2025-03-26
IND2026022,SQL,Business Analyst,Remote,Remote,Lead (10+ yrs),Remote,29.0,2025-03-26
IND2026022,JIRA,Business Analyst,Remote,Remote,Lead (10+ yrs),Remote,29.0,2025-03-26
IND2026024,Statistics,Data Scientist,Hyderabad,Tier 1,Fresher (0-1 yr),Hybrid,8.7,2024-12-25
IND2026024,Tableau,Data Scientist,Hyderabad,Tier 1,Fresher (0-1 yr),Hybrid,8.7,2024-12-25
IND2026024,Python,Data Scientist,Hyderabad,Tier 1,Fresher (0-1 yr),Hybrid,8.7,2024-12-25
IND2026024,Pandas,Data Scientist,Hyderabad,Tier 1,Fresher (0-1 yr),Hybrid,8.7,2024-12-25
IND2026024,TensorFlow,Data Scientist,Hyderabad,Tier 1,Fresher (0-1 yr),Hybrid,8.7,2024-12-25
IND2026024,SQL,Data Scientist,Hyderabad,Tier 1,Fresher (0-1 yr),Hybrid,8.7,2024-12-25
IND2026029,SQL,Data Analyst,Pune,Tier 1,Mid (3-6 yrs),On-Site,24.6,2025-11-30
IND2026029,Power BI,Data Analyst,Pune,Tier 1,Mid (3-6 yrs),On-Site,24.6,2025-11-30
IND2026029,Python,Data Analyst,Pune,Tier 1,Mid (3-6 yrs),On-Site,24.6,2025-11-30
IND2026030,Statistics,Data Analyst,Remote,Remote,Lead (10+ yrs),On-Site,46.1,2024-11-05
IND2026030,Power BI,Data Analyst,Remote,Remote,Lead (10+ yrs),On-Site,46.1,2024-11-05
IND2026030,Python,Data Analyst,Remote,Remote,Lead (10+ yrs),On-Site,46.1,2024-11-05
IND2026038,Spark,Data Engineer,Kolkata,Tier 2,Junior (1-3 yrs),Hybrid,8.5,2026-04-11
IND2026038,ETL,Data Engineer,Kolkata,Tier 2,Junior (1-3 yrs),Hybrid,8.5,2026-04-11
IND2026038,dbt,Data Engineer,Kolkata,Tier 2,Junior (1-3 yrs),Hybrid,8.5,2026-04-11
IND2026046,Pandas,Data Scientist,Hyderabad,Tier 1,Junior (1-3 yrs),On-Site,13.0,2024-06-01
IND2026046,NLP,Data Scientist,Hyderabad,Tier 1,Junior (1-3 yrs),On-Site,13.0,2024-06-01
IND2026046,SQL,Data Scientist,Hyderabad,Tier 1,Junior (1-3 yrs),On-Site,13.0,2024-06-01
IND2026046,Scikit-learn,Data Scientist,Hyderabad,Tier 1,Junior (1-3 yrs),On-Site,13.0,2024-06-01
IND2026046,Deep Learning,Data Scientist,Hyderabad,Tier 1,Junior (1-3 yrs),On-Site,13.0,2024-06-01
IND2026050,Tableau,Data Scientist,Remote,Remote,Fresher (0-1 yr),Remote,8.2,2025-03-08
IND2026050,Python,Data Scientist,Remote,Remote,Fresher (0-1 yr),Remote,8.2,2025-03-08
IND2026050,Scikit-learn,Data Scientist,Remote,Remote,Fresher (0-1 yr),Remote,8.2,2025-03-08
IND2026050,Statistics,Data Scientist,Remote,Remote,Fresher (0-1 yr),Remote,8.2,2025-03-08
IND2026053,SQL,Business Analyst,Remote,Remote,Junior (1-3 yrs),On-Site,1.1,2024-12-07
IND2026053,Excel,Business Analyst,Remote,Remote,Junior (1-3 yrs),On-Site,1.1,2024-12-07
IND2026053,Requirements Gathering,Business Analyst,Remote,Remote,Junior (1-3 yrs),On-Site,1.1,2024-12-07
IND2026066,SQL,Business Analyst,Remote,Remote,Senior (6-10 yrs),Remote,29.1,2024-07-19
IND2026066,Requirements Gathering,Business Analyst,Remote,Remote,Senior (6-10 yrs),Remote,29.1,2024-07-19
IND2026066,Agile,Business Analyst,Remote,Remote,Senior (6-10 yrs),Remote,29.1,2024-07-19
IND2026066,Power BI,Business Analyst,Remote,Remote,Senior (6-10 yrs),Remote,29.1,2024-07-19
IND2026069,SQL,Business Analyst,Lucknow,Tier 2,Junior (1-3 yrs),On-Site,8.7,2024-10-22
IND2026069,Power BI,Business Analyst,Lucknow,Tier 2,Junior (1-3 yrs),On-Site,8.7,2024-10-22
IND2026069,Requirements Gathering,Business Analyst,Lucknow,Tier 2,Junior (1-3 yrs),On-Site,8.7,2024-10-22
IND2026069,JIRA,Business Analyst,Lucknow,Tier 2,Junior (1-3 yrs),On-Site,8.7,2024-10-22
IND2026069,Excel,Business Analyst,Lucknow,Tier 2,Junior (1-3 yrs),On-Site,8.7,2024-10-22
IND2026069,Agile,Business Analyst,Lucknow,Tier 2,Junior (1-3 yrs),On-Site,8.7,2024-10-22
IND2026070,SQL,Business Analyst,Delhi,Tier 1,Junior (1-3 yrs),Hybrid,11.4,2026-03-29
IND2026070,Power BI,Business Analyst,Delhi,Tier 1,Junior (1-3 yrs),Hybrid,11.4,2026-03-29
IND2026070,Agile,Business Analyst,Delhi,Tier 1,Junior (1-3 yrs),Hybrid,11.4,2026-03-29
IND2026070,Excel,Business Analyst,Delhi,Tier 1,Junior (1-3 yrs),Hybrid,11.4,2026-03-29
IND2026070,JIRA,Business Analyst,Delhi,Tier 1,Junior (1-3 yrs),Hybrid,11.4,2026-03-29
IND2026070,Requirements Gathering,Business Analyst,Delhi,Tier 1,Junior (1-3 yrs),Hybrid,11.4,2026-03-29
IND2026079,SQL,Data Scientist,Bangalore,Tier 1,Junior (1-3 yrs),On-Site,17.3,2025-02-01
IND2026079,Statistics,Data Scientist,Bangalore,Tier 1,Junior (1-3 yrs),On-Site,17.3,2025-02-01
IND2026079,Machine Learning,Data Scientist,Bangalore,Tier 1,Junior (1-3 yrs),On-Site,17.3,2025-02-01
IND2026079,Deep Learning,Data Scientist,Bangalore,Tier 1,Junior (1-3 yrs),On-Site,17.3,2025-02-01
IND2026079,Scikit-learn,Data Scientist,Bangalore,Tier 1,Junior (1-3 yrs),On-Site,17.3,2025-02-01
IND2026082,Data Visualization,Data Analyst,Remote,Remote,Mid (3-6 yrs),Remote,17.3,2024-10-17
IND2026082,Excel,Data Analyst,Remote,Remote,Mid (3-6 yrs),Remote,17.3,2024-10-17
IND2026082,Tableau,Data Analyst,Remote,Remote,Mid (3-6 yrs),Remote,17.3,2024-10-17
IND2026082,Python,Data Analyst,Remote,Remote,Mid (3-6 yrs),Remote,17.3,2024-10-17
IND2026082,Power BI,Data Analyst,Remote,Remote,Mid (3-6 yrs),Remote,17.3,2024-10-17
IND2026083,Python,Data Engineer,Chennai,Tier 1,Junior (1-3 yrs),Hybrid,11.8,2025-01-08
IND2026083,dbt,Data Engineer,Chennai,Tier 1,Junior (1-3 yrs),Hybrid,11.8,2025-01-08
IND2026083,Airflow,Data Engineer,Chennai,Tier 1,Junior (1-3 yrs),Hybrid,11.8,2025-01-08
IND2026084,Deep Learning,Data Scientist,Mumbai,Tier 1,Mid (3-6 yrs),On-Site,37.5,2025-04-20
IND2026084,Machine Learning,Data Scientist,Mumbai,Tier 1,Mid (3-6 yrs),On-Site,37.5,2025-04-20
IND2026084,NLP,Data Scientist,Mumbai,Tier 1,Mid (3-6 yrs),On-Site,37.5,2025-04-20
IND2026084,Python,Data Scientist,Mumbai,Tier 1,Mid (3-6 yrs),On-Site,37.5,2025-04-20
IND2026084,Scikit-learn,Data Scientist,Mumbai,Tier 1,Mid (3-6 yrs),On-Site,37.5,2025-04-20
IND2026084,Tableau,Data Scientist,Mumbai,Tier 1,Mid (3-6 yrs),On-Site,37.5,2025-04-20
IND2026089,Requirements Gathering,Business Analyst,Bangalore,Tier 1,Lead (10+ yrs),On-Site,61.7,2024-09-21
IND2026089,Agile,Business Analyst,Bangalore,Tier 1,Lead (10+ yrs),On-Site,61.7,2024-09-21
IND2026089,SQL,Business Analyst,Bangalore,Tier 1,Lead (10+ yrs),On-Site,61.7,2024-09-21
IND2026089,Power BI,Business Analyst,Bangalore,Tier 1,Lead (10+ yrs),On-Site,61.7,2024-09-21
IND2026090,dbt,Data Engineer,Hyderabad,Tier 1,Mid (3-6 yrs),Hybrid,3.1,2025-04-30
IND2026090,SQL,Data Engineer,Hyderabad,Tier 1,Mid (3-6 yrs),Hybrid,3.1,2025-04-30
IND2026090,AWS,Data Engineer,Hyderabad,Tier 1,Mid (3-6 yrs),Hybrid,3.1,2025-04-30
IND2026090,Spark,Data Engineer,Hyderabad,Tier 1,Mid (3-6 yrs),Hybrid,3.1,2025-04-30
IND2026094,Agile,Business Analyst,Pune,Tier 1,Mid (3-6 yrs),Hybrid,18.2,2025-02-20
IND2026094,Requirements Gathering,Business Analyst,Pune,Tier 1,Mid (3-6 yrs),Hybrid,18.2,2025-02-20
IND2026094,JIRA,Business Analyst,Pune,Tier 1,Mid (3-6 yrs),Hybrid,18.2,2025-02-20
IND2026100,Python,Data Engineer,Indore,Tier 2,Junior (1-3 yrs),Hybrid,8.4,2024-11-25
IND2026100,Airflow,Data Engineer,Indore,Tier 2,Junior (1-3 yrs),Hybrid,8.4,2024-11-25
IND2026100,SQL,Data Engineer,Indore,Tier 2,Junior (1-3 yrs),Hybrid,8.4,2024-11-25
IND2026101,Python,Data Analyst,Remote,Remote,Fresher (0-1 yr),Remote,6.5,2025-05-26
IND2026101,Statistics,Data Analyst,Remote,Remote,Fresher (0-1 yr),Remote,6.5,2025-05-26
IND2026101,Tableau,Data Analyst,Remote,Remote,Fresher (0-1 yr),Remote,6.5,2025-05-26
IND2026101,SQL,Data Analyst,Remote,Remote,Fresher (0-1 yr),Remote,6.5,2025-05-26
IND2026105,Tableau,Data Analyst,Remote,Remote,Senior (6-10 yrs),Remote,15.4,2025-06-06
IND2026105,SQL,Data Analyst,Remote,Remote,Senior (6-10 yrs),Remote,15.4,2025-06-06
IND2026105,Excel,Data Analyst,Remote,Remote,Senior (6-10 yrs),Remote,15.4,2025-06-06
IND2026105,Statistics,Data Analyst,Remote,Remote,Senior (6-10 yrs),Remote,15.4,2025-06-06
IND2026105,Power BI,Data Analyst,Remote,Remote,Senior (6-10 yrs),Remote,15.4,2025-06-06
IND2026105,Data Visualization,Data Analyst,Remote,Remote,Senior (6-10 yrs),Remote,15.4,2025-06-06
IND2026108,Spark,Data Engineer,Pune,Tier 1,Junior (1-3 yrs),On-Site,13.7,2026-01-22
IND2026108,SQL,Data Engineer,Pune,Tier 1,Junior (1-3 yrs),On-Site,13.7,2026-01-22
IND2026108,dbt,Data Engineer,Pune,Tier 1,Junior (1-3 yrs),On-Site,13.7,2026-01-22
IND2026108,Kafka,Data Engineer,Pune,Tier 1,Junior (1-3 yrs),On-Site,13.7,2026-01-22
IND2026110,Excel,Data Analyst,Mumbai,Tier 1,Mid (3-6 yrs),Hybrid,24.3,2024-12-24
IND2026110,Data Visualization,Data Analyst,Mumbai,Tier 1,Mid (3-6 yrs),Hybrid,24.3,2024-12-24
IND2026110,SQL,Data Analyst,Mumbai,Tier 1,Mid (3-6 yrs),Hybrid,24.3,2024-12-24
IND2026114,Agile,Business Analyst,Bhubaneswar,Tier 2,Senior (6-10 yrs),Hybrid,33.6,2026-02-21
IND2026114,JIRA,Business Analyst,Bhubaneswar,Tier 2,Senior (6-10 yrs),Hybrid,33.6,2026-02-21
IND2026114,SQL,Business Analyst,Bhubaneswar,Tier 2,Senior (6-10 yrs),Hybrid,33.6,2026-02-21
IND2026116,Airflow,Data Engineer,Delhi,Tier 1,Mid (3-6 yrs),On-Site,16.3,2024-12-08
IND2026116,dbt,Data Engineer,Delhi,Tier 1,Mid (3-6 yrs),On-Site,16.3,2024-12-08
IND2026116,Spark,Data Engineer,Delhi,Tier 1,Mid (3-6 yrs),On-Site,16.3,2024-12-08
IND2026116,AWS,Data Engineer,Delhi,Tier 1,Mid (3-6 yrs),On-Site,16.3,2024-12-08
IND2026116,ETL,Data Engineer,Delhi,Tier 1,Mid (3-6 yrs),On-Site,16.3,2024-12-08
IND2026117,SQL,Data Scientist,Kochi,Tier 2,Junior (1-3 yrs),On-Site,9.4,2025-06-09
IND2026117,Scikit-learn,Data Scientist,Kochi,Tier 2,Junior (1-3 yrs),On-Site,9.4,2025-06-09
IND2026117,Tableau,Data Scientist,Kochi,Tier 2,Junior (1-3 yrs),On-Site,9.4,2025-06-09
IND2026117,Deep Learning,Data Scientist,Kochi,Tier 2,Junior (1-3 yrs),On-Site,9.4,2025-06-09
IND2026117,TensorFlow,Data Scientist,Kochi,Tier 2,Junior (1-3 yrs),On-Site,9.4,2025-06-09
IND2026118,SQL,Data Analyst,Remote,Remote,Senior (6-10 yrs),On-Site,29.5,2025-03-16
IND2026118,Statistics,Data Analyst,Remote,Remote,Senior (6-10 yrs),On-Site,29.5,2025-03-16
IND2026118,Python,Data Analyst,Remote,Remote,Senior (6-10 yrs),On-Site,29.5,2025-03-16
IND2026118,Power BI,Data Analyst,Remote,Remote,Senior (6-10 yrs),On-Site,29.5,2025-03-16
IND2026118,Data Visualization,Data Analyst,Remote,Remote,Senior (6-10 yrs),On-Site,29.5,2025-03-16
IND2026127,Data Visualization,Data Analyst,Nagpur,Tier 2,Lead (10+ yrs),On-Site,23.7,2025-05-22
IND2026127,Power BI,Data Analyst,Nagpur,Tier 2,Lead (10+ yrs),On-Site,23.7,2025-05-22
IND2026127,Excel,Data Analyst,Nagpur,Tier 2,Lead (10+ yrs),On-Site,23.7,2025-05-22
IND2026127,Statistics,Data Analyst,Nagpur,Tier 2,Lead (10+ yrs),On-Site,23.7,2025-05-22
IND2026127,SQL,Data Analyst,Nagpur,Tier 2,Lead (10+ yrs),On-Site,23.7,2025-05-22
IND2026131,Airflow,Data Engineer,Remote,Remote,Mid (3-6 yrs),On-Site,17.9,2024-12-09
IND2026131,SQL,Data Engineer,Remote,Remote,Mid (3-6 yrs),On-Site,17.9,2024-12-09
IND2026131,Spark,Data Engineer,Remote,Remote,Mid (3-6 yrs),On-Site,17.9,2024-12-09
IND2026137,Pandas,Data Scientist,Ahmedabad,Tier 2,Mid (3-6 yrs),On-Site,21.1,2026-02-25
IND2026137,TensorFlow,Data Scientist,Ahmedabad,Tier 2,Mid (3-6 yrs),On-Site,21.1,2026-02-25
IND2026137,Statistics,Data Scientist,Ahmedabad,Tier 2,Mid (3-6 yrs),On-Site,21.1,2026-02-25
IND2026138,Pandas,Data Scientist,Remote,Remote,Junior (1-3 yrs),Remote,11.3,2024-07-31
IND2026138,Tableau,Data Scientist,Remote,Remote,Junior (1-3 yrs),Remote,11.3,2024-07-31
IND2026138,NLP,Data Scientist,Remote,Remote,Junior (1-3 yrs),Remote,11.3,2024-07-31
IND2026138,Scikit-learn,Data Scientist,Remote,Remote,Junior (1-3 yrs),Remote,11.3,2024-07-31
IND2026146,Excel,Business Analyst,Lucknow,Tier 2,Junior (1-3 yrs),Hybrid,11.2,2026-01-25
IND2026146,JIRA,Business Analyst,Lucknow,Tier 2,Junior (1-3 yrs),Hybrid,11.2,2026-01-25
IND2026146,Agile,Business Analyst,Lucknow,Tier 2,Junior (1-3 yrs),Hybrid,11.2,2026-01-25
IND2026146,Power BI,Business Analyst,Lucknow,Tier 2,Junior (1-3 yrs),Hybrid,11.2,2026-01-25
IND2026150,Python,Data Engineer,Remote,Remote,Mid (3-6 yrs),Remote,26.6,2024-12-16
IND2026150,Kafka,Data Engineer,Remote,Remote,Mid (3-6 yrs),Remote,26.6,2024-12-16
IND2026150,dbt,Data Engineer,Remote,Remote,Mid (3-6 yrs),Remote,26.6,2024-12-16
IND2026150,ETL,Data Engineer,Remote,Remote,Mid (3-6 yrs),Remote,26.6,2024-12-16
IND2026150,AWS,Data Engineer,Remote,Remote,Mid (3-6 yrs),Remote,26.6,2024-12-16
IND2026150,Spark,Data Engineer,Remote,Remote,Mid (3-6 yrs),Remote,26.6,2024-12-16
IND2026151,Machine Learning,Data Scientist,Pune,Tier 1,Senior (6-10 yrs),On-Site,54.4,2025-09-18
IND2026151,Tableau,Data Scientist,Pune,Tier 1,Senior (6-10 yrs),On-Site,54.4,2025-09-18
IND2026151,TensorFlow,Data Scientist,Pune,Tier 1,Senior (6-10 yrs),On-Site,54.4,2025-09-18
IND2026151,Scikit-learn,Data Scientist,Pune,Tier 1,Senior (6-10 yrs),On-Site,54.4,2025-09-18
IND2026153,Statistics,Data Scientist,Delhi,Tier 1,Junior (1-3 yrs),Hybrid,12.5,2024-09-26
IND2026153,Tableau,Data Scientist,Delhi,Tier 1,Junior (1-3 yrs),Hybrid,12.5,2024-09-26
IND2026153,Scikit-learn,Data Scientist,Delhi,Tier 1,Junior (1-3 yrs),Hybrid,12.5,2024-09-26
IND2026160,Data Visualization,Data Analyst,Indore,Tier 2,Senior (6-10 yrs),Hybrid,45.3,2024-08-29
IND2026160,Excel,Data Analyst,Indore,Tier 2,Senior (6-10 yrs),Hybrid,45.3,2024-08-29
IND2026160,Tableau,Data Analyst,Indore,Tier 2,Senior (6-10 yrs),Hybrid,45.3,2024-08-29
IND2026160,SQL,Data Analyst,Indore,Tier 2,Senior (6-10 yrs),Hybrid,45.3,2024-08-29
IND2026160,Statistics,Data Analyst,Indore,Tier 2,Senior (6-10 yrs),Hybrid,45.3,2024-08-29
IND2026160,Power BI,Data Analyst,Indore,Tier 2,Senior (6-10 yrs),Hybrid,45.3,2024-08-29
IND2026161,dbt,Data Engineer,Pune,Tier 1,Fresher (0-1 yr),On-Site,3.5,2025-08-13
IND2026161,Python,Data Engineer,Pune,Tier 1,Fresher (0-1 yr),On-Site,3.5,2025-08-13
IND2026161,Kafka,Data Engineer,Pune,Tier 1,Fresher (0-1 yr),On-Site,3.5,2025-08-13
IND2026161,Spark,Data Engineer,Pune,Tier 1,Fresher (0-1 yr),On-Site,3.5,2025-08-13
IND2026161,AWS,Data Engineer,Pune,Tier 1,Fresher (0-1 yr),On-Site,3.5,2025-08-13
IND2026161,SQL,Data Engineer,Pune,Tier 1,Fresher (0-1 yr),On-Site,3.5,2025-08-13
IND2026182,Excel,Data Analyst,Bangalore,Tier 1,Senior (6-10 yrs),On-Site,17.8,2024-07-05
IND2026182,Python,Data Analyst,Bangalore,Tier 1,Senior (6-10 yrs),On-Site,17.8,2024-07-05
IND2026182,SQL,Data Analyst,Bangalore,Tier 1,Senior (6-10 yrs),On-Site,17.8,2024-07-05
IND2026182,Power BI,Data Analyst,Bangalore,Tier 1,Senior (6-10 yrs),On-Site,17.8,2024-07-05
IND2026182,Tableau,Data Analyst,Bangalore,Tier 1,Senior (6-10 yrs),On-Site,17.8,2024-07-05
IND2026182,Statistics,Data Analyst,Bangalore,Tier 1,Senior (6-10 yrs),On-Site,17.8,2024-07-05
IND2026192,Machine Learning,Data Scientist,Remote,Remote,Junior (1-3 yrs),Remote,10.6,2025-01-01
IND2026192,SQL,Data Scientist,Remote,Remote,Junior (1-3 yrs),Remote,10.6,2025-01-01
IND2026192,Python,Data Scientist,Remote,Remote,Junior (1-3 yrs),Remote,10.6,2025-01-01
IND2026192,Pandas,Data Scientist,Remote,Remote,Junior (1-3 yrs),Remote,10.6,2025-01-01
IND2026198,Python,Data Engineer,Hyderabad,Tier 1,Senior (6-10 yrs),On-Site,43.4,2025-06-29
IND2026198,Kafka,Data Engineer,Hyderabad,Tier 1,Senior (6-10 yrs),On-Site,43.4,2025-06-29
IND2026198,Spark,Data Engineer,Hyderabad,Tier 1,Senior (6-10 yrs),On-Site,43.4,2025-06-29
IND2026198,ETL,Data Engineer,Hyderabad,Tier 1,Senior (6-10 yrs),On-Site,43.4,2025-06-29
IND2026198,AWS,Data Engineer,Hyderabad,Tier 1,Senior (6-10 yrs),On-Site,43.4,2025-06-29
IND2026198,dbt,Data Engineer,Hyderabad,Tier 1,Senior (6-10 yrs),On-Site,43.4,2025-06-29
IND2026200,Agile,Business Analyst,Chandigarh,Tier 2,Senior (6-10 yrs),Hybrid,43.6,2024-07-31
IND2026200,SQL,Business Analyst,Chandigarh,Tier 2,Senior (6-10 yrs),Hybrid,43.6,2024-07-31
IND2026200,Excel,Business Analyst,Chandigarh,Tier 2,Senior (6-10 yrs),Hybrid,43.6,2024-07-31
IND2026202,SQL,Data Analyst,Hyderabad,Tier 1,Lead (10+ yrs),On-Site,44.7,2025-03-20
IND2026202,Power BI,Data Analyst,Hyderabad,Tier 1,Lead (10+ yrs),On-Site,44.7,2025-03-20
IND2026202,Statistics,Data Analyst,Hyderabad,Tier 1,Lead (10+ yrs),On-Site,44.7,2025-03-20
IND2026202,Python,Data Analyst,Hyderabad,Tier 1,Lead (10+ yrs),On-Site,44.7,2025-03-20
IND2026203,AWS,Data Engineer,Bhubaneswar,Tier 2,Junior (1-3 yrs),Hybrid,10.2,2026-02-02
IND2026203,Airflow,Data Engineer,Bhubaneswar,Tier 2,Junior (1-3 yrs),Hybrid,10.2,2026-02-02
IND2026203,dbt,Data Engineer,Bhubaneswar,Tier 2,Junior (1-3 yrs),Hybrid,10.2,2026-02-02
IND2026203,Spark,Data Engineer,Bhubaneswar,Tier 2,Junior (1-3 yrs),Hybrid,10.2,2026-02-02
IND2026203,SQL,Data Engineer,Bhubaneswar,Tier 2,Junior (1-3 yrs),Hybrid,10.2,2026-02-02
IND2026205,Tableau,Data Analyst,Mumbai,Tier 1,Mid (3-6 yrs),On-Site,27.6,2025-11-22
IND2026205,SQL,Data Analyst,Mumbai,Tier 1,Mid (3-6 yrs),On-Site,27.6,2025-11-22
IND2026205,Power BI,Data Analyst,Mumbai,Tier 1,Mid (3-6 yrs),On-Site,27.6,2025-11-22
IND2026205,Data Visualization,Data Analyst,Mumbai,Tier 1,Mid (3-6 yrs),On-Site,27.6,2025-11-22
IND2026205,Statistics,Data Analyst,Mumbai,Tier 1,Mid (3-6 yrs),On-Site,27.6,2025-11-22
IND2026205,Excel,Data Analyst,Mumbai,Tier 1,Mid (3-6 yrs),On-Site,27.6,2025-11-22
IND2026215,Excel,Data Analyst,Remote,Remote,Senior (6-10 yrs),Remote,15.7,2024-06-15
IND2026215,Power BI,Data Analyst,Remote,Remote,Senior (6-10 yrs),Remote,15.7,2024-06-15
IND2026215,Python,Data Analyst,Remote,Remote,Senior (6-10 yrs),Remote,15.7,2024-06-15
IND2026215,SQL,Data Analyst,Remote,Remote,Senior (6-10 yrs),Remote,15.7,2024-06-15
IND2026215,Data Visualization,Data Analyst,Remote,Remote,Senior (6-10 yrs),Remote,15.7,2024-06-15
IND2026215,Tableau,Data Analyst,Remote,Remote,Senior (6-10 yrs),Remote,15.7,2024-06-15
IND2026219,Deep Learning,Data Scientist,Remote,Remote,Senior (6-10 yrs),Remote,41.1,2024-11-13
IND2026219,TensorFlow,Data Scientist,Remote,Remote,Senior (6-10 yrs),Remote,41.1,2024-11-13
IND2026219,Machine Learning,Data Scientist,Remote,Remote,Senior (6-10 yrs),Remote,41.1,2024-11-13
IND2026219,Scikit-learn,Data Scientist,Remote,Remote,Senior (6-10 yrs),Remote,41.1,2024-11-13
IND2026219,Pandas,Data Scientist,Remote,Remote,Senior (6-10 yrs),Remote,41.1,2024-11-13
IND2026224,Excel,Business Analyst,Remote,Remote,Junior (1-3 yrs),On-Site,9.3,2025-04-06
IND2026224,JIRA,Business Analyst,Remote,Remote,Junior (1-3 yrs),On-Site,9.3,2025-04-06
IND2026224,Power BI,Business Analyst,Remote,Remote,Junior (1-3 yrs),On-Site,9.3,2025-04-06
IND2026226,Statistics,Data Analyst,Remote,Remote,Lead (10+ yrs),Hybrid,59.9,2026-02-14
IND2026226,SQL,Data Analyst,Remote,Remote,Lead (10+ yrs),Hybrid,59.9,2026-02-14
IND2026226,Python,Data Analyst,Remote,Remote,Lead (10+ yrs),Hybrid,59.9,2026-02-14
IND2026226,Excel,Data Analyst,Remote,Remote,Lead (10+ yrs),Hybrid,59.9,2026-02-14
IND2026226,Data Visualization,Data Analyst,Remote,Remote,Lead (10+ yrs),Hybrid,59.9,2026-02-14
IND2026228,Tableau,Data Scientist,Delhi,Tier 1,Senior (6-10 yrs),Hybrid,51.2,2026-03-18
IND2026228,Pandas,Data Scientist,Delhi,Tier 1,Senior (6-10 yrs),Hybrid,51.2,2026-03-18
IND2026228,Deep Learning,Data Scientist,Delhi,Tier 1,Senior (6-10 yrs),Hybrid,51.2,2026-03-18
IND2026229,Machine Learning,Data Scientist,Nagpur,Tier 2,Fresher (0-1 yr),Hybrid,5.8,2025-11-26
IND2026229,Python,Data Scientist,Nagpur,Tier 2,Fresher (0-1 yr),Hybrid,5.8,2025-11-26
IND2026229,Statistics,Data Scientist,Nagpur,Tier 2,Fresher (0-1 yr),Hybrid,5.8,2025-11-26
IND2026229,NLP,Data Scientist,Nagpur,Tier 2,Fresher (0-1 yr),Hybrid,5.8,2025-11-26
IND2026229,Tableau,Data Scientist,Nagpur,Tier 2,Fresher (0-1 yr),Hybrid,5.8,2025-11-26
IND2026231,JIRA,Business Analyst,Remote,Remote,Junior (1-3 yrs),Remote,11.0,2025-02-06
IND2026231,Agile,Business Analyst,Remote,Remote,Junior (1-3 yrs),Remote,11.0,2025-02-06
IND2026231,Power BI,Business Analyst,Remote,Remote,Junior (1-3 yrs),Remote,11.0,2025-02-06
IND2026231,SQL,Business Analyst,Remote,Remote,Junior (1-3 yrs),Remote,11.0,2025-02-06
IND2026231,Excel,Business Analyst,Remote,Remote,Junior (1-3 yrs),Remote,11.0,2025-02-06
IND2026231,Requirements Gathering,Business Analyst,Remote,Remote,Junior (1-3 yrs),Remote,11.0,2025-02-06
IND2026238,dbt,Data Engineer,Remote,Remote,Mid (3-6 yrs),Remote,27.7,2025-09-09
IND2026238,AWS,Data Engineer,Remote,Remote,Mid (3-6 yrs),Remote,27.7,2025-09-09
IND2026238,SQL,Data Engineer,Remote,Remote,Mid (3-6 yrs),Remote,27.7,2025-09-09
IND2026238,Python,Data Engineer,Remote,Remote,Mid (3-6 yrs),Remote,27.7,2025-09-09
IND2026238,ETL,Data Engineer,Remote,Remote,Mid (3-6 yrs),Remote,27.7,2025-09-09
IND2026238,Airflow,Data Engineer,Remote,Remote,Mid (3-6 yrs),Remote,27.7,2025-09-09
IND2026242,Data Visualization,Data Analyst,Remote,Remote,Mid (3-6 yrs),Remote,20.2,2025-08-29
IND2026242,SQL,Data Analyst,Remote,Remote,Mid (3-6 yrs),Remote,20.2,2025-08-29
IND2026242,Excel,Data Analyst,Remote,Remote,Mid (3-6 yrs),Remote,20.2,2025-08-29
IND2026242,Tableau,Data Analyst,Remote,Remote,Mid (3-6 yrs),Remote,20.2,2025-08-29
IND2026242,Power BI,Data Analyst,Remote,Remote,Mid (3-6 yrs),Remote,20.2,2025-08-29
IND2026248,Statistics,Data Scientist,Pune,Tier 1,Fresher (0-1 yr),On-Site,7.4,2026-04-15
IND2026248,TensorFlow,Data Scientist,Pune,Tier 1,Fresher (0-1 yr),On-Site,7.4,2026-04-15
IND2026248,NLP,Data Scientist,Pune,Tier 1,Fresher (0-1 yr),On-Site,7.4,2026-04-15
IND2026260,Pandas,Data Scientist,Mumbai,Tier 1,Lead (10+ yrs),On-Site,58.9,2025-03-23
IND2026260,Machine Learning,Data Scientist,Mumbai,Tier 1,Lead (10+ yrs),On-Site,58.9,2025-03-23
IND2026260,NLP,Data Scientist,Mumbai,Tier 1,Lead (10+ yrs),On-Site,58.9,2025-03-23
IND2026261,Scikit-learn,Data Scientist,Bangalore,Tier 1,Junior (1-3 yrs),Hybrid,1.2,2024-10-17
IND2026261,Statistics,Data Scientist,Bangalore,Tier 1,Junior (1-3 yrs),Hybrid,1.2,2024-10-17
IND2026261,NLP,Data Scientist,Bangalore,Tier 1,Junior (1-3 yrs),Hybrid,1.2,2024-10-17
IND2026261,Tableau,Data Scientist,Bangalore,Tier 1,Junior (1-3 yrs),Hybrid,1.2,2024-10-17
IND2026261,Pandas,Data Scientist,Bangalore,Tier 1,Junior (1-3 yrs),Hybrid,1.2,2024-10-17
IND2026261,TensorFlow,Data Scientist,Bangalore,Tier 1,Junior (1-3 yrs),Hybrid,1.2,2024-10-17
IND2026276,Kafka,Data Engineer,Remote,Remote,Senior (6-10 yrs),On-Site,29.2,2025-08-02
IND2026276,SQL,Data Engineer,Remote,Remote,Senior (6-10 yrs),On-Site,29.2,2025-08-02
IND2026276,dbt,Data Engineer,Remote,Remote,Senior (6-10 yrs),On-Site,29.2,2025-08-02
IND2026277,SQL,Data Engineer,Remote,Remote,Junior (1-3 yrs),Remote,13.3,2025-01-01
IND2026277,ETL,Data Engineer,Remote,Remote,Junior (1-3 yrs),Remote,13.3,2025-01-01
IND2026277,Kafka,Data Engineer,Remote,Remote,Junior (1-3 yrs),Remote,13.3,2025-01-01
IND2026277,Spark,Data Engineer,Remote,Remote,Junior (1-3 yrs),Remote,13.3,2025-01-01
IND2026277,Python,Data Engineer,Remote,Remote,Junior (1-3 yrs),Remote,13.3,2025-01-01
IND2026295,SQL,Data Engineer,Nagpur,Tier 2,Junior (1-3 yrs),On-Site,8.3,2025-04-27
IND2026295,Kafka,Data Engineer,Nagpur,Tier 2,Junior (1-3 yrs),On-Site,8.3,2025-04-27
IND2026295,dbt,Data Engineer,Nagpur,Tier 2,Junior (1-3 yrs),On-Site,8.3,2025-04-27
IND2026295,Airflow,Data Engineer,Nagpur,Tier 2,Junior (1-3 yrs),On-Site,8.3,2025-04-27
IND2026295,ETL,Data Engineer,Nagpur,Tier 2,Junior (1-3 yrs),On-Site,8.3,2025-04-27
IND2026295,Python,Data Engineer,Nagpur,Tier 2,Junior (1-3 yrs),On-Site,8.3,2025-04-27
IND2026297,Power BI,Business Analyst,Remote,Remote,Junior (1-3 yrs),Hybrid,7.6,2025-01-05
IND2026297,Requirements Gathering,Business Analyst,Remote,Remote,Junior (1-3 yrs),Hybrid,7.6,2025-01-05
IND2026297,SQL,Business Analyst,Remote,Remote,Junior (1-3 yrs),Hybrid,7.6,2025-01-05
IND2026297,Agile,Business Analyst,Remote,Remote,Junior (1-3 yrs),Hybrid,7.6,2025-01-05
IND2026300,Python,Data Scientist,Remote,Remote,Lead (10+ yrs),On-Site,48.9,2024-09-06
IND2026300,Machine Learning,Data Scientist,Remote,Remote,Lead (10+ yrs),On-Site,48.9,2024-09-06
IND2026300,NLP,Data Scientist,Remote,Remote,Lead (10+ yrs),On-Site,48.9,2024-09-06
IND2026300,Tableau,Data Scientist,Remote,Remote,Lead (10+ yrs),On-Site,48.9,2024-09-06
IND2026300,Statistics,Data Scientist,Remote,Remote,Lead (10+ yrs),On-Site,48.9,2024-09-06
IND2026319,Python,Data Engineer,Bhubaneswar,Tier 2,Mid (3-6 yrs),On-Site,1.9,2025-11-04
IND2026319,Kafka,Data Engineer,Bhubaneswar,Tier 2,Mid (3-6 yrs),On-Site,1.9,2025-11-04
IND2026319,Spark,Data Engineer,Bhubaneswar,Tier 2,Mid (3-6 yrs),On-Site,1.9,2025-11-04
IND2026319,ETL,Data Engineer,Bhubaneswar,Tier 2,Mid (3-6 yrs),On-Site,1.9,2025-11-04
IND2026319,dbt,Data Engineer,Bhubaneswar,Tier 2,Mid (3-6 yrs),On-Site,1.9,2025-11-04
IND2026323,NLP,Data Scientist,Delhi,Tier 1,Junior (1-3 yrs),Hybrid,7.2,2025-02-01
IND2026323,Pandas,Data Scientist,Delhi,Tier 1,Junior (1-3 yrs),Hybrid,7.2,2025-02-01
IND2026323,Statistics,Data Scientist,Delhi,Tier 1,Junior (1-3 yrs),Hybrid,7.2,2025-02-01
IND2026323,Machine Learning,Data Scientist,Delhi,Tier 1,Junior (1-3 yrs),Hybrid,7.2,2025-02-01
IND2026337,Python,Data Scientist,Bhubaneswar,Tier 2,Fresher (0-1 yr),Hybrid,4.9,2024-11-25
IND2026337,TensorFlow,Data Scientist,Bhubaneswar,Tier 2,Fresher (0-1 yr),Hybrid,4.9,2024-11-25
IND2026337,Tableau,Data Scientist,Bhubaneswar,Tier 2,Fresher (0-1 yr),Hybrid,4.9,2024-11-25
IND2026340,Machine Learning,Data Scientist,Remote,Remote,Fresher (0-1 yr),Hybrid,5.4,2024-10-22
IND2026340,SQL,Data Scientist,Remote,Remote,Fresher (0-1 yr),Hybrid,5.4,2024-10-22
IND2026340,NLP,Data Scientist,Remote,Remote,Fresher (0-1 yr),Hybrid,5.4,2024-10-22
IND2026340,Pandas,Data Scientist,Remote,Remote,Fresher (0-1 yr),Hybrid,5.4,2024-10-22
IND2026340,Tableau,Data Scientist,Remote,Remote,Fresher (0-1 yr),Hybrid,5.4,2024-10-22
IND2026342,NLP,Data Scientist,Remote,Remote,Mid (3-6 yrs),Hybrid,30.1,2025-09-02
IND2026342,Tableau,Data Scientist,Remote,Remote,Mid (3-6 yrs),Hybrid,30.1,2025-09-02
IND2026342,Python,Data Scientist,Remote,Remote,Mid (3-6 yrs),Hybrid,30.1,2025-09-02
IND2026342,TensorFlow,Data Scientist,Remote,Remote,Mid (3-6 yrs),Hybrid,30.1,2025-09-02
IND2026342,Pandas,Data Scientist,Remote,Remote,Mid (3-6 yrs),Hybrid,30.1,2025-09-02
IND2026342,SQL,Data Scientist,Remote,Remote,Mid (3-6 yrs),Hybrid,30.1,2025-09-02
IND2026346,Python,Data Scientist,Pune,Tier 1,Mid (3-6 yrs),Hybrid,22.8,2024-12-18
IND2026346,Statistics,Data Scientist,Pune,Tier 1,Mid (3-6 yrs),Hybrid,22.8,2024-12-18
IND2026346,Tableau,Data Scientist,Pune,Tier 1,Mid (3-6 yrs),Hybrid,22.8,2024-12-18
IND2026346,Scikit-learn,Data Scientist,Pune,Tier 1,Mid (3-6 yrs),Hybrid,22.8,2024-12-18
IND2026346,SQL,Data Scientist,Pune,Tier 1,Mid (3-6 yrs),Hybrid,22.8,2024-12-18
IND2026346,TensorFlow,Data Scientist,Pune,Tier 1,Mid (3-6 yrs),Hybrid,22.8,2024-12-18
IND2026348,Scikit-learn,Data Scientist,Hyderabad,Tier 1,Mid (3-6 yrs),On-Site,28.6,2025-06-08
IND2026348,Machine Learning,Data Scientist,Hyderabad,Tier 1,Mid (3-6 yrs),On-Site,28.6,2025-06-08
IND2026348,TensorFlow,Data Scientist,Hyderabad,Tier 1,Mid (3-6 yrs),On-Site,28.6,2025-06-08
IND2026348,Pandas,Data Scientist,Hyderabad,Tier 1,Mid (3-6 yrs),On-Site,28.6,2025-06-08
IND2026348,Deep Learning,Data Scientist,Hyderabad,Tier 1,Mid (3-6 yrs),On-Site,28.6,2025-06-08
IND2026348,Statistics,Data Scientist,Hyderabad,Tier 1,Mid (3-6 yrs),On-Site,28.6,2025-06-08
IND2026354,Python,Data Engineer,Remote,Remote,Mid (3-6 yrs),Remote,20.6,2025-08-06
IND2026354,Spark,Data Engineer,Remote,Remote,Mid (3-6 yrs),Remote,20.6,2025-08-06
IND2026354,SQL,Data Engineer,Remote,Remote,Mid (3-6 yrs),Remote,20.6,2025-08-06
IND2026354,ETL,Data Engineer,Remote,Remote,Mid (3-6 yrs),Remote,20.6,2025-08-06
IND2026354,AWS,Data Engineer,Remote,Remote,Mid (3-6 yrs),Remote,20.6,2025-08-06
IND2026366,Kafka,Data Engineer,Delhi,Tier 1,Junior (1-3 yrs),Hybrid,13.9,2024-06-02
IND2026366,SQL,Data Engineer,Delhi,Tier 1,Junior (1-3 yrs),Hybrid,13.9,2024-06-02
IND2026366,dbt,Data Engineer,Delhi,Tier 1,Junior (1-3 yrs),Hybrid,13.9,2024-06-02
IND2026366,Airflow,Data Engineer,Delhi,Tier 1,Junior (1-3 yrs),Hybrid,13.9,2024-06-02
IND2026366,AWS,Data Engineer,Delhi,Tier 1,Junior (1-3 yrs),Hybrid,13.9,2024-06-02
IND2026373,Excel,Data Analyst,Ahmedabad,Tier 2,Mid (3-6 yrs),On-Site,3.0,2026-02-05
IND2026373,Python,Data Analyst,Ahmedabad,Tier 2,Mid (3-6 yrs),On-Site,3.0,2026-02-05
IND2026373,Tableau,Data Analyst,Ahmedabad,Tier 2,Mid (3-6 yrs),On-Site,3.0,2026-02-05
IND2026373,Power BI,Data Analyst,Ahmedabad,Tier 2,Mid (3-6 yrs),On-Site,3.0,2026-02-05
IND2026373,Data Visualization,Data Analyst,Ahmedabad,Tier 2,Mid (3-6 yrs),On-Site,3.0,2026-02-05
IND2026373,Statistics,Data Analyst,Ahmedabad,Tier 2,Mid (3-6 yrs),On-Site,3.0,2026-02-05
IND2026376,TensorFlow,Data Scientist,Hyderabad,Tier 1,Junior (1-3 yrs),On-Site,7.9,2026-02-06
IND2026376,NLP,Data Scientist,Hyderabad,Tier 1,Junior (1-3 yrs),On-Site,7.9,2026-02-06
IND2026376,Statistics,Data Scientist,Hyderabad,Tier 1,Junior (1-3 yrs),On-Site,7.9,2026-02-06
IND2026376,Python,Data Scientist,Hyderabad,Tier 1,Junior (1-3 yrs),On-Site,7.9,2026-02-06
IND2026379,SQL,Data Analyst,Kolkata,Tier 2,Mid (3-6 yrs),Hybrid,18.6,2025-09-01
IND2026379,Python,Data Analyst,Kolkata,Tier 2,Mid (3-6 yrs),Hybrid,18.6,2025-09-01
IND2026379,Excel,Data Analyst,Kolkata,Tier 2,Mid (3-6 yrs),Hybrid,18.6,2025-09-01
IND2026379,Data Visualization,Data Analyst,Kolkata,Tier 2,Mid (3-6 yrs),Hybrid,18.6,2025-09-01
IND2026379,Tableau,Data Analyst,Kolkata,Tier 2,Mid (3-6 yrs),Hybrid,18.6,2025-09-01
IND2026379,Power BI,Data Analyst,Kolkata,Tier 2,Mid (3-6 yrs),Hybrid,18.6,2025-09-01
IND2026383,Kafka,Data Engineer,Remote,Remote,Mid (3-6 yrs),Hybrid,16.2,2024-06-14
IND2026383,AWS,Data Engineer,Remote,Remote,Mid (3-6 yrs),Hybrid,16.2,2024-06-14
IND2026383,Python,Data Engineer,Remote,Remote,Mid (3-6 yrs),Hybrid,16.2,2024-06-14
IND2026383,dbt,Data Engineer,Remote,Remote,Mid (3-6 yrs),Hybrid,16.2,2024-06-14
IND2026383,Spark,Data Engineer,Remote,Remote,Mid (3-6 yrs),Hybrid,16.2,2024-06-14
IND2026383,ETL,Data Engineer,Remote,Remote,Mid (3-6 yrs),Hybrid,16.2,2024-06-14
IND2026387,Airflow,Data Engineer,Remote,Remote,Senior (6-10 yrs),Remote,31.9,2025-12-08
IND2026387,ETL,Data Engineer,Remote,Remote,Senior (6-10 yrs),Remote,31.9,2025-12-08
IND2026387,Python,Data Engineer,Remote,Remote,Senior (6-10 yrs),Remote,31.9,2025-12-08
IND2026387,AWS,Data Engineer,Remote,Remote,Senior (6-10 yrs),Remote,31.9,2025-12-08
IND2026391,Python,Data Scientist,Remote,Remote,Mid (3-6 yrs),Remote,2.8,2025-08-19
IND2026391,Scikit-learn,Data Scientist,Remote,Remote,Mid (3-6 yrs),Remote,2.8,2025-08-19
IND2026391,Statistics,Data Scientist,Remote,Remote,Mid (3-6 yrs),Remote,2.8,2025-08-19
IND2026391,SQL,Data Scientist,Remote,Remote,Mid (3-6 yrs),Remote,2.8,2025-08-19
IND2026392,Kafka,Data Engineer,Remote,Remote,Junior (1-3 yrs),Remote,9.3,2025-02-06
IND2026392,AWS,Data Engineer,Remote,Remote,Junior (1-3 yrs),Remote,9.3,2025-02-06
IND2026392,ETL,Data Engineer,Remote,Remote,Junior (1-3 yrs),Remote,9.3,2025-02-06
IND2026406,SQL,Data Analyst,Kochi,Tier 2,Mid (3-6 yrs),On-Site,24.8,2024-10-29
IND2026406,Power BI,Data Analyst,Kochi,Tier 2,Mid (3-6 yrs),On-Site,24.8,2024-10-29
IND2026406,Python,Data Analyst,Kochi,Tier 2,Mid (3-6 yrs),On-Site,24.8,2024-10-29
IND2026406,Statistics,Data Analyst,Kochi,Tier 2,Mid (3-6 yrs),On-Site,24.8,2024-10-29
IND2026411,Statistics,Data Scientist,Bangalore,Tier 1,Junior (1-3 yrs),On-Site,10.4,2024-07-04
IND2026411,Tableau,Data Scientist,Bangalore,Tier 1,Junior (1-3 yrs),On-Site,10.4,2024-07-04
IND2026411,Python,Data Scientist,Bangalore,Tier 1,Junior (1-3 yrs),On-Site,10.4,2024-07-04
IND2026411,TensorFlow,Data Scientist,Bangalore,Tier 1,Junior (1-3 yrs),On-Site,10.4,2024-07-04
IND2026411,Scikit-learn,Data Scientist,Bangalore,Tier 1,Junior (1-3 yrs),On-Site,10.4,2024-07-04
IND2026411,Deep Learning,Data Scientist,Bangalore,Tier 1,Junior (1-3 yrs),On-Site,10.4,2024-07-04
IND2026414,Power BI,Business Analyst,Remote,Remote,Fresher (0-1 yr),Remote,7.3,2025-09-25
IND2026414,Requirements Gathering,Business Analyst,Remote,Remote,Fresher (0-1 yr),Remote,7.3,2025-09-25
IND2026414,Agile,Business Analyst,Remote,Remote,Fresher (0-1 yr),Remote,7.3,2025-09-25
IND2026414,SQL,Business Analyst,Remote,Remote,Fresher (0-1 yr),Remote,7.3,2025-09-25
IND2026414,Excel,Business Analyst,Remote,Remote,Fresher (0-1 yr),Remote,7.3,2025-09-25
IND2026414,JIRA,Business Analyst,Remote,Remote,Fresher (0-1 yr),Remote,7.3,2025-09-25
IND2026416,Scikit-learn,Data Scientist,Mumbai,Tier 1,Mid (3-6 yrs),On-Site,17.6,2026-04-28
IND2026416,TensorFlow,Data Scientist,Mumbai,Tier 1,Mid (3-6 yrs),On-Site,17.6,2026-04-28
IND2026416,Python,Data Scientist,Mumbai,Tier 1,Mid (3-6 yrs),On-Site,17.6,2026-04-28
IND2026416,Machine Learning,Data Scientist,Mumbai,Tier 1,Mid (3-6 yrs),On-Site,17.6,2026-04-28
IND2026416,Tableau,Data Scientist,Mumbai,Tier 1,Mid (3-6 yrs),On-Site,17.6,2026-04-28
IND2026416,Statistics,Data Scientist,Mumbai,Tier 1,Mid (3-6 yrs),On-Site,17.6,2026-04-28
IND2026426,Statistics,Data Analyst,Remote,Remote,Fresher (0-1 yr),Remote,3.7,2024-11-11
IND2026426,Python,Data Analyst,Remote,Remote,Fresher (0-1 yr),Remote,3.7,2024-11-11
IND2026426,SQL,Data Analyst,Remote,Remote,Fresher (0-1 yr),Remote,3.7,2024-11-11
IND2026426,Data Visualization,Data Analyst,Remote,Remote,Fresher (0-1 yr),Remote,3.7,2024-11-11
IND2026426,Tableau,Data Analyst,Remote,Remote,Fresher (0-1 yr),Remote,3.7,2024-11-11
IND2026426,Power BI,Data Analyst,Remote,Remote,Fresher (0-1 yr),Remote,3.7,2024-11-11
IND2026429,SQL,Data Scientist,Remote,Remote,Mid (3-6 yrs),Hybrid,15.5,2024-12-08
IND2026429,Machine Learning,Data Scientist,Remote,Remote,Mid (3-6 yrs),Hybrid,15.5,2024-12-08
IND2026429,Pandas,Data Scientist,Remote,Remote,Mid (3-6 yrs),Hybrid,15.5,2024-12-08
IND2026429,Python,Data Scientist,Remote,Remote,Mid (3-6 yrs),Hybrid,15.5,2024-12-08
IND2026429,NLP,Data Scientist,Remote,Remote,Mid (3-6 yrs),Hybrid,15.5,2024-12-08
IND2026429,Deep Learning,Data Scientist,Remote,Remote,Mid (3-6 yrs),Hybrid,15.5,2024-12-08
IND2026448,dbt,Data Engineer,Nagpur,Tier 2,Senior (6-10 yrs),Hybrid,58.3,2025-10-06
IND2026448,ETL,Data Engineer,Nagpur,Tier 2,Senior (6-10 yrs),Hybrid,58.3,2025-10-06
IND2026448,Kafka,Data Engineer,Nagpur,Tier 2,Senior (6-10 yrs),Hybrid,58.3,2025-10-06
IND2026448,SQL,Data Engineer,Nagpur,Tier 2,Senior (6-10 yrs),Hybrid,58.3,2025-10-06
IND2026448,Python,Data Engineer,Nagpur,Tier 2,Senior (6-10 yrs),Hybrid,58.3,2025-10-06
IND2026458,Excel,Data Analyst,Bangalore,Tier 1,Senior (6-10 yrs),On-Site,28.8,2025-07-20
IND2026458,Tableau,Data Analyst,Bangalore,Tier 1,Senior (6-10 yrs),On-Site,28.8,2025-07-20
IND2026458,Power BI,Data Analyst,Bangalore,Tier 1,Senior (6-10 yrs),On-Site,28.8,2025-07-20
IND2026458,Data Visualization,Data Analyst,Bangalore,Tier 1,Senior (6-10 yrs),On-Site,28.8,2025-07-20
IND2026458,Statistics,Data Analyst,Bangalore,Tier 1,Senior (6-10 yrs),On-Site,28.8,2025-07-20
IND2026462,dbt,Data Engineer,Remote,Remote,Junior (1-3 yrs),On-Site,1.8,2025-04-21
IND2026462,Kafka,Data Engineer,Remote,Remote,Junior (1-3 yrs),On-Site,1.8,2025-04-21
IND2026462,AWS,Data Engineer,Remote,Remote,Junior (1-3 yrs),On-Site,1.8,2025-04-21
IND2026462,Spark,Data Engineer,Remote,Remote,Junior (1-3 yrs),On-Site,1.8,2025-04-21
IND2026462,SQL,Data Engineer,Remote,Remote,Junior (1-3 yrs),On-Site,1.8,2025-04-21
IND2026464,Power BI,Business Analyst,Chandigarh,Tier 2,Senior (6-10 yrs),On-Site,54.4,2024-12-21
IND2026464,Agile,Business Analyst,Chandigarh,Tier 2,Senior (6-10 yrs),On-Site,54.4,2024-12-21
IND2026464,Excel,Business Analyst,Chandigarh,Tier 2,Senior (6-10 yrs),On-Site,54.4,2024-12-21
IND2026467,Data Visualization,Data Analyst,Remote,Remote,Junior (1-3 yrs),Remote,9.2,2025-04-02
IND2026467,Tableau,Data Analyst,Remote,Remote,Junior (1-3 yrs),Remote,9.2,2025-04-02
IND2026467,Power BI,Data Analyst,Remote,Remote,Junior (1-3 yrs),Remote,9.2,2025-04-02
IND2026467,Statistics,Data Analyst,Remote,Remote,Junior (1-3 yrs),Remote,9.2,2025-04-02
IND2026467,Excel,Data Analyst,Remote,Remote,Junior (1-3 yrs),Remote,9.2,2025-04-02
IND2026473,Python,Data Engineer,Chennai,Tier 1,Mid (3-6 yrs),Hybrid,17.2,2025-09-06
IND2026473,Kafka,Data Engineer,Chennai,Tier 1,Mid (3-6 yrs),Hybrid,17.2,2025-09-06
IND2026473,Airflow,Data Engineer,Chennai,Tier 1,Mid (3-6 yrs),Hybrid,17.2,2025-09-06
IND2026473,SQL,Data Engineer,Chennai,Tier 1,Mid (3-6 yrs),Hybrid,17.2,2025-09-06
IND2026479,Scikit-learn,Data Scientist,Remote,Remote,Lead (10+ yrs),Remote,63.1,2024-10-14
IND2026479,Machine Learning,Data Scientist,Remote,Remote,Lead (10+ yrs),Remote,63.1,2024-10-14
IND2026479,Tableau,Data Scientist,Remote,Remote,Lead (10+ yrs),Remote,63.1,2024-10-14
IND2026479,Python,Data Scientist,Remote,Remote,Lead (10+ yrs),Remote,63.1,2024-10-14
IND2026479,SQL,Data Scientist,Remote,Remote,Lead (10+ yrs),Remote,63.1,2024-10-14
IND2026479,TensorFlow,Data Scientist,Remote,Remote,Lead (10+ yrs),Remote,63.1,2024-10-14
IND2026488,SQL,Data Scientist,Hyderabad,Tier 1,Junior (1-3 yrs),On-Site,10.8,2025-04-01
IND2026488,Deep Learning,Data Scientist,Hyderabad,Tier 1,Junior (1-3 yrs),On-Site,10.8,2025-04-01
IND2026488,Pandas,Data Scientist,Hyderabad,Tier 1,Junior (1-3 yrs),On-Site,10.8,2025-04-01
IND2026489,SQL,Business Analyst,Remote,Remote,Fresher (0-1 yr),Hybrid,5.7,2025-07-21
IND2026489,Power BI,Business Analyst,Remote,Remote,Fresher (0-1 yr),Hybrid,5.7,2025-07-21
IND2026489,Excel,Business Analyst,Remote,Remote,Fresher (0-1 yr),Hybrid,5.7,2025-07-21
IND2026491,Kafka,Data Engineer,Coimbatore,Tier 2,Fresher (0-1 yr),On-Site,6.9,2025-03-02
IND2026491,Airflow,Data Engineer,Coimbatore,Tier 2,Fresher (0-1 yr),On-Site,6.9,2025-03-02
IND2026491,dbt,Data Engineer,Coimbatore,Tier 2,Fresher (0-1 yr),On-Site,6.9,2025-03-02
IND2026491,Python,Data Engineer,Coimbatore,Tier 2,Fresher (0-1 yr),On-Site,6.9,2025-03-02
IND2026499,Pandas,Data Scientist,Chennai,Tier 1,Senior (6-10 yrs),On-Site,64.9,2025-02-03
IND2026499,Machine Learning,Data Scientist,Chennai,Tier 1,Senior (6-10 yrs),On-Site,64.9,2025-02-03
IND2026499,Deep Learning,Data Scientist,Chennai,Tier 1,Senior (6-10 yrs),On-Site,64.9,2025-02-03
IND2026503,Statistics,Data Analyst,Hyderabad,Tier 1,Mid (3-6 yrs),Hybrid,19.3,2026-03-19
IND2026503,Power BI,Data Analyst,Hyderabad,Tier 1,Mid (3-6 yrs),Hybrid,19.3,2026-03-19
IND2026503,Excel,Data Analyst,Hyderabad,Tier 1,Mid (3-6 yrs),Hybrid,19.3,2026-03-19
IND2026509,Statistics,Data Scientist,Bangalore,Tier 1,Senior (6-10 yrs),Hybrid,60.8,2026-02-22
IND2026509,TensorFlow,Data Scientist,Bangalore,Tier 1,Senior (6-10 yrs),Hybrid,60.8,2026-02-22
IND2026509,NLP,Data Scientist,Bangalore,Tier 1,Senior (6-10 yrs),Hybrid,60.8,2026-02-22
IND2026509,Scikit-learn,Data Scientist,Bangalore,Tier 1,Senior (6-10 yrs),Hybrid,60.8,2026-02-22
IND2026509,Python,Data Scientist,Bangalore,Tier 1,Senior (6-10 yrs),Hybrid,60.8,2026-02-22
IND2026511,Power BI,Data Analyst,Remote,Remote,Junior (1-3 yrs),Remote,12.3,2024-11-05
IND2026511,SQL,Data Analyst,Remote,Remote,Junior (1-3 yrs),Remote,12.3,2024-11-05
IND2026511,Data Visualization,Data Analyst,Remote,Remote,Junior (1-3 yrs),Remote,12.3,2024-11-05
IND2026512,Agile,Business Analyst,Hyderabad,Tier 1,Mid (3-6 yrs),On-Site,31.7,2024-09-20
IND2026512,SQL,Business Analyst,Hyderabad,Tier 1,Mid (3-6 yrs),On-Site,31.7,2024-09-20
IND2026512,JIRA,Business Analyst,Hyderabad,Tier 1,Mid (3-6 yrs),On-Site,31.7,2024-09-20
IND2026521,SQL,Business Analyst,Remote,Remote,Junior (1-3 yrs),Remote,16.0,2025-03-26
IND2026521,JIRA,Business Analyst,Remote,Remote,Junior (1-3 yrs),Remote,16.0,2025-03-26
IND2026521,Agile,Business Analyst,Remote,Remote,Junior (1-3 yrs),Remote,16.0,2025-03-26
IND2026524,dbt,Data Engineer,Remote,Remote,Senior (6-10 yrs),Remote,32.2,2024-07-15
IND2026524,Airflow,Data Engineer,Remote,Remote,Senior (6-10 yrs),Remote,32.2,2024-07-15
IND2026524,ETL,Data Engineer,Remote,Remote,Senior (6-10 yrs),Remote,32.2,2024-07-15
IND2026529,Power BI,Data Analyst,Bangalore,Tier 1,Fresher (0-1 yr),On-Site,5.2,2024-08-27
IND2026529,SQL,Data Analyst,Bangalore,Tier 1,Fresher (0-1 yr),On-Site,5.2,2024-08-27
IND2026529,Data Visualization,Data Analyst,Bangalore,Tier 1,Fresher (0-1 yr),On-Site,5.2,2024-08-27
IND2026531,Power BI,Data Analyst,Remote,Remote,Senior (6-10 yrs),On-Site,33.9,2025-03-02
IND2026531,Statistics,Data Analyst,Remote,Remote,Senior (6-10 yrs),On-Site,33.9,2025-03-02
IND2026531,Tableau,Data Analyst,Remote,Remote,Senior (6-10 yrs),On-Site,33.9,2025-03-02
IND2026531,Data Visualization,Data Analyst,Remote,Remote,Senior (6-10 yrs),On-Site,33.9,2025-03-02
IND2026531,SQL,Data Analyst,Remote,Remote,Senior (6-10 yrs),On-Site,33.9,2025-03-02
IND2026531,Excel,Data Analyst,Remote,Remote,Senior (6-10 yrs),On-Site,33.9,2025-03-02
IND2026541,dbt,Data Engineer,Remote,Remote,Mid (3-6 yrs),Remote,14.7,2025-12-23
IND2026541,AWS,Data Engineer,Remote,Remote,Mid (3-6 yrs),Remote,14.7,2025-12-23
IND2026541,SQL,Data Engineer,Remote,Remote,Mid (3-6 yrs),Remote,14.7,2025-12-23
IND2026550,Power BI,Business Analyst,Delhi,Tier 1,Senior (6-10 yrs),On-Site,49.9,2025-10-04
IND2026550,Agile,Business Analyst,Delhi,Tier 1,Senior (6-10 yrs),On-Site,49.9,2025-10-04
IND2026550,Requirements Gathering,Business Analyst,Delhi,Tier 1,Senior (6-10 yrs),On-Site,49.9,2025-10-04
IND2026555,Python,Data Analyst,Chennai,Tier 1,Mid (3-6 yrs),On-Site,20.8,2024-09-22
IND2026555,Tableau,Data Analyst,Chennai,Tier 1,Mid (3-6 yrs),On-Site,20.8,2024-09-22
IND2026555,Excel,Data Analyst,Chennai,Tier 1,Mid (3-6 yrs),On-Site,20.8,2024-09-22
IND2026555,Data Visualization,Data Analyst,Chennai,Tier 1,Mid (3-6 yrs),On-Site,20.8,2024-09-22
IND2026556,Requirements Gathering,Business Analyst,Remote,Remote,Junior (1-3 yrs),Remote,10.1,2024-08-05
IND2026556,Excel,Business Analyst,Remote,Remote,Junior (1-3 yrs),Remote,10.1,2024-08-05
IND2026556,SQL,Business Analyst,Remote,Remote,Junior (1-3 yrs),Remote,10.1,2024-08-05
IND2026560,TensorFlow,Data Scientist,Remote,Remote,Junior (1-3 yrs),Remote,12.2,2025-06-18
IND2026560,Python,Data Scientist,Remote,Remote,Junior (1-3 yrs),Remote,12.2,2025-06-18
IND2026560,Statistics,Data Scientist,Remote,Remote,Junior (1-3 yrs),Remote,12.2,2025-06-18
IND2026560,SQL,Data Scientist,Remote,Remote,Junior (1-3 yrs),Remote,12.2,2025-06-18
IND2026560,NLP,Data Scientist,Remote,Remote,Junior (1-3 yrs),Remote,12.2,2025-06-18
IND2026560,Machine Learning,Data Scientist,Remote,Remote,Junior (1-3 yrs),Remote,12.2,2025-06-18
IND2026565,SQL,Business Analyst,Remote,Remote,Senior (6-10 yrs),Remote,31.5,2024-11-30
IND2026565,Agile,Business Analyst,Remote,Remote,Senior (6-10 yrs),Remote,31.5,2024-11-30
IND2026565,Requirements Gathering,Business Analyst,Remote,Remote,Senior (6-10 yrs),Remote,31.5,2024-11-30
IND2026565,JIRA,Business Analyst,Remote,Remote,Senior (6-10 yrs),Remote,31.5,2024-11-30
IND2026565,Excel,Business Analyst,Remote,Remote,Senior (6-10 yrs),Remote,31.5,2024-11-30
IND2026565,Power BI,Business Analyst,Remote,Remote,Senior (6-10 yrs),Remote,31.5,2024-11-30
IND2026567,Spark,Data Engineer,Remote,Remote,Junior (1-3 yrs),Remote,7.6,2025-12-15
IND2026567,Airflow,Data Engineer,Remote,Remote,Junior (1-3 yrs),Remote,7.6,2025-12-15
IND2026567,Python,Data Engineer,Remote,Remote,Junior (1-3 yrs),Remote,7.6,2025-12-15
IND2026568,Requirements Gathering,Business Analyst,Remote,Remote,Senior (6-10 yrs),Remote,47.4,2024-06-08
IND2026568,Agile,Business Analyst,Remote,Remote,Senior (6-10 yrs),Remote,47.4,2024-06-08
IND2026568,JIRA,Business Analyst,Remote,Remote,Senior (6-10 yrs),Remote,47.4,2024-06-08
IND2026568,SQL,Business Analyst,Remote,Remote,Senior (6-10 yrs),Remote,47.4,2024-06-08
IND2026585,Power BI,Data Analyst,Mumbai,Tier 1,Mid (3-6 yrs),Hybrid,15.0,2025-12-26
IND2026585,Data Visualization,Data Analyst,Mumbai,Tier 1,Mid (3-6 yrs),Hybrid,15.0,2025-12-26
IND2026585,Python,Data Analyst,Mumbai,Tier 1,Mid (3-6 yrs),Hybrid,15.0,2025-12-26
IND2026598,Power BI,Data Analyst,Lucknow,Tier 2,Senior (6-10 yrs),Hybrid,30.6,2024-07-30
IND2026598,Python,Data Analyst,Lucknow,Tier 2,Senior (6-10 yrs),Hybrid,30.6,2024-07-30
IND2026598,Statistics,Data Analyst,Lucknow,Tier 2,Senior (6-10 yrs),Hybrid,30.6,2024-07-30
IND2026598,SQL,Data Analyst,Lucknow,Tier 2,Senior (6-10 yrs),Hybrid,30.6,2024-07-30
IND2026598,Data Visualization,Data Analyst,Lucknow,Tier 2,Senior (6-10 yrs),Hybrid,30.6,2024-07-30
IND2026605,Statistics,Data Analyst,Remote,Remote,Mid (3-6 yrs),Hybrid,18.0,2025-08-20
IND2026605,Power BI,Data Analyst,Remote,Remote,Mid (3-6 yrs),Hybrid,18.0,2025-08-20
IND2026605,Python,Data Analyst,Remote,Remote,Mid (3-6 yrs),Hybrid,18.0,2025-08-20
IND2026606,Data Visualization,Data Analyst,Mumbai,Tier 1,Mid (3-6 yrs),On-Site,15.8,2026-04-17
IND2026606,Power BI,Data Analyst,Mumbai,Tier 1,Mid (3-6 yrs),On-Site,15.8,2026-04-17
IND2026606,Tableau,Data Analyst,Mumbai,Tier 1,Mid (3-6 yrs),On-Site,15.8,2026-04-17
IND2026606,Excel,Data Analyst,Mumbai,Tier 1,Mid (3-6 yrs),On-Site,15.8,2026-04-17
IND2026606,Python,Data Analyst,Mumbai,Tier 1,Mid (3-6 yrs),On-Site,15.8,2026-04-17
IND2026609,Tableau,Data Analyst,Jaipur,Tier 2,Mid (3-6 yrs),Hybrid,21.1,2025-04-23
IND2026609,Data Visualization,Data Analyst,Jaipur,Tier 2,Mid (3-6 yrs),Hybrid,21.1,2025-04-23
IND2026609,SQL,Data Analyst,Jaipur,Tier 2,Mid (3-6 yrs),Hybrid,21.1,2025-04-23
IND2026610,Power BI,Business Analyst,Hyderabad,Tier 1,Junior (1-3 yrs),On-Site,15.3,2026-04-10
IND2026610,Excel,Business Analyst,Hyderabad,Tier 1,Junior (1-3 yrs),On-Site,15.3,2026-04-10
IND2026610,SQL,Business Analyst,Hyderabad,Tier 1,Junior (1-3 yrs),On-Site,15.3,2026-04-10
IND2026610,Requirements Gathering,Business Analyst,Hyderabad,Tier 1,Junior (1-3 yrs),On-Site,15.3,2026-04-10
IND2026611,Tableau,Data Analyst,Pune,Tier 1,Mid (3-6 yrs),On-Site,1.5,2026-04-17
IND2026611,SQL,Data Analyst,Pune,Tier 1,Mid (3-6 yrs),On-Site,1.5,2026-04-17
IND2026611,Power BI,Data Analyst,Pune,Tier 1,Mid (3-6 yrs),On-Site,1.5,2026-04-17
IND2026611,Excel,Data Analyst,Pune,Tier 1,Mid (3-6 yrs),On-Site,1.5,2026-04-17
IND2026611,Statistics,Data Analyst,Pune,Tier 1,Mid (3-6 yrs),On-Site,1.5,2026-04-17
IND2026612,dbt,Data Engineer,Pune,Tier 1,Senior (6-10 yrs),Hybrid,39.1,2025-10-06
IND2026612,SQL,Data Engineer,Pune,Tier 1,Senior (6-10 yrs),Hybrid,39.1,2025-10-06
IND2026612,Airflow,Data Engineer,Pune,Tier 1,Senior (6-10 yrs),Hybrid,39.1,2025-10-06
IND2026612,Kafka,Data Engineer,Pune,Tier 1,Senior (6-10 yrs),Hybrid,39.1,2025-10-06
IND2026612,Spark,Data Engineer,Pune,Tier 1,Senior (6-10 yrs),Hybrid,39.1,2025-10-06
IND2026612,AWS,Data Engineer,Pune,Tier 1,Senior (6-10 yrs),Hybrid,39.1,2025-10-06
IND2026615,Power BI,Data Analyst,Pune,Tier 1,Mid (3-6 yrs),Hybrid,19.2,2025-02-16
IND2026615,Statistics,Data Analyst,Pune,Tier 1,Mid (3-6 yrs),Hybrid,19.2,2025-02-16
IND2026615,Excel,Data Analyst,Pune,Tier 1,Mid (3-6 yrs),Hybrid,19.2,2025-02-16
IND2026626,Tableau,Data Scientist,Ahmedabad,Tier 2,Senior (6-10 yrs),On-Site,33.4,2025-10-03
IND2026626,Pandas,Data Scientist,Ahmedabad,Tier 2,Senior (6-10 yrs),On-Site,33.4,2025-10-03
IND2026626,Python,Data Scientist,Ahmedabad,Tier 2,Senior (6-10 yrs),On-Site,33.4,2025-10-03
IND2026626,NLP,Data Scientist,Ahmedabad,Tier 2,Senior (6-10 yrs),On-Site,33.4,2025-10-03
IND2026626,Deep Learning,Data Scientist,Ahmedabad,Tier 2,Senior (6-10 yrs),On-Site,33.4,2025-10-03
IND2026626,Machine Learning,Data Scientist,Ahmedabad,Tier 2,Senior (6-10 yrs),On-Site,33.4,2025-10-03
IND2026629,Python,Data Analyst,Delhi,Tier 1,Mid (3-6 yrs),Hybrid,17.5,2025-04-06
IND2026629,Tableau,Data Analyst,Delhi,Tier 1,Mid (3-6 yrs),Hybrid,17.5,2025-04-06
IND2026629,Statistics,Data Analyst,Delhi,Tier 1,Mid (3-6 yrs),Hybrid,17.5,2025-04-06
IND2026630,Spark,Data Engineer,Nagpur,Tier 2,Fresher (0-1 yr),On-Site,6.5,2025-08-16
IND2026630,Airflow,Data Engineer,Nagpur,Tier 2,Fresher (0-1 yr),On-Site,6.5,2025-08-16
IND2026630,ETL,Data Engineer,Nagpur,Tier 2,Fresher (0-1 yr),On-Site,6.5,2025-08-16
IND2026630,AWS,Data Engineer,Nagpur,Tier 2,Fresher (0-1 yr),On-Site,6.5,2025-08-16
IND2026640,NLP,Data Scientist,Chennai,Tier 1,Fresher (0-1 yr),On-Site,1.4,2025-06-24
IND2026640,SQL,Data Scientist,Chennai,Tier 1,Fresher (0-1 yr),On-Site,1.4,2025-06-24
IND2026640,TensorFlow,Data Scientist,Chennai,Tier 1,Fresher (0-1 yr),On-Site,1.4,2025-06-24
IND2026640,Pandas,Data Scientist,Chennai,Tier 1,Fresher (0-1 yr),On-Site,1.4,2025-06-24
IND2026668,Python,Data Scientist,Remote,Remote,Lead (10+ yrs),Hybrid,59.4,2025-11-05
IND2026668,Statistics,Data Scientist,Remote,Remote,Lead (10+ yrs),Hybrid,59.4,2025-11-05
IND2026668,Machine Learning,Data Scientist,Remote,Remote,Lead (10+ yrs),Hybrid,59.4,2025-11-05
IND2026668,Tableau,Data Scientist,Remote,Remote,Lead (10+ yrs),Hybrid,59.4,2025-11-05
IND2026668,TensorFlow,Data Scientist,Remote,Remote,Lead (10+ yrs),Hybrid,59.4,2025-11-05
IND2026674,Scikit-learn,Data Scientist,Hyderabad,Tier 1,Mid (3-6 yrs),Hybrid,2.0,2025-12-24
IND2026674,TensorFlow,Data Scientist,Hyderabad,Tier 1,Mid (3-6 yrs),Hybrid,2.0,2025-12-24
IND2026674,NLP,Data Scientist,Hyderabad,Tier 1,Mid (3-6 yrs),Hybrid,2.0,2025-12-24
IND2026674,Tableau,Data Scientist,Hyderabad,Tier 1,Mid (3-6 yrs),Hybrid,2.0,2025-12-24
IND2026678,Requirements Gathering,Business Analyst,Delhi,Tier 1,Junior (1-3 yrs),Hybrid,6.1,2024-07-30
IND2026678,Excel,Business Analyst,Delhi,Tier 1,Junior (1-3 yrs),Hybrid,6.1,2024-07-30
IND2026678,Power BI,Business Analyst,Delhi,Tier 1,Junior (1-3 yrs),Hybrid,6.1,2024-07-30
IND2026684,Python,Data Engineer,Remote,Remote,Mid (3-6 yrs),Remote,19.6,2026-04-19
IND2026684,Kafka,Data Engineer,Remote,Remote,Mid (3-6 yrs),Remote,19.6,2026-04-19
IND2026684,dbt,Data Engineer,Remote,Remote,Mid (3-6 yrs),Remote,19.6,2026-04-19
IND2026684,ETL,Data Engineer,Remote,Remote,Mid (3-6 yrs),Remote,19.6,2026-04-19
IND2026684,SQL,Data Engineer,Remote,Remote,Mid (3-6 yrs),Remote,19.6,2026-04-19
IND2026687,Requirements Gathering,Business Analyst,Chandigarh,Tier 2,Mid (3-6 yrs),On-Site,17.8,2025-01-22
IND2026687,Excel,Business Analyst,Chandigarh,Tier 2,Mid (3-6 yrs),On-Site,17.8,2025-01-22
IND2026687,SQL,Business Analyst,Chandigarh,Tier 2,Mid (3-6 yrs),On-Site,17.8,2025-01-22
IND2026687,Power BI,Business Analyst,Chandigarh,Tier 2,Mid (3-6 yrs),On-Site,17.8,2025-01-22
IND2026697,Python,Data Analyst,Mumbai,Tier 1,Lead (10+ yrs),On-Site,21.3,2026-02-25
IND2026697,Power BI,Data Analyst,Mumbai,Tier 1,Lead (10+ yrs),On-Site,21.3,2026-02-25
IND2026697,Data Visualization,Data Analyst,Mumbai,Tier 1,Lead (10+ yrs),On-Site,21.3,2026-02-25
IND2026711,NLP,Data Scientist,Remote,Remote,Junior (1-3 yrs),Remote,11.1,2024-12-03
IND2026711,Machine Learning,Data Scientist,Remote,Remote,Junior (1-3 yrs),Remote,11.1,2024-12-03
IND2026711,SQL,Data Scientist,Remote,Remote,Junior (1-3 yrs),Remote,11.1,2024-12-03
IND2026711,Scikit-learn,Data Scientist,Remote,Remote,Junior (1-3 yrs),Remote,11.1,2024-12-03
IND2026721,Power BI,Business Analyst,Mumbai,Tier 1,Senior (6-10 yrs),Hybrid,36.2,2025-09-22
IND2026721,Requirements Gathering,Business Analyst,Mumbai,Tier 1,Senior (6-10 yrs),Hybrid,36.2,2025-09-22
IND2026721,Excel,Business Analyst,Mumbai,Tier 1,Senior (6-10 yrs),Hybrid,36.2,2025-09-22
IND2026721,SQL,Business Analyst,Mumbai,Tier 1,Senior (6-10 yrs),Hybrid,36.2,2025-09-22
IND2026721,Agile,Business Analyst,Mumbai,Tier 1,Senior (6-10 yrs),Hybrid,36.2,2025-09-22
IND2026733,Power BI,Business Analyst,Pune,Tier 1,Lead (10+ yrs),On-Site,53.3,2025-10-15
IND2026733,Agile,Business Analyst,Pune,Tier 1,Lead (10+ yrs),On-Site,53.3,2025-10-15
IND2026733,SQL,Business Analyst,Pune,Tier 1,Lead (10+ yrs),On-Site,53.3,2025-10-15
IND2026739,SQL,Data Analyst,Remote,Remote,Fresher (0-1 yr),Remote,4.9,2024-08-20
IND2026739,Data Visualization,Data Analyst,Remote,Remote,Fresher (0-1 yr),Remote,4.9,2024-08-20
IND2026739,Power BI,Data Analyst,Remote,Remote,Fresher (0-1 yr),Remote,4.9,2024-08-20
IND2026739,Excel,Data Analyst,Remote,Remote,Fresher (0-1 yr),Remote,4.9,2024-08-20
IND2026739,Statistics,Data Analyst,Remote,Remote,Fresher (0-1 yr),Remote,4.9,2024-08-20
IND2026749,Data Visualization,Data Analyst,Mumbai,Tier 1,Senior (6-10 yrs),Hybrid,27.4,2024-12-26
IND2026749,Excel,Data Analyst,Mumbai,Tier 1,Senior (6-10 yrs),Hybrid,27.4,2024-12-26
IND2026749,SQL,Data Analyst,Mumbai,Tier 1,Senior (6-10 yrs),Hybrid,27.4,2024-12-26
IND2026749,Tableau,Data Analyst,Mumbai,Tier 1,Senior (6-10 yrs),Hybrid,27.4,2024-12-26
IND2026749,Power BI,Data Analyst,Mumbai,Tier 1,Senior (6-10 yrs),Hybrid,27.4,2024-12-26
IND2026749,Python,Data Analyst,Mumbai,Tier 1,Senior (6-10 yrs),Hybrid,27.4,2024-12-26
IND2026752,Power BI,Business Analyst,Remote,Remote,Fresher (0-1 yr),Remote,5.3,2024-07-15
IND2026752,Excel,Business Analyst,Remote,Remote,Fresher (0-1 yr),Remote,5.3,2024-07-15
IND2026752,Agile,Business Analyst,Remote,Remote,Fresher (0-1 yr),Remote,5.3,2024-07-15
IND2026754,Excel,Business Analyst,Hyderabad,Tier 1,Mid (3-6 yrs),Hybrid,1.3,2024-12-08
IND2026754,SQL,Business Analyst,Hyderabad,Tier 1,Mid (3-6 yrs),Hybrid,1.3,2024-12-08
IND2026754,JIRA,Business Analyst,Hyderabad,Tier 1,Mid (3-6 yrs),Hybrid,1.3,2024-12-08
IND2026754,Requirements Gathering,Business Analyst,Hyderabad,Tier 1,Mid (3-6 yrs),Hybrid,1.3,2024-12-08
IND2026754,Agile,Business Analyst,Hyderabad,Tier 1,Mid (3-6 yrs),Hybrid,1.3,2024-12-08
IND2026763,Statistics,Data Analyst,Remote,Remote,Senior (6-10 yrs),Hybrid,32.3,2025-03-13
IND2026763,Excel,Data Analyst,Remote,Remote,Senior (6-10 yrs),Hybrid,32.3,2025-03-13
IND2026763,Data Visualization,Data Analyst,Remote,Remote,Senior (6-10 yrs),Hybrid,32.3,2025-03-13
IND2026763,Tableau,Data Analyst,Remote,Remote,Senior (6-10 yrs),Hybrid,32.3,2025-03-13
IND2026763,Power BI,Data Analyst,Remote,Remote,Senior (6-10 yrs),Hybrid,32.3,2025-03-13
IND2026763,SQL,Data Analyst,Remote,Remote,Senior (6-10 yrs),Hybrid,32.3,2025-03-13
IND2026769,Python,Data Analyst,Hyderabad,Tier 1,Mid (3-6 yrs),On-Site,17.2,2026-03-07
IND2026769,Excel,Data Analyst,Hyderabad,Tier 1,Mid (3-6 yrs),On-Site,17.2,2026-03-07
IND2026769,Statistics,Data Analyst,Hyderabad,Tier 1,Mid (3-6 yrs),On-Site,17.2,2026-03-07
IND2026769,SQL,Data Analyst,Hyderabad,Tier 1,Mid (3-6 yrs),On-Site,17.2,2026-03-07
IND2026771,Power BI,Business Analyst,Ahmedabad,Tier 2,Mid (3-6 yrs),On-Site,20.3,2025-04-20
IND2026771,JIRA,Business Analyst,Ahmedabad,Tier 2,Mid (3-6 yrs),On-Site,20.3,2025-04-20
IND2026771,SQL,Business Analyst,Ahmedabad,Tier 2,Mid (3-6 yrs),On-Site,20.3,2025-04-20
IND2026785,Kafka,Data Engineer,Remote,Remote,Mid (3-6 yrs),Remote,1.2,2026-04-23
IND2026785,Airflow,Data Engineer,Remote,Remote,Mid (3-6 yrs),Remote,1.2,2026-04-23
IND2026785,AWS,Data Engineer,Remote,Remote,Mid (3-6 yrs),Remote,1.2,2026-04-23
IND2026785,Spark,Data Engineer,Remote,Remote,Mid (3-6 yrs),Remote,1.2,2026-04-23
IND2026785,Python,Data Engineer,Remote,Remote,Mid (3-6 yrs),Remote,1.2,2026-04-23
IND2026788,SQL,Data Analyst,Remote,Remote,Junior (1-3 yrs),On-Site,7.3,2025-10-20
IND2026788,Statistics,Data Analyst,Remote,Remote,Junior (1-3 yrs),On-Site,7.3,2025-10-20
IND2026788,Power BI,Data Analyst,Remote,Remote,Junior (1-3 yrs),On-Site,7.3,2025-10-20
IND2026800,Python,Data Analyst,Remote,Remote,Mid (3-6 yrs),Remote,13.9,2024-12-09
IND2026800,SQL,Data Analyst,Remote,Remote,Mid (3-6 yrs),Remote,13.9,2024-12-09
IND2026800,Data Visualization,Data Analyst,Remote,Remote,Mid (3-6 yrs),Remote,13.9,2024-12-09
IND2026800,Excel,Data Analyst,Remote,Remote,Mid (3-6 yrs),Remote,13.9,2024-12-09
IND2026800,Tableau,Data Analyst,Remote,Remote,Mid (3-6 yrs),Remote,13.9,2024-12-09
IND2026803,Tableau,Data Analyst,Remote,Remote,Junior (1-3 yrs),Remote,8.8,2025-04-15
IND2026803,SQL,Data Analyst,Remote,Remote,Junior (1-3 yrs),Remote,8.8,2025-04-15
IND2026803,Data Visualization,Data Analyst,Remote,Remote,Junior (1-3 yrs),Remote,8.8,2025-04-15
IND2026803,Python,Data Analyst,Remote,Remote,Junior (1-3 yrs),Remote,8.8,2025-04-15
IND2026803,Excel,Data Analyst,Remote,Remote,Junior (1-3 yrs),Remote,8.8,2025-04-15
IND2026803,Statistics,Data Analyst,Remote,Remote,Junior (1-3 yrs),Remote,8.8,2025-04-15
IND2026809,Tableau,Data Scientist,Remote,Remote,Mid (3-6 yrs),Hybrid,22.2,2025-09-11
IND2026809,TensorFlow,Data Scientist,Remote,Remote,Mid (3-6 yrs),Hybrid,22.2,2025-09-11
IND2026809,Scikit-learn,Data Scientist,Remote,Remote,Mid (3-6 yrs),Hybrid,22.2,2025-09-11
IND2026809,SQL,Data Scientist,Remote,Remote,Mid (3-6 yrs),Hybrid,22.2,2025-09-11
IND2026809,Machine Learning,Data Scientist,Remote,Remote,Mid (3-6 yrs),Hybrid,22.2,2025-09-11
IND2026816,ETL,Data Engineer,Lucknow,Tier 2,Fresher (0-1 yr),On-Site,6.7,2025-11-13
IND2026816,Python,Data Engineer,Lucknow,Tier 2,Fresher (0-1 yr),On-Site,6.7,2025-11-13
IND2026816,Spark,Data Engineer,Lucknow,Tier 2,Fresher (0-1 yr),On-Site,6.7,2025-11-13
IND2026817,Airflow,Data Engineer,Jaipur,Tier 2,Fresher (0-1 yr),Hybrid,8.1,2024-06-22
IND2026817,AWS,Data Engineer,Jaipur,Tier 2,Fresher (0-1 yr),Hybrid,8.1,2024-06-22
IND2026817,Spark,Data Engineer,Jaipur,Tier 2,Fresher (0-1 yr),Hybrid,8.1,2024-06-22
IND2026821,Power BI,Business Analyst,Hyderabad,Tier 1,Mid (3-6 yrs),On-Site,2.8,2025-07-25
IND2026821,SQL,Business Analyst,Hyderabad,Tier 1,Mid (3-6 yrs),On-Site,2.8,2025-07-25
IND2026821,JIRA,Business Analyst,Hyderabad,Tier 1,Mid (3-6 yrs),On-Site,2.8,2025-07-25
IND2026821,Excel,Business Analyst,Hyderabad,Tier 1,Mid (3-6 yrs),On-Site,2.8,2025-07-25
IND2026821,Requirements Gathering,Business Analyst,Hyderabad,Tier 1,Mid (3-6 yrs),On-Site,2.8,2025-07-25
IND2026824,Agile,Business Analyst,Remote,Remote,Lead (10+ yrs),Remote,2.6,2025-05-23
IND2026824,Power BI,Business Analyst,Remote,Remote,Lead (10+ yrs),Remote,2.6,2025-05-23
IND2026824,Excel,Business Analyst,Remote,Remote,Lead (10+ yrs),Remote,2.6,2025-05-23
IND2026824,SQL,Business Analyst,Remote,Remote,Lead (10+ yrs),Remote,2.6,2025-05-23
IND2026824,Requirements Gathering,Business Analyst,Remote,Remote,Lead (10+ yrs),Remote,2.6,2025-05-23
IND2026824,JIRA,Business Analyst,Remote,Remote,Lead (10+ yrs),Remote,2.6,2025-05-23
IND2026852,SQL,Data Engineer,Hyderabad,Tier 1,Junior (1-3 yrs),On-Site,15.1,2025-03-31
IND2026852,Kafka,Data Engineer,Hyderabad,Tier 1,Junior (1-3 yrs),On-Site,15.1,2025-03-31
IND2026852,Python,Data Engineer,Hyderabad,Tier 1,Junior (1-3 yrs),On-Site,15.1,2025-03-31
IND2026867,Excel,Data Analyst,Pune,Tier 1,Lead (10+ yrs),On-Site,59.1,2025-03-22
IND2026867,SQL,Data Analyst,Pune,Tier 1,Lead (10+ yrs),On-Site,59.1,2025-03-22
IND2026867,Tableau,Data Analyst,Pune,Tier 1,Lead (10+ yrs),On-Site,59.1,2025-03-22
IND2026867,Power BI,Data Analyst,Pune,Tier 1,Lead (10+ yrs),On-Site,59.1,2025-03-22
IND2026867,Statistics,Data Analyst,Pune,Tier 1,Lead (10+ yrs),On-Site,59.1,2025-03-22
IND2026869,TensorFlow,Data Scientist,Hyderabad,Tier 1,Senior (6-10 yrs),Hybrid,59.4,2024-12-16
IND2026869,Statistics,Data Scientist,Hyderabad,Tier 1,Senior (6-10 yrs),Hybrid,59.4,2024-12-16
IND2026869,Python,Data Scientist,Hyderabad,Tier 1,Senior (6-10 yrs),Hybrid,59.4,2024-12-16
IND2026872,Statistics,Data Analyst,Remote,Remote,Lead (10+ yrs),Remote,54.9,2025-02-12
IND2026872,Data Visualization,Data Analyst,Remote,Remote,Lead (10+ yrs),Remote,54.9,2025-02-12
IND2026872,Python,Data Analyst,Remote,Remote,Lead (10+ yrs),Remote,54.9,2025-02-12
IND2026872,Tableau,Data Analyst,Remote,Remote,Lead (10+ yrs),Remote,54.9,2025-02-12
IND2026872,Power BI,Data Analyst,Remote,Remote,Lead (10+ yrs),Remote,54.9,2025-02-12
IND2026875,Excel,Data Analyst,Bhubaneswar,Tier 2,Junior (1-3 yrs),Hybrid,2.3,2026-03-12
IND2026875,SQL,Data Analyst,Bhubaneswar,Tier 2,Junior (1-3 yrs),Hybrid,2.3,2026-03-12
IND2026875,Data Visualization,Data Analyst,Bhubaneswar,Tier 2,Junior (1-3 yrs),Hybrid,2.3,2026-03-12
IND2026875,Statistics,Data Analyst,Bhubaneswar,Tier 2,Junior (1-3 yrs),Hybrid,2.3,2026-03-12
IND2026875,Python,Data Analyst,Bhubaneswar,Tier 2,Junior (1-3 yrs),Hybrid,2.3,2026-03-12
IND2026875,Tableau,Data Analyst,Bhubaneswar,Tier 2,Junior (1-3 yrs),Hybrid,2.3,2026-03-12
IND2026886,Deep Learning,Data Scientist,Hyderabad,Tier 1,Junior (1-3 yrs),On-Site,10.0,2025-07-29
IND2026886,Pandas,Data Scientist,Hyderabad,Tier 1,Junior (1-3 yrs),On-Site,10.0,2025-07-29
IND2026886,TensorFlow,Data Scientist,Hyderabad,Tier 1,Junior (1-3 yrs),On-Site,10.0,2025-07-29
IND2026886,Statistics,Data Scientist,Hyderabad,Tier 1,Junior (1-3 yrs),On-Site,10.0,2025-07-29
IND2026886,Machine Learning,Data Scientist,Hyderabad,Tier 1,Junior (1-3 yrs),On-Site,10.0,2025-07-29
IND2026886,Tableau,Data Scientist,Hyderabad,Tier 1,Junior (1-3 yrs),On-Site,10.0,2025-07-29
IND2026898,Deep Learning,Data Scientist,Hyderabad,Tier 1,Junior (1-3 yrs),On-Site,13.9,2024-11-11
IND2026898,Statistics,Data Scientist,Hyderabad,Tier 1,Junior (1-3 yrs),On-Site,13.9,2024-11-11
IND2026898,Python,Data Scientist,Hyderabad,Tier 1,Junior (1-3 yrs),On-Site,13.9,2024-11-11
IND2026898,Tableau,Data Scientist,Hyderabad,Tier 1,Junior (1-3 yrs),On-Site,13.9,2024-11-11
IND2026898,Pandas,Data Scientist,Hyderabad,Tier 1,Junior (1-3 yrs),On-Site,13.9,2024-11-11
IND2026898,SQL,Data Scientist,Hyderabad,Tier 1,Junior (1-3 yrs),On-Site,13.9,2024-11-11
IND2026915,JIRA,Business Analyst,Remote,Remote,Junior (1-3 yrs),Hybrid,1.5,2025-10-29
IND2026915,Power BI,Business Analyst,Remote,Remote,Junior (1-3 yrs),Hybrid,1.5,2025-10-29
IND2026915,SQL,Business Analyst,Remote,Remote,Junior (1-3 yrs),Hybrid,1.5,2025-10-29
IND2026915,Agile,Business Analyst,Remote,Remote,Junior (1-3 yrs),Hybrid,1.5,2025-10-29
IND2026925,SQL,Data Scientist,Bangalore,Tier 1,Junior (1-3 yrs),On-Site,8.8,2025-02-16
IND2026925,Scikit-learn,Data Scientist,Bangalore,Tier 1,Junior (1-3 yrs),On-Site,8.8,2025-02-16
IND2026925,Python,Data Scientist,Bangalore,Tier 1,Junior (1-3 yrs),On-Site,8.8,2025-02-16
IND2026925,Deep Learning,Data Scientist,Bangalore,Tier 1,Junior (1-3 yrs),On-Site,8.8,2025-02-16
IND2026936,Excel,Data Analyst,Pune,Tier 1,Fresher (0-1 yr),On-Site,4.6,2024-12-24
IND2026936,Statistics,Data Analyst,Pune,Tier 1,Fresher (0-1 yr),On-Site,4.6,2024-12-24
IND2026936,Python,Data Analyst,Pune,Tier 1,Fresher (0-1 yr),On-Site,4.6,2024-12-24
IND2026936,Power BI,Data Analyst,Pune,Tier 1,Fresher (0-1 yr),On-Site,4.6,2024-12-24
IND2026936,SQL,Data Analyst,Pune,Tier 1,Fresher (0-1 yr),On-Site,4.6,2024-12-24
IND2026939,Tableau,Data Analyst,Jaipur,Tier 2,Fresher (0-1 yr),On-Site,2.6,2026-04-25
IND2026939,Statistics,Data Analyst,Jaipur,Tier 2,Fresher (0-1 yr),On-Site,2.6,2026-04-25
IND2026939,Data Visualization,Data Analyst,Jaipur,Tier 2,Fresher (0-1 yr),On-Site,2.6,2026-04-25
IND2026939,SQL,Data Analyst,Jaipur,Tier 2,Fresher (0-1 yr),On-Site,2.6,2026-04-25
IND2026950,Data Visualization,Data Analyst,Mumbai,Tier 1,Mid (3-6 yrs),On-Site,9.3,2025-10-15
IND2026950,Excel,Data Analyst,Mumbai,Tier 1,Mid (3-6 yrs),On-Site,9.3,2025-10-15
IND2026950,Python,Data Analyst,Mumbai,Tier 1,Mid (3-6 yrs),On-Site,9.3,2025-10-15
IND2026950,Tableau,Data Analyst,Mumbai,Tier 1,Mid (3-6 yrs),On-Site,9.3,2025-10-15
IND2026952,SQL,Data Analyst,Coimbatore,Tier 2,Junior (1-3 yrs),On-Site,10.1,2025-07-31
IND2026952,Data Visualization,Data Analyst,Coimbatore,Tier 2,Junior (1-3 yrs),On-Site,10.1,2025-07-31
IND2026952,Excel,Data Analyst,Coimbatore,Tier 2,Junior (1-3 yrs),On-Site,10.1,2025-07-31
IND2026952,Python,Data Analyst,Coimbatore,Tier 2,Junior (1-3 yrs),On-Site,10.1,2025-07-31
IND2026952,Power BI,Data Analyst,Coimbatore,Tier 2,Junior (1-3 yrs),On-Site,10.1,2025-07-31
IND2026952,Tableau,Data Analyst,Coimbatore,Tier 2,Junior (1-3 yrs),On-Site,10.1,2025-07-31
IND2026957,Power BI,Data Analyst,Pune,Tier 1,Fresher (0-1 yr),On-Site,5.6,2025-04-08
IND2026957,Python,Data Analyst,Pune,Tier 1,Fresher (0-1 yr),On-Site,5.6,2025-04-08
IND2026957,Excel,Data Analyst,Pune,Tier 1,Fresher (0-1 yr),On-Site,5.6,2025-04-08
IND2026957,Tableau,Data Analyst,Pune,Tier 1,Fresher (0-1 yr),On-Site,5.6,2025-04-08
IND2026964,Statistics,Data Analyst,Delhi,Tier 1,Junior (1-3 yrs),On-Site,12.9,2026-04-04
IND2026964,Tableau,Data Analyst,Delhi,Tier 1,Junior (1-3 yrs),On-Site,12.9,2026-04-04
IND2026964,SQL,Data Analyst,Delhi,Tier 1,Junior (1-3 yrs),On-Site,12.9,2026-04-04
IND2026964,Power BI,Data Analyst,Delhi,Tier 1,Junior (1-3 yrs),On-Site,12.9,2026-04-04
IND2026965,Pandas,Data Scientist,Nagpur,Tier 2,Senior (6-10 yrs),On-Site,47.5,2025-07-10
IND2026965,Deep Learning,Data Scientist,Nagpur,Tier 2,Senior (6-10 yrs),On-Site,47.5,2025-07-10
IND2026965,NLP,Data Scientist,Nagpur,Tier 2,Senior (6-10 yrs),On-Site,47.5,2025-07-10
IND2026965,Scikit-learn,Data Scientist,Nagpur,Tier 2,Senior (6-10 yrs),On-Site,47.5,2025-07-10
IND2026965,Statistics,Data Scientist,Nagpur,Tier 2,Senior (6-10 yrs),On-Site,47.5,2025-07-10
IND2026966,Agile,Business Analyst,Pune,Tier 1,Lead (10+ yrs),Hybrid,59.9,2025-11-10
IND2026966,Power BI,Business Analyst,Pune,Tier 1,Lead (10+ yrs),Hybrid,59.9,2025-11-10
IND2026966,Requirements Gathering,Business Analyst,Pune,Tier 1,Lead (10+ yrs),Hybrid,59.9,2025-11-10
IND2026966,JIRA,Business Analyst,Pune,Tier 1,Lead (10+ yrs),Hybrid,59.9,2025-11-10
IND2026966,Excel,Business Analyst,Pune,Tier 1,Lead (10+ yrs),Hybrid,59.9,2025-11-10
IND2026973,Statistics,Data Analyst,Remote,Remote,Mid (3-6 yrs),Remote,18.0,2025-02-05
IND2026973,Power BI,Data Analyst,Remote,Remote,Mid (3-6 yrs),Remote,18.0,2025-02-05
IND2026973,Tableau,Data Analyst,Remote,Remote,Mid (3-6 yrs),Remote,18.0,2025-02-05
IND2026973,Data Visualization,Data Analyst,Remote,Remote,Mid (3-6 yrs),Remote,18.0,2025-02-05
IND2026974,Spark,Data Engineer,Bangalore,Tier 1,Mid (3-6 yrs),Hybrid,10.4,2025-03-28
IND2026974,ETL,Data Engineer,Bangalore,Tier 1,Mid (3-6 yrs),Hybrid,10.4,2025-03-28
IND2026974,Python,Data Engineer,Bangalore,Tier 1,Mid (3-6 yrs),Hybrid,10.4,2025-03-28
IND2026974,Kafka,Data Engineer,Bangalore,Tier 1,Mid (3-6 yrs),Hybrid,10.4,2025-03-28
IND2026977,Power BI,Data Analyst,Remote,Remote,Junior (1-3 yrs),Remote,9.3,2024-09-11
IND2026977,Statistics,Data Analyst,Remote,Remote,Junior (1-3 yrs),Remote,9.3,2024-09-11
IND2026977,Excel,Data Analyst,Remote,Remote,Junior (1-3 yrs),Remote,9.3,2024-09-11
IND2026977,SQL,Data Analyst,Remote,Remote,Junior (1-3 yrs),Remote,9.3,2024-09-11
IND2026977,Data Visualization,Data Analyst,Remote,Remote,Junior (1-3 yrs),Remote,9.3,2024-09-11
IND2026984,Deep Learning,Data Scientist,Mumbai,Tier 1,Lead (10+ yrs),On-Site,60.3,2025-02-10
IND2026984,Pandas,Data Scientist,Mumbai,Tier 1,Lead (10+ yrs),On-Site,60.3,2025-02-10
IND2026984,Scikit-learn,Data Scientist,Mumbai,Tier 1,Lead (10+ yrs),On-Site,60.3,2025-02-10
IND2026984,Python,Data Scientist,Mumbai,Tier 1,Lead (10+ yrs),On-Site,60.3,2025-02-10
IND2026991,Excel,Data Analyst,Chennai,Tier 1,Junior (1-3 yrs),Hybrid,10.5,2025-06-06
IND2026991,SQL,Data Analyst,Chennai,Tier 1,Junior (1-3 yrs),Hybrid,10.5,2025-06-06
IND2026991,Python,Data Analyst,Chennai,Tier 1,Junior (1-3 yrs),Hybrid,10.5,2025-06-06
IND2026991,Data Visualization,Data Analyst,Chennai,Tier 1,Junior (1-3 yrs),Hybrid,10.5,2025-06-06
IND2026995,Scikit-learn,Data Scientist,Hyderabad,Tier 1,Senior (6-10 yrs),Hybrid,2.4,2026-03-15
IND2026995,Python,Data Scientist,Hyderabad,Tier 1,Senior (6-10 yrs),Hybrid,2.4,2026-03-15
IND2026995,TensorFlow,Data Scientist,Hyderabad,Tier 1,Senior (6-10 yrs),Hybrid,2.4,2026-03-15
IND2026995,Statistics,Data Scientist,Hyderabad,Tier 1,Senior (6-10 yrs),Hybrid,2.4,2026-03-15
IND2027012,dbt,Data Engineer,Bangalore,Tier 1,Mid (3-6 yrs),On-Site,0.9,2024-11-13
IND2027012,SQL,Data Engineer,Bangalore,Tier 1,Mid (3-6 yrs),On-Site,0.9,2024-11-13
IND2027012,AWS,Data Engineer,Bangalore,Tier 1,Mid (3-6 yrs),On-Site,0.9,2024-11-13
IND2027012,Kafka,Data Engineer,Bangalore,Tier 1,Mid (3-6 yrs),On-Site,0.9,2024-11-13
IND2027012,Spark,Data Engineer,Bangalore,Tier 1,Mid (3-6 yrs),On-Site,0.9,2024-11-13
IND2027017,Deep Learning,Data Scientist,Mumbai,Tier 1,Senior (6-10 yrs),On-Site,66.8,2026-01-20
IND2027017,Tableau,Data Scientist,Mumbai,Tier 1,Senior (6-10 yrs),On-Site,66.8,2026-01-20
IND2027017,Machine Learning,Data Scientist,Mumbai,Tier 1,Senior (6-10 yrs),On-Site,66.8,2026-01-20
IND2027018,Kafka,Data Engineer,Chandigarh,Tier 2,Fresher (0-1 yr),Hybrid,4.4,2024-12-17
IND2027018,dbt,Data Engineer,Chandigarh,Tier 2,Fresher (0-1 yr),Hybrid,4.4,2024-12-17
IND2027018,ETL,Data Engineer,Chandigarh,Tier 2,Fresher (0-1 yr),Hybrid,4.4,2024-12-17
IND2027018,Python,Data Engineer,Chandigarh,Tier 2,Fresher (0-1 yr),Hybrid,4.4,2024-12-17
IND2027018,Airflow,Data Engineer,Chandigarh,Tier 2,Fresher (0-1 yr),Hybrid,4.4,2024-12-17
IND2027018,AWS,Data Engineer,Chandigarh,Tier 2,Fresher (0-1 yr),Hybrid,4.4,2024-12-17
IND2027029,dbt,Data Engineer,Remote,Remote,Mid (3-6 yrs),Remote,25.9,2025-05-09
IND2027029,AWS,Data Engineer,Remote,Remote,Mid (3-6 yrs),Remote,25.9,2025-05-09
IND2027029,Spark,Data Engineer,Remote,Remote,Mid (3-6 yrs),Remote,25.9,2025-05-09
IND2027031,Power BI,Business Analyst,Kochi,Tier 2,Junior (1-3 yrs),On-Site,9.9,2025-05-10
IND2027031,Requirements Gathering,Business Analyst,Kochi,Tier 2,Junior (1-3 yrs),On-Site,9.9,2025-05-10
IND2027031,SQL,Business Analyst,Kochi,Tier 2,Junior (1-3 yrs),On-Site,9.9,2025-05-10
IND2027031,Excel,Business Analyst,Kochi,Tier 2,Junior (1-3 yrs),On-Site,9.9,2025-05-10
IND2027031,Agile,Business Analyst,Kochi,Tier 2,Junior (1-3 yrs),On-Site,9.9,2025-05-10
IND2027031,JIRA,Business Analyst,Kochi,Tier 2,Junior (1-3 yrs),On-Site,9.9,2025-05-10
IND2027034,NLP,Data Scientist,Remote,Remote,Mid (3-6 yrs),Remote,22.1,2024-06-17
IND2027034,SQL,Data Scientist,Remote,Remote,Mid (3-6 yrs),Remote,22.1,2024-06-17
IND2027034,TensorFlow,Data Scientist,Remote,Remote,Mid (3-6 yrs),Remote,22.1,2024-06-17
IND2027036,Machine Learning,Data Scientist,Remote,Remote,Lead (10+ yrs),Remote,53.6,2025-07-12
IND2027036,Pandas,Data Scientist,Remote,Remote,Lead (10+ yrs),Remote,53.6,2025-07-12
IND2027036,Statistics,Data Scientist,Remote,Remote,Lead (10+ yrs),Remote,53.6,2025-07-12
IND2027046,AWS,Data Engineer,Nagpur,Tier 2,Fresher (0-1 yr),On-Site,5.8,2024-10-15
IND2027046,ETL,Data Engineer,Nagpur,Tier 2,Fresher (0-1 yr),On-Site,5.8,2024-10-15
IND2027046,Spark,Data Engineer,Nagpur,Tier 2,Fresher (0-1 yr),On-Site,5.8,2024-10-15
IND2027046,dbt,Data Engineer,Nagpur,Tier 2,Fresher (0-1 yr),On-Site,5.8,2024-10-15
IND2027046,Kafka,Data Engineer,Nagpur,Tier 2,Fresher (0-1 yr),On-Site,5.8,2024-10-15
IND2027046,Python,Data Engineer,Nagpur,Tier 2,Fresher (0-1 yr),On-Site,5.8,2024-10-15
IND2027050,Python,Data Analyst,Kochi,Tier 2,Mid (3-6 yrs),Hybrid,23.6,2025-08-19
IND2027050,Data Visualization,Data Analyst,Kochi,Tier 2,Mid (3-6 yrs),Hybrid,23.6,2025-08-19
IND2027050,Statistics,Data Analyst,Kochi,Tier 2,Mid (3-6 yrs),Hybrid,23.6,2025-08-19
IND2027066,SQL,Business Analyst,Pune,Tier 1,Fresher (0-1 yr),On-Site,4.5,2025-09-28
IND2027066,Agile,Business Analyst,Pune,Tier 1,Fresher (0-1 yr),On-Site,4.5,2025-09-28
IND2027066,Power BI,Business Analyst,Pune,Tier 1,Fresher (0-1 yr),On-Site,4.5,2025-09-28
IND2027066,Excel,Business Analyst,Pune,Tier 1,Fresher (0-1 yr),On-Site,4.5,2025-09-28
IND2027066,JIRA,Business Analyst,Pune,Tier 1,Fresher (0-1 yr),On-Site,4.5,2025-09-28
IND2027067,Airflow,Data Engineer,Indore,Tier 2,Senior (6-10 yrs),On-Site,29.4,2024-11-29
IND2027067,Python,Data Engineer,Indore,Tier 2,Senior (6-10 yrs),On-Site,29.4,2024-11-29
IND2027067,AWS,Data Engineer,Indore,Tier 2,Senior (6-10 yrs),On-Site,29.4,2024-11-29
IND2027067,Spark,Data Engineer,Indore,Tier 2,Senior (6-10 yrs),On-Site,29.4,2024-11-29
IND2027067,SQL,Data Engineer,Indore,Tier 2,Senior (6-10 yrs),On-Site,29.4,2024-11-29
IND2027067,Kafka,Data Engineer,Indore,Tier 2,Senior (6-10 yrs),On-Site,29.4,2024-11-29
IND2027070,Requirements Gathering,Business Analyst,Remote,Remote,Mid (3-6 yrs),Remote,20.0,2024-12-16
IND2027070,Agile,Business Analyst,Remote,Remote,Mid (3-6 yrs),Remote,20.0,2024-12-16
IND2027070,JIRA,Business Analyst,Remote,Remote,Mid (3-6 yrs),Remote,20.0,2024-12-16
IND2027070,Excel,Business Analyst,Remote,Remote,Mid (3-6 yrs),Remote,20.0,2024-12-16
IND2027083,Scikit-learn,Data Scientist,Nagpur,Tier 2,Senior (6-10 yrs),Hybrid,47.3,2026-02-25
IND2027083,NLP,Data Scientist,Nagpur,Tier 2,Senior (6-10 yrs),Hybrid,47.3,2026-02-25
IND2027083,Statistics,Data Scientist,Nagpur,Tier 2,Senior (6-10 yrs),Hybrid,47.3,2026-02-25
IND2027083,Tableau,Data Scientist,Nagpur,Tier 2,Senior (6-10 yrs),Hybrid,47.3,2026-02-25
IND2027085,Excel,Business Analyst,Remote,Remote,Senior (6-10 yrs),Remote,32.4,2025-10-04
IND2027085,Requirements Gathering,Business Analyst,Remote,Remote,Senior (6-10 yrs),Remote,32.4,2025-10-04
IND2027085,SQL,Business Analyst,Remote,Remote,Senior (6-10 yrs),Remote,32.4,2025-10-04
IND2027094,Spark,Data Engineer,Remote,Remote,Mid (3-6 yrs),On-Site,16.4,2024-08-15
IND2027094,AWS,Data Engineer,Remote,Remote,Mid (3-6 yrs),On-Site,16.4,2024-08-15
IND2027094,Airflow,Data Engineer,Remote,Remote,Mid (3-6 yrs),On-Site,16.4,2024-08-15
IND2027094,Python,Data Engineer,Remote,Remote,Mid (3-6 yrs),On-Site,16.4,2024-08-15
IND2027094,dbt,Data Engineer,Remote,Remote,Mid (3-6 yrs),On-Site,16.4,2024-08-15
IND2027094,SQL,Data Engineer,Remote,Remote,Mid (3-6 yrs),On-Site,16.4,2024-08-15
IND2027107,dbt,Data Engineer,Remote,Remote,Junior (1-3 yrs),Remote,15.6,2025-12-06
IND2027107,Airflow,Data Engineer,Remote,Remote,Junior (1-3 yrs),Remote,15.6,2025-12-06
IND2027107,Kafka,Data Engineer,Remote,Remote,Junior (1-3 yrs),Remote,15.6,2025-12-06
IND2027108,SQL,Business Analyst,Remote,Remote,Mid (3-6 yrs),Remote,18.7,2026-04-16
IND2027108,JIRA,Business Analyst,Remote,Remote,Mid (3-6 yrs),Remote,18.7,2026-04-16
IND2027108,Power BI,Business Analyst,Remote,Remote,Mid (3-6 yrs),Remote,18.7,2026-04-16
IND2027108,Excel,Business Analyst,Remote,Remote,Mid (3-6 yrs),Remote,18.7,2026-04-16
IND2027111,Agile,Business Analyst,Remote,Remote,Lead (10+ yrs),On-Site,48.5,2026-03-20
IND2027111,JIRA,Business Analyst,Remote,Remote,Lead (10+ yrs),On-Site,48.5,2026-03-20
IND2027111,Requirements Gathering,Business Analyst,Remote,Remote,Lead (10+ yrs),On-Site,48.5,2026-03-20
IND2027118,Power BI,Data Analyst,Remote,Remote,Junior (1-3 yrs),On-Site,7.5,2025-07-21
IND2027118,SQL,Data Analyst,Remote,Remote,Junior (1-3 yrs),On-Site,7.5,2025-07-21
IND2027118,Statistics,Data Analyst,Remote,Remote,Junior (1-3 yrs),On-Site,7.5,2025-07-21
IND2027118,Python,Data Analyst,Remote,Remote,Junior (1-3 yrs),On-Site,7.5,2025-07-21
IND2027118,Tableau,Data Analyst,Remote,Remote,Junior (1-3 yrs),On-Site,7.5,2025-07-21
IND2027118,Excel,Data Analyst,Remote,Remote,Junior (1-3 yrs),On-Site,7.5,2025-07-21
IND2027128,Statistics,Data Analyst,Remote,Remote,Mid (3-6 yrs),Remote,21.5,2025-03-25
IND2027128,Data Visualization,Data Analyst,Remote,Remote,Mid (3-6 yrs),Remote,21.5,2025-03-25
IND2027128,Power BI,Data Analyst,Remote,Remote,Mid (3-6 yrs),Remote,21.5,2025-03-25
IND2027138,Requirements Gathering,Business Analyst,Lucknow,Tier 2,Junior (1-3 yrs),On-Site,2.4,2025-12-20
IND2027138,Agile,Business Analyst,Lucknow,Tier 2,Junior (1-3 yrs),On-Site,2.4,2025-12-20
IND2027138,Power BI,Business Analyst,Lucknow,Tier 2,Junior (1-3 yrs),On-Site,2.4,2025-12-20
IND2027142,Kafka,Data Engineer,Remote,Remote,Junior (1-3 yrs),On-Site,13.8,2024-08-13
IND2027142,Spark,Data Engineer,Remote,Remote,Junior (1-3 yrs),On-Site,13.8,2024-08-13
IND2027142,SQL,Data Engineer,Remote,Remote,Junior (1-3 yrs),On-Site,13.8,2024-08-13
IND2027142,Python,Data Engineer,Remote,Remote,Junior (1-3 yrs),On-Site,13.8,2024-08-13
IND2027142,Airflow,Data Engineer,Remote,Remote,Junior (1-3 yrs),On-Site,13.8,2024-08-13
IND2027142,ETL,Data Engineer,Remote,Remote,Junior (1-3 yrs),On-Site,13.8,2024-08-13
IND2027147,ETL,Data Engineer,Pune,Tier 1,Junior (1-3 yrs),On-Site,2.4,2025-07-11
IND2027147,Python,Data Engineer,Pune,Tier 1,Junior (1-3 yrs),On-Site,2.4,2025-07-11
IND2027147,AWS,Data Engineer,Pune,Tier 1,Junior (1-3 yrs),On-Site,2.4,2025-07-11
IND2027147,Kafka,Data Engineer,Pune,Tier 1,Junior (1-3 yrs),On-Site,2.4,2025-07-11
IND2027148,Statistics,Data Scientist,Remote,Remote,Junior (1-3 yrs),On-Site,13.1,2024-10-06
IND2027148,TensorFlow,Data Scientist,Remote,Remote,Junior (1-3 yrs),On-Site,13.1,2024-10-06
IND2027148,SQL,Data Scientist,Remote,Remote,Junior (1-3 yrs),On-Site,13.1,2024-10-06
IND2027148,Pandas,Data Scientist,Remote,Remote,Junior (1-3 yrs),On-Site,13.1,2024-10-06
IND2027163,Data Visualization,Data Analyst,Kochi,Tier 2,Mid (3-6 yrs),Hybrid,21.0,2026-01-10
IND2027163,Python,Data Analyst,Kochi,Tier 2,Mid (3-6 yrs),Hybrid,21.0,2026-01-10
IND2027163,Tableau,Data Analyst,Kochi,Tier 2,Mid (3-6 yrs),Hybrid,21.0,2026-01-10
IND2027163,Power BI,Data Analyst,Kochi,Tier 2,Mid (3-6 yrs),Hybrid,21.0,2026-01-10
IND2027165,Airflow,Data Engineer,Remote,Remote,Junior (1-3 yrs),Remote,15.0,2025-03-08
IND2027165,ETL,Data Engineer,Remote,Remote,Junior (1-3 yrs),Remote,15.0,2025-03-08
IND2027165,SQL,Data Engineer,Remote,Remote,Junior (1-3 yrs),Remote,15.0,2025-03-08
IND2027165,Python,Data Engineer,Remote,Remote,Junior (1-3 yrs),Remote,15.0,2025-03-08
IND2027165,Kafka,Data Engineer,Remote,Remote,Junior (1-3 yrs),Remote,15.0,2025-03-08
IND2027165,AWS,Data Engineer,Remote,Remote,Junior (1-3 yrs),Remote,15.0,2025-03-08
IND2027171,ETL,Data Engineer,Kochi,Tier 2,Fresher (0-1 yr),Hybrid,4.1,2026-04-20
IND2027171,Airflow,Data Engineer,Kochi,Tier 2,Fresher (0-1 yr),Hybrid,4.1,2026-04-20
IND2027171,SQL,Data Engineer,Kochi,Tier 2,Fresher (0-1 yr),Hybrid,4.1,2026-04-20
IND2027171,Kafka,Data Engineer,Kochi,Tier 2,Fresher (0-1 yr),Hybrid,4.1,2026-04-20
IND2027175,Excel,Data Analyst,Hyderabad,Tier 1,Mid (3-6 yrs),On-Site,28.7,2026-01-15
IND2027175,Data Visualization,Data Analyst,Hyderabad,Tier 1,Mid (3-6 yrs),On-Site,28.7,2026-01-15
IND2027175,Power BI,Data Analyst,Hyderabad,Tier 1,Mid (3-6 yrs),On-Site,28.7,2026-01-15
IND2027183,Statistics,Data Scientist,Lucknow,Tier 2,Mid (3-6 yrs),On-Site,19.4,2025-08-07
IND2027183,Deep Learning,Data Scientist,Lucknow,Tier 2,Mid (3-6 yrs),On-Site,19.4,2025-08-07
IND2027183,Python,Data Scientist,Lucknow,Tier 2,Mid (3-6 yrs),On-Site,19.4,2025-08-07
IND2027183,SQL,Data Scientist,Lucknow,Tier 2,Mid (3-6 yrs),On-Site,19.4,2025-08-07
IND2027189,Data Visualization,Data Analyst,Coimbatore,Tier 2,Fresher (0-1 yr),Hybrid,5.4,2024-07-21
IND2027189,Tableau,Data Analyst,Coimbatore,Tier 2,Fresher (0-1 yr),Hybrid,5.4,2024-07-21
IND2027189,Statistics,Data Analyst,Coimbatore,Tier 2,Fresher (0-1 yr),Hybrid,5.4,2024-07-21
IND2027189,Python,Data Analyst,Coimbatore,Tier 2,Fresher (0-1 yr),Hybrid,5.4,2024-07-21
IND2027189,Excel,Data Analyst,Coimbatore,Tier 2,Fresher (0-1 yr),Hybrid,5.4,2024-07-21
IND2027202,Requirements Gathering,Business Analyst,Remote,Remote,Fresher (0-1 yr),On-Site,4.9,2024-06-19
IND2027202,Agile,Business Analyst,Remote,Remote,Fresher (0-1 yr),On-Site,4.9,2024-06-19
IND2027202,Power BI,Business Analyst,Remote,Remote,Fresher (0-1 yr),On-Site,4.9,2024-06-19
IND2027207,Power BI,Business Analyst,Delhi,Tier 1,Fresher (0-1 yr),On-Site,6.0,2024-06-14
IND2027207,JIRA,Business Analyst,Delhi,Tier 1,Fresher (0-1 yr),On-Site,6.0,2024-06-14
IND2027207,Excel,Business Analyst,Delhi,Tier 1,Fresher (0-1 yr),On-Site,6.0,2024-06-14
IND2027207,SQL,Business Analyst,Delhi,Tier 1,Fresher (0-1 yr),On-Site,6.0,2024-06-14
IND2027208,Statistics,Data Analyst,Mumbai,Tier 1,Junior (1-3 yrs),On-Site,10.1,2026-02-28
IND2027208,Power BI,Data Analyst,Mumbai,Tier 1,Junior (1-3 yrs),On-Site,10.1,2026-02-28
IND2027208,SQL,Data Analyst,Mumbai,Tier 1,Junior (1-3 yrs),On-Site,10.1,2026-02-28
IND2027208,Data Visualization,Data Analyst,Mumbai,Tier 1,Junior (1-3 yrs),On-Site,10.1,2026-02-28
IND2027208,Python,Data Analyst,Mumbai,Tier 1,Junior (1-3 yrs),On-Site,10.1,2026-02-28
IND2027208,Tableau,Data Analyst,Mumbai,Tier 1,Junior (1-3 yrs),On-Site,10.1,2026-02-28
IND2027211,Tableau,Data Analyst,Hyderabad,Tier 1,Senior (6-10 yrs),On-Site,18.9,2026-02-21
IND2027211,Excel,Data Analyst,Hyderabad,Tier 1,Senior (6-10 yrs),On-Site,18.9,2026-02-21
IND2027211,Python,Data Analyst,Hyderabad,Tier 1,Senior (6-10 yrs),On-Site,18.9,2026-02-21
IND2027211,Power BI,Data Analyst,Hyderabad,Tier 1,Senior (6-10 yrs),On-Site,18.9,2026-02-21
IND2027213,ETL,Data Engineer,Bhubaneswar,Tier 2,Junior (1-3 yrs),On-Site,12.8,2026-01-14
IND2027213,SQL,Data Engineer,Bhubaneswar,Tier 2,Junior (1-3 yrs),On-Site,12.8,2026-01-14
IND2027213,dbt,Data Engineer,Bhubaneswar,Tier 2,Junior (1-3 yrs),On-Site,12.8,2026-01-14
IND2027217,Airflow,Data Engineer,Pune,Tier 1,Mid (3-6 yrs),Hybrid,16.4,2026-03-27
IND2027217,ETL,Data Engineer,Pune,Tier 1,Mid (3-6 yrs),Hybrid,16.4,2026-03-27
IND2027217,dbt,Data Engineer,Pune,Tier 1,Mid (3-6 yrs),Hybrid,16.4,2026-03-27
IND2027217,SQL,Data Engineer,Pune,Tier 1,Mid (3-6 yrs),Hybrid,16.4,2026-03-27
IND2027217,Spark,Data Engineer,Pune,Tier 1,Mid (3-6 yrs),Hybrid,16.4,2026-03-27
IND2027217,Kafka,Data Engineer,Pune,Tier 1,Mid (3-6 yrs),Hybrid,16.4,2026-03-27
IND2027219,Python,Data Scientist,Bhubaneswar,Tier 2,Fresher (0-1 yr),On-Site,7.1,2025-11-26
IND2027219,Statistics,Data Scientist,Bhubaneswar,Tier 2,Fresher (0-1 yr),On-Site,7.1,2025-11-26
IND2027219,SQL,Data Scientist,Bhubaneswar,Tier 2,Fresher (0-1 yr),On-Site,7.1,2025-11-26
IND2027219,Tableau,Data Scientist,Bhubaneswar,Tier 2,Fresher (0-1 yr),On-Site,7.1,2025-11-26
IND2027219,TensorFlow,Data Scientist,Bhubaneswar,Tier 2,Fresher (0-1 yr),On-Site,7.1,2025-11-26
IND2027219,Scikit-learn,Data Scientist,Bhubaneswar,Tier 2,Fresher (0-1 yr),On-Site,7.1,2025-11-26
IND2027220,Airflow,Data Engineer,Chandigarh,Tier 2,Lead (10+ yrs),Hybrid,68.9,2025-12-05
IND2027220,Spark,Data Engineer,Chandigarh,Tier 2,Lead (10+ yrs),Hybrid,68.9,2025-12-05
IND2027220,Kafka,Data Engineer,Chandigarh,Tier 2,Lead (10+ yrs),Hybrid,68.9,2025-12-05
IND2027220,ETL,Data Engineer,Chandigarh,Tier 2,Lead (10+ yrs),Hybrid,68.9,2025-12-05
IND2027220,AWS,Data Engineer,Chandigarh,Tier 2,Lead (10+ yrs),Hybrid,68.9,2025-12-05
IND2027222,Python,Data Scientist,Remote,Remote,Senior (6-10 yrs),Remote,36.1,2025-12-06
IND2027222,TensorFlow,Data Scientist,Remote,Remote,Senior (6-10 yrs),Remote,36.1,2025-12-06
IND2027222,SQL,Data Scientist,Remote,Remote,Senior (6-10 yrs),Remote,36.1,2025-12-06
IND2027222,Machine Learning,Data Scientist,Remote,Remote,Senior (6-10 yrs),Remote,36.1,2025-12-06
IND2027222,Scikit-learn,Data Scientist,Remote,Remote,Senior (6-10 yrs),Remote,36.1,2025-12-06
IND2027222,Statistics,Data Scientist,Remote,Remote,Senior (6-10 yrs),Remote,36.1,2025-12-06
IND2027226,SQL,Data Analyst,Remote,Remote,Mid (3-6 yrs),Hybrid,21.9,2025-01-25
IND2027226,Excel,Data Analyst,Remote,Remote,Mid (3-6 yrs),Hybrid,21.9,2025-01-25
IND2027226,Python,Data Analyst,Remote,Remote,Mid (3-6 yrs),Hybrid,21.9,2025-01-25
IND2027226,Statistics,Data Analyst,Remote,Remote,Mid (3-6 yrs),Hybrid,21.9,2025-01-25
IND2027226,Tableau,Data Analyst,Remote,Remote,Mid (3-6 yrs),Hybrid,21.9,2025-01-25
IND2027233,Scikit-learn,Data Scientist,Hyderabad,Tier 1,Lead (10+ yrs),On-Site,76.2,2025-05-31
IND2027233,Pandas,Data Scientist,Hyderabad,Tier 1,Lead (10+ yrs),On-Site,76.2,2025-05-31
IND2027233,Machine Learning,Data Scientist,Hyderabad,Tier 1,Lead (10+ yrs),On-Site,76.2,2025-05-31
IND2027233,Statistics,Data Scientist,Hyderabad,Tier 1,Lead (10+ yrs),On-Site,76.2,2025-05-31
IND2027233,NLP,Data Scientist,Hyderabad,Tier 1,Lead (10+ yrs),On-Site,76.2,2025-05-31
IND2027243,Machine Learning,Data Scientist,Remote,Remote,Fresher (0-1 yr),Remote,11.7,2024-11-04
IND2027243,Scikit-learn,Data Scientist,Remote,Remote,Fresher (0-1 yr),Remote,11.7,2024-11-04
IND2027243,Pandas,Data Scientist,Remote,Remote,Fresher (0-1 yr),Remote,11.7,2024-11-04
IND2027243,Statistics,Data Scientist,Remote,Remote,Fresher (0-1 yr),Remote,11.7,2024-11-04
IND2027244,Tableau,Data Analyst,Chennai,Tier 1,Lead (10+ yrs),Hybrid,2.5,2026-02-27
IND2027244,Statistics,Data Analyst,Chennai,Tier 1,Lead (10+ yrs),Hybrid,2.5,2026-02-27
IND2027244,Power BI,Data Analyst,Chennai,Tier 1,Lead (10+ yrs),Hybrid,2.5,2026-02-27
IND2027244,Excel,Data Analyst,Chennai,Tier 1,Lead (10+ yrs),Hybrid,2.5,2026-02-27
IND2027244,Python,Data Analyst,Chennai,Tier 1,Lead (10+ yrs),Hybrid,2.5,2026-02-27
IND2027244,SQL,Data Analyst,Chennai,Tier 1,Lead (10+ yrs),Hybrid,2.5,2026-02-27
IND2027260,Data Visualization,Data Analyst,Remote,Remote,Fresher (0-1 yr),Hybrid,5.7,2025-09-10
IND2027260,Python,Data Analyst,Remote,Remote,Fresher (0-1 yr),Hybrid,5.7,2025-09-10
IND2027260,Statistics,Data Analyst,Remote,Remote,Fresher (0-1 yr),Hybrid,5.7,2025-09-10
IND2027260,Excel,Data Analyst,Remote,Remote,Fresher (0-1 yr),Hybrid,5.7,2025-09-10
IND2027260,Tableau,Data Analyst,Remote,Remote,Fresher (0-1 yr),Hybrid,5.7,2025-09-10
IND2027260,SQL,Data Analyst,Remote,Remote,Fresher (0-1 yr),Hybrid,5.7,2025-09-10
IND2027262,Deep Learning,Data Scientist,Remote,Remote,Junior (1-3 yrs),Hybrid,16.4,2024-11-11
IND2027262,NLP,Data Scientist,Remote,Remote,Junior (1-3 yrs),Hybrid,16.4,2024-11-11
IND2027262,SQL,Data Scientist,Remote,Remote,Junior (1-3 yrs),Hybrid,16.4,2024-11-11
IND2027262,Machine Learning,Data Scientist,Remote,Remote,Junior (1-3 yrs),Hybrid,16.4,2024-11-11
IND2027262,Python,Data Scientist,Remote,Remote,Junior (1-3 yrs),Hybrid,16.4,2024-11-11
IND2027262,TensorFlow,Data Scientist,Remote,Remote,Junior (1-3 yrs),Hybrid,16.4,2024-11-11
IND2027264,SQL,Data Analyst,Bhubaneswar,Tier 2,Fresher (0-1 yr),Hybrid,5.3,2026-01-30
IND2027264,Power BI,Data Analyst,Bhubaneswar,Tier 2,Fresher (0-1 yr),Hybrid,5.3,2026-01-30
IND2027264,Tableau,Data Analyst,Bhubaneswar,Tier 2,Fresher (0-1 yr),Hybrid,5.3,2026-01-30
IND2027274,Excel,Business Analyst,Kolkata,Tier 2,Mid (3-6 yrs),Hybrid,13.8,2026-01-12
IND2027274,Power BI,Business Analyst,Kolkata,Tier 2,Mid (3-6 yrs),Hybrid,13.8,2026-01-12
IND2027274,Agile,Business Analyst,Kolkata,Tier 2,Mid (3-6 yrs),Hybrid,13.8,2026-01-12
IND2027274,Requirements Gathering,Business Analyst,Kolkata,Tier 2,Mid (3-6 yrs),Hybrid,13.8,2026-01-12
IND2027274,JIRA,Business Analyst,Kolkata,Tier 2,Mid (3-6 yrs),Hybrid,13.8,2026-01-12
IND2027274,SQL,Business Analyst,Kolkata,Tier 2,Mid (3-6 yrs),Hybrid,13.8,2026-01-12
IND2027295,Excel,Business Analyst,Remote,Remote,Senior (6-10 yrs),On-Site,26.7,2024-06-03
IND2027295,JIRA,Business Analyst,Remote,Remote,Senior (6-10 yrs),On-Site,26.7,2024-06-03
IND2027295,Agile,Business Analyst,Remote,Remote,Senior (6-10 yrs),On-Site,26.7,2024-06-03
IND2027296,SQL,Business Analyst,Bangalore,Tier 1,Senior (6-10 yrs),Hybrid,15.7,2025-09-28
IND2027296,Agile,Business Analyst,Bangalore,Tier 1,Senior (6-10 yrs),Hybrid,15.7,2025-09-28
IND2027296,Excel,Business Analyst,Bangalore,Tier 1,Senior (6-10 yrs),Hybrid,15.7,2025-09-28
IND2027296,Requirements Gathering,Business Analyst,Bangalore,Tier 1,Senior (6-10 yrs),Hybrid,15.7,2025-09-28
IND2027296,Power BI,Business Analyst,Bangalore,Tier 1,Senior (6-10 yrs),Hybrid,15.7,2025-09-28
IND2027298,Statistics,Data Analyst,Pune,Tier 1,Junior (1-3 yrs),On-Site,7.7,2026-01-18
IND2027298,Data Visualization,Data Analyst,Pune,Tier 1,Junior (1-3 yrs),On-Site,7.7,2026-01-18
IND2027298,Tableau,Data Analyst,Pune,Tier 1,Junior (1-3 yrs),On-Site,7.7,2026-01-18
IND2027298,SQL,Data Analyst,Pune,Tier 1,Junior (1-3 yrs),On-Site,7.7,2026-01-18
IND2027299,Statistics,Data Analyst,Bangalore,Tier 1,Lead (10+ yrs),On-Site,51.6,2025-04-19
IND2027299,Python,Data Analyst,Bangalore,Tier 1,Lead (10+ yrs),On-Site,51.6,2025-04-19
IND2027299,Power BI,Data Analyst,Bangalore,Tier 1,Lead (10+ yrs),On-Site,51.6,2025-04-19
IND2027299,Data Visualization,Data Analyst,Bangalore,Tier 1,Lead (10+ yrs),On-Site,51.6,2025-04-19
IND2027299,Excel,Data Analyst,Bangalore,Tier 1,Lead (10+ yrs),On-Site,51.6,2025-04-19
IND2027299,SQL,Data Analyst,Bangalore,Tier 1,Lead (10+ yrs),On-Site,51.6,2025-04-19
IND2027302,Pandas,Data Scientist,Remote,Remote,Junior (1-3 yrs),On-Site,14.9,2025-12-20
IND2027302,NLP,Data Scientist,Remote,Remote,Junior (1-3 yrs),On-Site,14.9,2025-12-20
IND2027302,TensorFlow,Data Scientist,Remote,Remote,Junior (1-3 yrs),On-Site,14.9,2025-12-20
IND2027317,Airflow,Data Engineer,Remote,Remote,Junior (1-3 yrs),Remote,10.6,2024-09-04
IND2027317,Python,Data Engineer,Remote,Remote,Junior (1-3 yrs),Remote,10.6,2024-09-04
IND2027317,Kafka,Data Engineer,Remote,Remote,Junior (1-3 yrs),Remote,10.6,2024-09-04
IND2027317,SQL,Data Engineer,Remote,Remote,Junior (1-3 yrs),Remote,10.6,2024-09-04
IND2027317,Spark,Data Engineer,Remote,Remote,Junior (1-3 yrs),Remote,10.6,2024-09-04
IND2027317,AWS,Data Engineer,Remote,Remote,Junior (1-3 yrs),Remote,10.6,2024-09-04
IND2027324,SQL,Data Engineer,Hyderabad,Tier 1,Fresher (0-1 yr),Hybrid,5.9,2024-09-16
IND2027324,Kafka,Data Engineer,Hyderabad,Tier 1,Fresher (0-1 yr),Hybrid,5.9,2024-09-16
IND2027324,Airflow,Data Engineer,Hyderabad,Tier 1,Fresher (0-1 yr),Hybrid,5.9,2024-09-16
IND2027333,Data Visualization,Data Analyst,Remote,Remote,Mid (3-6 yrs),Remote,3.3,2024-09-28
IND2027333,SQL,Data Analyst,Remote,Remote,Mid (3-6 yrs),Remote,3.3,2024-09-28
IND2027333,Tableau,Data Analyst,Remote,Remote,Mid (3-6 yrs),Remote,3.3,2024-09-28
IND2027334,Statistics,Data Analyst,Hyderabad,Tier 1,Fresher (0-1 yr),On-Site,4.2,2025-01-22
IND2027334,Python,Data Analyst,Hyderabad,Tier 1,Fresher (0-1 yr),On-Site,4.2,2025-01-22
IND2027334,SQL,Data Analyst,Hyderabad,Tier 1,Fresher (0-1 yr),On-Site,4.2,2025-01-22
IND2027334,Data Visualization,Data Analyst,Hyderabad,Tier 1,Fresher (0-1 yr),On-Site,4.2,2025-01-22
IND2027334,Excel,Data Analyst,Hyderabad,Tier 1,Fresher (0-1 yr),On-Site,4.2,2025-01-22
IND2027334,Tableau,Data Analyst,Hyderabad,Tier 1,Fresher (0-1 yr),On-Site,4.2,2025-01-22
IND2027339,AWS,Data Engineer,Pune,Tier 1,Junior (1-3 yrs),Hybrid,9.3,2025-03-19
IND2027339,Python,Data Engineer,Pune,Tier 1,Junior (1-3 yrs),Hybrid,9.3,2025-03-19
IND2027339,dbt,Data Engineer,Pune,Tier 1,Junior (1-3 yrs),Hybrid,9.3,2025-03-19
IND2027346,Scikit-learn,Data Scientist,Mumbai,Tier 1,Mid (3-6 yrs),On-Site,26.8,2026-04-24
IND2027346,Deep Learning,Data Scientist,Mumbai,Tier 1,Mid (3-6 yrs),On-Site,26.8,2026-04-24
IND2027346,NLP,Data Scientist,Mumbai,Tier 1,Mid (3-6 yrs),On-Site,26.8,2026-04-24
IND2027346,Pandas,Data Scientist,Mumbai,Tier 1,Mid (3-6 yrs),On-Site,26.8,2026-04-24
IND2027346,Machine Learning,Data Scientist,Mumbai,Tier 1,Mid (3-6 yrs),On-Site,26.8,2026-04-24
IND2027353,Power BI,Data Analyst,Remote,Remote,Senior (6-10 yrs),Remote,46.7,2024-08-04
IND2027353,SQL,Data Analyst,Remote,Remote,Senior (6-10 yrs),Remote,46.7,2024-08-04
IND2027353,Statistics,Data Analyst,Remote,Remote,Senior (6-10 yrs),Remote,46.7,2024-08-04
IND2027353,Excel,Data Analyst,Remote,Remote,Senior (6-10 yrs),Remote,46.7,2024-08-04
IND2027353,Python,Data Analyst,Remote,Remote,Senior (6-10 yrs),Remote,46.7,2024-08-04
IND2027353,Tableau,Data Analyst,Remote,Remote,Senior (6-10 yrs),Remote,46.7,2024-08-04
IND2027361,Tableau,Data Scientist,Indore,Tier 2,Mid (3-6 yrs),Hybrid,20.5,2025-08-28
IND2027361,Deep Learning,Data Scientist,Indore,Tier 2,Mid (3-6 yrs),Hybrid,20.5,2025-08-28
IND2027361,Pandas,Data Scientist,Indore,Tier 2,Mid (3-6 yrs),Hybrid,20.5,2025-08-28
IND2027361,Statistics,Data Scientist,Indore,Tier 2,Mid (3-6 yrs),Hybrid,20.5,2025-08-28
IND2027361,Machine Learning,Data Scientist,Indore,Tier 2,Mid (3-6 yrs),Hybrid,20.5,2025-08-28
IND2027369,Excel,Data Analyst,Remote,Remote,Senior (6-10 yrs),On-Site,35.7,2025-03-31
IND2027369,SQL,Data Analyst,Remote,Remote,Senior (6-10 yrs),On-Site,35.7,2025-03-31
IND2027369,Python,Data Analyst,Remote,Remote,Senior (6-10 yrs),On-Site,35.7,2025-03-31
IND2027369,Tableau,Data Analyst,Remote,Remote,Senior (6-10 yrs),On-Site,35.7,2025-03-31
IND2027369,Statistics,Data Analyst,Remote,Remote,Senior (6-10 yrs),On-Site,35.7,2025-03-31
IND2027390,SQL,Business Analyst,Indore,Tier 2,Senior (6-10 yrs),Hybrid,42.3,2026-04-01
IND2027390,Power BI,Business Analyst,Indore,Tier 2,Senior (6-10 yrs),Hybrid,42.3,2026-04-01
IND2027390,JIRA,Business Analyst,Indore,Tier 2,Senior (6-10 yrs),Hybrid,42.3,2026-04-01
IND2027390,Requirements Gathering,Business Analyst,Indore,Tier 2,Senior (6-10 yrs),Hybrid,42.3,2026-04-01
IND2027390,Agile,Business Analyst,Indore,Tier 2,Senior (6-10 yrs),Hybrid,42.3,2026-04-01
IND2027390,Excel,Business Analyst,Indore,Tier 2,Senior (6-10 yrs),Hybrid,42.3,2026-04-01
IND2027396,Kafka,Data Engineer,Kolkata,Tier 2,Lead (10+ yrs),Hybrid,21.5,2024-08-09
IND2027396,Python,Data Engineer,Kolkata,Tier 2,Lead (10+ yrs),Hybrid,21.5,2024-08-09
IND2027396,ETL,Data Engineer,Kolkata,Tier 2,Lead (10+ yrs),Hybrid,21.5,2024-08-09
IND2027396,AWS,Data Engineer,Kolkata,Tier 2,Lead (10+ yrs),Hybrid,21.5,2024-08-09
IND2027396,dbt,Data Engineer,Kolkata,Tier 2,Lead (10+ yrs),Hybrid,21.5,2024-08-09
IND2027396,Spark,Data Engineer,Kolkata,Tier 2,Lead (10+ yrs),Hybrid,21.5,2024-08-09
IND2027397,NLP,Data Scientist,Remote,Remote,Fresher (0-1 yr),Remote,5.1,2025-12-03
IND2027397,Scikit-learn,Data Scientist,Remote,Remote,Fresher (0-1 yr),Remote,5.1,2025-12-03
IND2027397,Statistics,Data Scientist,Remote,Remote,Fresher (0-1 yr),Remote,5.1,2025-12-03
IND2027397,Machine Learning,Data Scientist,Remote,Remote,Fresher (0-1 yr),Remote,5.1,2025-12-03
IND2027404,Deep Learning,Data Scientist,Kolkata,Tier 2,Senior (6-10 yrs),On-Site,41.4,2024-09-27
IND2027404,Python,Data Scientist,Kolkata,Tier 2,Senior (6-10 yrs),On-Site,41.4,2024-09-27
IND2027404,NLP,Data Scientist,Kolkata,Tier 2,Senior (6-10 yrs),On-Site,41.4,2024-09-27
IND2027404,SQL,Data Scientist,Kolkata,Tier 2,Senior (6-10 yrs),On-Site,41.4,2024-09-27
IND2027404,Machine Learning,Data Scientist,Kolkata,Tier 2,Senior (6-10 yrs),On-Site,41.4,2024-09-27
IND2027406,SQL,Data Analyst,Remote,Remote,Mid (3-6 yrs),Remote,19.5,2025-02-11
IND2027406,Statistics,Data Analyst,Remote,Remote,Mid (3-6 yrs),Remote,19.5,2025-02-11
IND2027406,Tableau,Data Analyst,Remote,Remote,Mid (3-6 yrs),Remote,19.5,2025-02-11
IND2027422,Excel,Business Analyst,Pune,Tier 1,Fresher (0-1 yr),Hybrid,6.5,2025-07-17
IND2027422,Power BI,Business Analyst,Pune,Tier 1,Fresher (0-1 yr),Hybrid,6.5,2025-07-17
IND2027422,Agile,Business Analyst,Pune,Tier 1,Fresher (0-1 yr),Hybrid,6.5,2025-07-17
IND2027422,JIRA,Business Analyst,Pune,Tier 1,Fresher (0-1 yr),Hybrid,6.5,2025-07-17
IND2027423,Requirements Gathering,Business Analyst,Remote,Remote,Junior (1-3 yrs),Hybrid,2.0,2024-10-07
IND2027423,Excel,Business Analyst,Remote,Remote,Junior (1-3 yrs),Hybrid,2.0,2024-10-07
IND2027423,Agile,Business Analyst,Remote,Remote,Junior (1-3 yrs),Hybrid,2.0,2024-10-07
IND2027423,Power BI,Business Analyst,Remote,Remote,Junior (1-3 yrs),Hybrid,2.0,2024-10-07
IND2027423,SQL,Business Analyst,Remote,Remote,Junior (1-3 yrs),Hybrid,2.0,2024-10-07
IND2027427,Kafka,Data Engineer,Remote,Remote,Junior (1-3 yrs),On-Site,14.5,2024-11-07
IND2027427,ETL,Data Engineer,Remote,Remote,Junior (1-3 yrs),On-Site,14.5,2024-11-07
IND2027427,AWS,Data Engineer,Remote,Remote,Junior (1-3 yrs),On-Site,14.5,2024-11-07
IND2027427,SQL,Data Engineer,Remote,Remote,Junior (1-3 yrs),On-Site,14.5,2024-11-07
IND2027433,Data Visualization,Data Analyst,Remote,Remote,Fresher (0-1 yr),Remote,6.7,2024-07-14
IND2027433,Python,Data Analyst,Remote,Remote,Fresher (0-1 yr),Remote,6.7,2024-07-14
IND2027433,Power BI,Data Analyst,Remote,Remote,Fresher (0-1 yr),Remote,6.7,2024-07-14
IND2027437,TensorFlow,Data Scientist,Bangalore,Tier 1,Mid (3-6 yrs),On-Site,26.4,2024-09-09
IND2027437,Deep Learning,Data Scientist,Bangalore,Tier 1,Mid (3-6 yrs),On-Site,26.4,2024-09-09
IND2027437,Pandas,Data Scientist,Bangalore,Tier 1,Mid (3-6 yrs),On-Site,26.4,2024-09-09
IND2027437,SQL,Data Scientist,Bangalore,Tier 1,Mid (3-6 yrs),On-Site,26.4,2024-09-09
IND2027437,NLP,Data Scientist,Bangalore,Tier 1,Mid (3-6 yrs),On-Site,26.4,2024-09-09
IND2027437,Tableau,Data Scientist,Bangalore,Tier 1,Mid (3-6 yrs),On-Site,26.4,2024-09-09
IND2027440,Requirements Gathering,Business Analyst,Chandigarh,Tier 2,Lead (10+ yrs),Hybrid,3.1,2025-04-29
IND2027440,Power BI,Business Analyst,Chandigarh,Tier 2,Lead (10+ yrs),Hybrid,3.1,2025-04-29
IND2027440,Excel,Business Analyst,Chandigarh,Tier 2,Lead (10+ yrs),Hybrid,3.1,2025-04-29
IND2027440,JIRA,Business Analyst,Chandigarh,Tier 2,Lead (10+ yrs),Hybrid,3.1,2025-04-29
IND2027444,SQL,Data Analyst,Delhi,Tier 1,Mid (3-6 yrs),On-Site,17.5,2025-10-07
IND2027444,Statistics,Data Analyst,Delhi,Tier 1,Mid (3-6 yrs),On-Site,17.5,2025-10-07
IND2027444,Python,Data Analyst,Delhi,Tier 1,Mid (3-6 yrs),On-Site,17.5,2025-10-07
IND2027446,Power BI,Data Analyst,Hyderabad,Tier 1,Fresher (0-1 yr),Hybrid,4.6,2025-11-17
IND2027446,SQL,Data Analyst,Hyderabad,Tier 1,Fresher (0-1 yr),Hybrid,4.6,2025-11-17
IND2027446,Excel,Data Analyst,Hyderabad,Tier 1,Fresher (0-1 yr),Hybrid,4.6,2025-11-17
IND2027446,Statistics,Data Analyst,Hyderabad,Tier 1,Fresher (0-1 yr),Hybrid,4.6,2025-11-17
IND2027446,Python,Data Analyst,Hyderabad,Tier 1,Fresher (0-1 yr),Hybrid,4.6,2025-11-17
IND2027449,Statistics,Data Scientist,Delhi,Tier 1,Fresher (0-1 yr),Hybrid,5.6,2025-10-25
IND2027449,SQL,Data Scientist,Delhi,Tier 1,Fresher (0-1 yr),Hybrid,5.6,2025-10-25
IND2027449,Python,Data Scientist,Delhi,Tier 1,Fresher (0-1 yr),Hybrid,5.6,2025-10-25
IND2027449,Tableau,Data Scientist,Delhi,Tier 1,Fresher (0-1 yr),Hybrid,5.6,2025-10-25
IND2027449,NLP,Data Scientist,Delhi,Tier 1,Fresher (0-1 yr),Hybrid,5.6,2025-10-25
IND2027451,Machine Learning,Data Scientist,Bhubaneswar,Tier 2,Lead (10+ yrs),Hybrid,35.9,2026-01-23
IND2027451,Deep Learning,Data Scientist,Bhubaneswar,Tier 2,Lead (10+ yrs),Hybrid,35.9,2026-01-23
IND2027451,SQL,Data Scientist,Bhubaneswar,Tier 2,Lead (10+ yrs),Hybrid,35.9,2026-01-23
IND2027467,SQL,Data Scientist,Remote,Remote,Mid (3-6 yrs),Remote,17.6,2025-12-06
IND2027467,NLP,Data Scientist,Remote,Remote,Mid (3-6 yrs),Remote,17.6,2025-12-06
IND2027467,Pandas,Data Scientist,Remote,Remote,Mid (3-6 yrs),Remote,17.6,2025-12-06
IND2027467,Statistics,Data Scientist,Remote,Remote,Mid (3-6 yrs),Remote,17.6,2025-12-06
IND2027473,SQL,Data Engineer,Remote,Remote,Junior (1-3 yrs),On-Site,10.7,2024-10-19
IND2027473,ETL,Data Engineer,Remote,Remote,Junior (1-3 yrs),On-Site,10.7,2024-10-19
IND2027473,dbt,Data Engineer,Remote,Remote,Junior (1-3 yrs),On-Site,10.7,2024-10-19
IND2027473,Airflow,Data Engineer,Remote,Remote,Junior (1-3 yrs),On-Site,10.7,2024-10-19
IND2027473,Python,Data Engineer,Remote,Remote,Junior (1-3 yrs),On-Site,10.7,2024-10-19
IND2027475,Python,Data Analyst,Remote,Remote,Lead (10+ yrs),Remote,64.7,2025-03-07
IND2027475,Statistics,Data Analyst,Remote,Remote,Lead (10+ yrs),Remote,64.7,2025-03-07
IND2027475,Power BI,Data Analyst,Remote,Remote,Lead (10+ yrs),Remote,64.7,2025-03-07
IND2027475,Data Visualization,Data Analyst,Remote,Remote,Lead (10+ yrs),Remote,64.7,2025-03-07
IND2027477,JIRA,Business Analyst,Remote,Remote,Fresher (0-1 yr),Remote,8.2,2025-01-09
IND2027477,SQL,Business Analyst,Remote,Remote,Fresher (0-1 yr),Remote,8.2,2025-01-09
IND2027477,Excel,Business Analyst,Remote,Remote,Fresher (0-1 yr),Remote,8.2,2025-01-09
IND2027477,Requirements Gathering,Business Analyst,Remote,Remote,Fresher (0-1 yr),Remote,8.2,2025-01-09
IND2027477,Power BI,Business Analyst,Remote,Remote,Fresher (0-1 yr),Remote,8.2,2025-01-09
IND2027477,Agile,Business Analyst,Remote,Remote,Fresher (0-1 yr),Remote,8.2,2025-01-09
IND2027479,SQL,Business Analyst,Hyderabad,Tier 1,Mid (3-6 yrs),On-Site,24.0,2024-08-28
IND2027479,Requirements Gathering,Business Analyst,Hyderabad,Tier 1,Mid (3-6 yrs),On-Site,24.0,2024-08-28
IND2027479,Power BI,Business Analyst,Hyderabad,Tier 1,Mid (3-6 yrs),On-Site,24.0,2024-08-28
IND2027480,Data Visualization,Data Analyst,Remote,Remote,Mid (3-6 yrs),Remote,2.1,2025-06-27
IND2027480,Excel,Data Analyst,Remote,Remote,Mid (3-6 yrs),Remote,2.1,2025-06-27
IND2027480,Tableau,Data Analyst,Remote,Remote,Mid (3-6 yrs),Remote,2.1,2025-06-27
IND2027480,Statistics,Data Analyst,Remote,Remote,Mid (3-6 yrs),Remote,2.1,2025-06-27
IND2027480,Power BI,Data Analyst,Remote,Remote,Mid (3-6 yrs),Remote,2.1,2025-06-27
IND2027480,Python,Data Analyst,Remote,Remote,Mid (3-6 yrs),Remote,2.1,2025-06-27
IND2027488,Python,Data Analyst,Hyderabad,Tier 1,Senior (6-10 yrs),Hybrid,40.1,2024-11-24
IND2027488,Statistics,Data Analyst,Hyderabad,Tier 1,Senior (6-10 yrs),Hybrid,40.1,2024-11-24
IND2027488,Data Visualization,Data Analyst,Hyderabad,Tier 1,Senior (6-10 yrs),Hybrid,40.1,2024-11-24
IND2027488,Tableau,Data Analyst,Hyderabad,Tier 1,Senior (6-10 yrs),Hybrid,40.1,2024-11-24
IND2027488,Excel,Data Analyst,Hyderabad,Tier 1,Senior (6-10 yrs),Hybrid,40.1,2024-11-24
IND2027488,Power BI,Data Analyst,Hyderabad,Tier 1,Senior (6-10 yrs),Hybrid,40.1,2024-11-24
IND2027495,Airflow,Data Engineer,Remote,Remote,Junior (1-3 yrs),Remote,9.6,2026-03-10
IND2027495,ETL,Data Engineer,Remote,Remote,Junior (1-3 yrs),Remote,9.6,2026-03-10
IND2027495,SQL,Data Engineer,Remote,Remote,Junior (1-3 yrs),Remote,9.6,2026-03-10
IND2027495,dbt,Data Engineer,Remote,Remote,Junior (1-3 yrs),Remote,9.6,2026-03-10
IND2027495,Spark,Data Engineer,Remote,Remote,Junior (1-3 yrs),Remote,9.6,2026-03-10
IND2027495,AWS,Data Engineer,Remote,Remote,Junior (1-3 yrs),Remote,9.6,2026-03-10
IND2027513,NLP,Data Scientist,Remote,Remote,Lead (10+ yrs),On-Site,83.0,2025-04-11
IND2027513,Statistics,Data Scientist,Remote,Remote,Lead (10+ yrs),On-Site,83.0,2025-04-11
IND2027513,Scikit-learn,Data Scientist,Remote,Remote,Lead (10+ yrs),On-Site,83.0,2025-04-11
IND2027513,TensorFlow,Data Scientist,Remote,Remote,Lead (10+ yrs),On-Site,83.0,2025-04-11
IND2027521,NLP,Data Scientist,Bhubaneswar,Tier 2,Mid (3-6 yrs),Hybrid,23.0,2026-02-21
IND2027521,Python,Data Scientist,Bhubaneswar,Tier 2,Mid (3-6 yrs),Hybrid,23.0,2026-02-21
IND2027521,Tableau,Data Scientist,Bhubaneswar,Tier 2,Mid (3-6 yrs),Hybrid,23.0,2026-02-21
IND2027521,Statistics,Data Scientist,Bhubaneswar,Tier 2,Mid (3-6 yrs),Hybrid,23.0,2026-02-21
IND2027521,Deep Learning,Data Scientist,Bhubaneswar,Tier 2,Mid (3-6 yrs),Hybrid,23.0,2026-02-21
IND2027521,Pandas,Data Scientist,Bhubaneswar,Tier 2,Mid (3-6 yrs),Hybrid,23.0,2026-02-21
IND2027528,Requirements Gathering,Business Analyst,Pune,Tier 1,Mid (3-6 yrs),On-Site,12.8,2025-01-27
IND2027528,Agile,Business Analyst,Pune,Tier 1,Mid (3-6 yrs),On-Site,12.8,2025-01-27
IND2027528,Power BI,Business Analyst,Pune,Tier 1,Mid (3-6 yrs),On-Site,12.8,2025-01-27
IND2027528,Excel,Business Analyst,Pune,Tier 1,Mid (3-6 yrs),On-Site,12.8,2025-01-27
IND2027528,SQL,Business Analyst,Pune,Tier 1,Mid (3-6 yrs),On-Site,12.8,2025-01-27
IND2027528,JIRA,Business Analyst,Pune,Tier 1,Mid (3-6 yrs),On-Site,12.8,2025-01-27
IND2027533,Python,Data Analyst,Bangalore,Tier 1,Lead (10+ yrs),On-Site,40.8,2025-01-24
IND2027533,Tableau,Data Analyst,Bangalore,Tier 1,Lead (10+ yrs),On-Site,40.8,2025-01-24
IND2027533,Statistics,Data Analyst,Bangalore,Tier 1,Lead (10+ yrs),On-Site,40.8,2025-01-24
IND2027539,Agile,Business Analyst,Bangalore,Tier 1,Senior (6-10 yrs),On-Site,43.8,2024-10-30
IND2027539,Excel,Business Analyst,Bangalore,Tier 1,Senior (6-10 yrs),On-Site,43.8,2024-10-30
IND2027539,Power BI,Business Analyst,Bangalore,Tier 1,Senior (6-10 yrs),On-Site,43.8,2024-10-30
IND2027539,SQL,Business Analyst,Bangalore,Tier 1,Senior (6-10 yrs),On-Site,43.8,2024-10-30
IND2027545,Power BI,Data Analyst,Remote,Remote,Senior (6-10 yrs),Remote,44.5,2025-06-19
IND2027545,Tableau,Data Analyst,Remote,Remote,Senior (6-10 yrs),Remote,44.5,2025-06-19
IND2027545,Statistics,Data Analyst,Remote,Remote,Senior (6-10 yrs),Remote,44.5,2025-06-19
IND2027545,SQL,Data Analyst,Remote,Remote,Senior (6-10 yrs),Remote,44.5,2025-06-19
IND2027545,Excel,Data Analyst,Remote,Remote,Senior (6-10 yrs),Remote,44.5,2025-06-19
IND2027545,Data Visualization,Data Analyst,Remote,Remote,Senior (6-10 yrs),Remote,44.5,2025-06-19
IND2027556,Tableau,Data Analyst,Remote,Remote,Mid (3-6 yrs),Remote,18.0,2024-12-19
IND2027556,Statistics,Data Analyst,Remote,Remote,Mid (3-6 yrs),Remote,18.0,2024-12-19
IND2027556,SQL,Data Analyst,Remote,Remote,Mid (3-6 yrs),Remote,18.0,2024-12-19
IND2027556,Power BI,Data Analyst,Remote,Remote,Mid (3-6 yrs),Remote,18.0,2024-12-19
IND2027559,JIRA,Business Analyst,Remote,Remote,Junior (1-3 yrs),Remote,9.6,2024-08-19
IND2027559,Excel,Business Analyst,Remote,Remote,Junior (1-3 yrs),Remote,9.6,2024-08-19
IND2027559,Power BI,Business Analyst,Remote,Remote,Junior (1-3 yrs),Remote,9.6,2024-08-19
IND2027559,SQL,Business Analyst,Remote,Remote,Junior (1-3 yrs),Remote,9.6,2024-08-19
IND2027559,Requirements Gathering,Business Analyst,Remote,Remote,Junior (1-3 yrs),Remote,9.6,2024-08-19
IND2027559,Agile,Business Analyst,Remote,Remote,Junior (1-3 yrs),Remote,9.6,2024-08-19
IND2027568,Tableau,Data Analyst,Chennai,Tier 1,Senior (6-10 yrs),On-Site,52.3,2025-12-01
IND2027568,Python,Data Analyst,Chennai,Tier 1,Senior (6-10 yrs),On-Site,52.3,2025-12-01
IND2027568,Excel,Data Analyst,Chennai,Tier 1,Senior (6-10 yrs),On-Site,52.3,2025-12-01
IND2027568,Power BI,Data Analyst,Chennai,Tier 1,Senior (6-10 yrs),On-Site,52.3,2025-12-01
IND2027568,SQL,Data Analyst,Chennai,Tier 1,Senior (6-10 yrs),On-Site,52.3,2025-12-01
IND2027568,Statistics,Data Analyst,Chennai,Tier 1,Senior (6-10 yrs),On-Site,52.3,2025-12-01
IND2027571,Power BI,Business Analyst,Hyderabad,Tier 1,Junior (1-3 yrs),Hybrid,2.7,2026-02-22
IND2027571,JIRA,Business Analyst,Hyderabad,Tier 1,Junior (1-3 yrs),Hybrid,2.7,2026-02-22
IND2027571,SQL,Business Analyst,Hyderabad,Tier 1,Junior (1-3 yrs),Hybrid,2.7,2026-02-22
IND2027571,Excel,Business Analyst,Hyderabad,Tier 1,Junior (1-3 yrs),Hybrid,2.7,2026-02-22
IND2027571,Requirements Gathering,Business Analyst,Hyderabad,Tier 1,Junior (1-3 yrs),Hybrid,2.7,2026-02-22
IND2027572,Kafka,Data Engineer,Remote,Remote,Junior (1-3 yrs),Remote,1.5,2025-04-13
IND2027572,ETL,Data Engineer,Remote,Remote,Junior (1-3 yrs),Remote,1.5,2025-04-13
IND2027572,Spark,Data Engineer,Remote,Remote,Junior (1-3 yrs),Remote,1.5,2025-04-13
IND2027572,SQL,Data Engineer,Remote,Remote,Junior (1-3 yrs),Remote,1.5,2025-04-13
IND2027572,dbt,Data Engineer,Remote,Remote,Junior (1-3 yrs),Remote,1.5,2025-04-13
IND2027572,AWS,Data Engineer,Remote,Remote,Junior (1-3 yrs),Remote,1.5,2025-04-13
IND2027575,Python,Data Analyst,Remote,Remote,Fresher (0-1 yr),Remote,5.4,2024-08-05
IND2027575,Statistics,Data Analyst,Remote,Remote,Fresher (0-1 yr),Remote,5.4,2024-08-05
IND2027575,Power BI,Data Analyst,Remote,Remote,Fresher (0-1 yr),Remote,5.4,2024-08-05
IND2027575,SQL,Data Analyst,Remote,Remote,Fresher (0-1 yr),Remote,5.4,2024-08-05
IND2027578,Data Visualization,Data Analyst,Bangalore,Tier 1,Junior (1-3 yrs),Hybrid,9.0,2026-03-17
IND2027578,Python,Data Analyst,Bangalore,Tier 1,Junior (1-3 yrs),Hybrid,9.0,2026-03-17
IND2027578,SQL,Data Analyst,Bangalore,Tier 1,Junior (1-3 yrs),Hybrid,9.0,2026-03-17
IND2027578,Excel,Data Analyst,Bangalore,Tier 1,Junior (1-3 yrs),Hybrid,9.0,2026-03-17
IND2027578,Tableau,Data Analyst,Bangalore,Tier 1,Junior (1-3 yrs),Hybrid,9.0,2026-03-17
IND2027586,Machine Learning,Data Scientist,Remote,Remote,Senior (6-10 yrs),Remote,30.2,2025-05-03
IND2027586,SQL,Data Scientist,Remote,Remote,Senior (6-10 yrs),Remote,30.2,2025-05-03
IND2027586,Deep Learning,Data Scientist,Remote,Remote,Senior (6-10 yrs),Remote,30.2,2025-05-03
IND2027586,Statistics,Data Scientist,Remote,Remote,Senior (6-10 yrs),Remote,30.2,2025-05-03
IND2027591,dbt,Data Engineer,Hyderabad,Tier 1,Lead (10+ yrs),On-Site,2.1,2024-06-05
IND2027591,Airflow,Data Engineer,Hyderabad,Tier 1,Lead (10+ yrs),On-Site,2.1,2024-06-05
IND2027591,SQL,Data Engineer,Hyderabad,Tier 1,Lead (10+ yrs),On-Site,2.1,2024-06-05
IND2027591,Kafka,Data Engineer,Hyderabad,Tier 1,Lead (10+ yrs),On-Site,2.1,2024-06-05
IND2027591,AWS,Data Engineer,Hyderabad,Tier 1,Lead (10+ yrs),On-Site,2.1,2024-06-05
IND2027591,ETL,Data Engineer,Hyderabad,Tier 1,Lead (10+ yrs),On-Site,2.1,2024-06-05
IND2027605,ETL,Data Engineer,Hyderabad,Tier 1,Junior (1-3 yrs),Hybrid,6.8,2024-06-03
IND2027605,AWS,Data Engineer,Hyderabad,Tier 1,Junior (1-3 yrs),Hybrid,6.8,2024-06-03
IND2027605,SQL,Data Engineer,Hyderabad,Tier 1,Junior (1-3 yrs),Hybrid,6.8,2024-06-03
IND2027605,Airflow,Data Engineer,Hyderabad,Tier 1,Junior (1-3 yrs),Hybrid,6.8,2024-06-03
IND2027608,Agile,Business Analyst,Delhi,Tier 1,Mid (3-6 yrs),Hybrid,19.5,2025-10-01
IND2027608,JIRA,Business Analyst,Delhi,Tier 1,Mid (3-6 yrs),Hybrid,19.5,2025-10-01
IND2027608,SQL,Business Analyst,Delhi,Tier 1,Mid (3-6 yrs),Hybrid,19.5,2025-10-01
IND2027608,Excel,Business Analyst,Delhi,Tier 1,Mid (3-6 yrs),Hybrid,19.5,2025-10-01
IND2027608,Power BI,Business Analyst,Delhi,Tier 1,Mid (3-6 yrs),Hybrid,19.5,2025-10-01
IND2027608,Requirements Gathering,Business Analyst,Delhi,Tier 1,Mid (3-6 yrs),Hybrid,19.5,2025-10-01
IND2027613,SQL,Data Analyst,Remote,Remote,Lead (10+ yrs),Remote,70.3,2025-03-20
IND2027613,Python,Data Analyst,Remote,Remote,Lead (10+ yrs),Remote,70.3,2025-03-20
IND2027613,Excel,Data Analyst,Remote,Remote,Lead (10+ yrs),Remote,70.3,2025-03-20
IND2027613,Data Visualization,Data Analyst,Remote,Remote,Lead (10+ yrs),Remote,70.3,2025-03-20
IND2027613,Power BI,Data Analyst,Remote,Remote,Lead (10+ yrs),Remote,70.3,2025-03-20
IND2027623,Python,Data Scientist,Pune,Tier 1,Lead (10+ yrs),On-Site,79.2,2024-11-22
IND2027623,NLP,Data Scientist,Pune,Tier 1,Lead (10+ yrs),On-Site,79.2,2024-11-22
IND2027623,Deep Learning,Data Scientist,Pune,Tier 1,Lead (10+ yrs),On-Site,79.2,2024-11-22
IND2027623,Scikit-learn,Data Scientist,Pune,Tier 1,Lead (10+ yrs),On-Site,79.2,2024-11-22
IND2027624,Spark,Data Engineer,Mumbai,Tier 1,Fresher (0-1 yr),On-Site,4.9,2025-10-29
IND2027624,Python,Data Engineer,Mumbai,Tier 1,Fresher (0-1 yr),On-Site,4.9,2025-10-29
IND2027624,ETL,Data Engineer,Mumbai,Tier 1,Fresher (0-1 yr),On-Site,4.9,2025-10-29
IND2027624,Kafka,Data Engineer,Mumbai,Tier 1,Fresher (0-1 yr),On-Site,4.9,2025-10-29
IND2027624,dbt,Data Engineer,Mumbai,Tier 1,Fresher (0-1 yr),On-Site,4.9,2025-10-29
IND2027624,SQL,Data Engineer,Mumbai,Tier 1,Fresher (0-1 yr),On-Site,4.9,2025-10-29
IND2027627,Statistics,Data Scientist,Remote,Remote,Senior (6-10 yrs),Remote,41.6,2025-12-12
IND2027627,NLP,Data Scientist,Remote,Remote,Senior (6-10 yrs),Remote,41.6,2025-12-12
IND2027627,TensorFlow,Data Scientist,Remote,Remote,Senior (6-10 yrs),Remote,41.6,2025-12-12
IND2027627,Scikit-learn,Data Scientist,Remote,Remote,Senior (6-10 yrs),Remote,41.6,2025-12-12
IND2027627,Tableau,Data Scientist,Remote,Remote,Senior (6-10 yrs),Remote,41.6,2025-12-12
IND2027627,Python,Data Scientist,Remote,Remote,Senior (6-10 yrs),Remote,41.6,2025-12-12
IND2027635,Tableau,Data Analyst,Chennai,Tier 1,Senior (6-10 yrs),Hybrid,48.4,2026-03-11
IND2027635,Power BI,Data Analyst,Chennai,Tier 1,Senior (6-10 yrs),Hybrid,48.4,2026-03-11
IND2027635,Statistics,Data Analyst,Chennai,Tier 1,Senior (6-10 yrs),Hybrid,48.4,2026-03-11
IND2027635,Python,Data Analyst,Chennai,Tier 1,Senior (6-10 yrs),Hybrid,48.4,2026-03-11
IND2027643,Tableau,Data Analyst,Bangalore,Tier 1,Fresher (0-1 yr),On-Site,4.1,2024-06-04
IND2027643,Statistics,Data Analyst,Bangalore,Tier 1,Fresher (0-1 yr),On-Site,4.1,2024-06-04
IND2027643,SQL,Data Analyst,Bangalore,Tier 1,Fresher (0-1 yr),On-Site,4.1,2024-06-04
IND2027643,Python,Data Analyst,Bangalore,Tier 1,Fresher (0-1 yr),On-Site,4.1,2024-06-04
IND2027643,Excel,Data Analyst,Bangalore,Tier 1,Fresher (0-1 yr),On-Site,4.1,2024-06-04
IND2027643,Data Visualization,Data Analyst,Bangalore,Tier 1,Fresher (0-1 yr),On-Site,4.1,2024-06-04
IND2027647,Machine Learning,Data Scientist,Delhi,Tier 1,Senior (6-10 yrs),On-Site,45.6,2026-03-14
IND2027647,SQL,Data Scientist,Delhi,Tier 1,Senior (6-10 yrs),On-Site,45.6,2026-03-14
IND2027647,Tableau,Data Scientist,Delhi,Tier 1,Senior (6-10 yrs),On-Site,45.6,2026-03-14
IND2027647,Deep Learning,Data Scientist,Delhi,Tier 1,Senior (6-10 yrs),On-Site,45.6,2026-03-14
IND2027647,Scikit-learn,Data Scientist,Delhi,Tier 1,Senior (6-10 yrs),On-Site,45.6,2026-03-14
IND2027660,Power BI,Data Analyst,Remote,Remote,Junior (1-3 yrs),Remote,9.5,2024-12-08
IND2027660,SQL,Data Analyst,Remote,Remote,Junior (1-3 yrs),Remote,9.5,2024-12-08
IND2027660,Data Visualization,Data Analyst,Remote,Remote,Junior (1-3 yrs),Remote,9.5,2024-12-08
IND2027663,Python,Data Engineer,Delhi,Tier 1,Junior (1-3 yrs),On-Site,7.2,2025-04-04
IND2027663,ETL,Data Engineer,Delhi,Tier 1,Junior (1-3 yrs),On-Site,7.2,2025-04-04
IND2027663,dbt,Data Engineer,Delhi,Tier 1,Junior (1-3 yrs),On-Site,7.2,2025-04-04
IND2027670,TensorFlow,Data Scientist,Remote,Remote,Lead (10+ yrs),Remote,88.5,2025-01-29
IND2027670,SQL,Data Scientist,Remote,Remote,Lead (10+ yrs),Remote,88.5,2025-01-29
IND2027670,Scikit-learn,Data Scientist,Remote,Remote,Lead (10+ yrs),Remote,88.5,2025-01-29
IND2027670,Machine Learning,Data Scientist,Remote,Remote,Lead (10+ yrs),Remote,88.5,2025-01-29
IND2027670,Tableau,Data Scientist,Remote,Remote,Lead (10+ yrs),Remote,88.5,2025-01-29
IND2027680,Excel,Business Analyst,Hyderabad,Tier 1,Senior (6-10 yrs),Hybrid,29.5,2025-03-24
IND2027680,SQL,Business Analyst,Hyderabad,Tier 1,Senior (6-10 yrs),Hybrid,29.5,2025-03-24
IND2027680,Requirements Gathering,Business Analyst,Hyderabad,Tier 1,Senior (6-10 yrs),Hybrid,29.5,2025-03-24
IND2027694,Tableau,Data Analyst,Hyderabad,Tier 1,Junior (1-3 yrs),Hybrid,14.7,2025-05-19
IND2027694,SQL,Data Analyst,Hyderabad,Tier 1,Junior (1-3 yrs),Hybrid,14.7,2025-05-19
IND2027694,Power BI,Data Analyst,Hyderabad,Tier 1,Junior (1-3 yrs),Hybrid,14.7,2025-05-19
IND2027694,Excel,Data Analyst,Hyderabad,Tier 1,Junior (1-3 yrs),Hybrid,14.7,2025-05-19
IND2027694,Statistics,Data Analyst,Hyderabad,Tier 1,Junior (1-3 yrs),Hybrid,14.7,2025-05-19
IND2027696,Statistics,Data Scientist,Remote,Remote,Fresher (0-1 yr),On-Site,6.5,2026-03-11
IND2027696,SQL,Data Scientist,Remote,Remote,Fresher (0-1 yr),On-Site,6.5,2026-03-11
IND2027696,Tableau,Data Scientist,Remote,Remote,Fresher (0-1 yr),On-Site,6.5,2026-03-11
IND2027696,Machine Learning,Data Scientist,Remote,Remote,Fresher (0-1 yr),On-Site,6.5,2026-03-11
IND2027700,JIRA,Business Analyst,Pune,Tier 1,Senior (6-10 yrs),On-Site,38.9,2025-06-24
IND2027700,Agile,Business Analyst,Pune,Tier 1,Senior (6-10 yrs),On-Site,38.9,2025-06-24
IND2027700,SQL,Business Analyst,Pune,Tier 1,Senior (6-10 yrs),On-Site,38.9,2025-06-24
IND2027700,Excel,Business Analyst,Pune,Tier 1,Senior (6-10 yrs),On-Site,38.9,2025-06-24
IND2027710,Statistics,Data Analyst,Pune,Tier 1,Lead (10+ yrs),Hybrid,2.2,2024-08-09
IND2027710,Python,Data Analyst,Pune,Tier 1,Lead (10+ yrs),Hybrid,2.2,2024-08-09
IND2027710,Tableau,Data Analyst,Pune,Tier 1,Lead (10+ yrs),Hybrid,2.2,2024-08-09
IND2027710,SQL,Data Analyst,Pune,Tier 1,Lead (10+ yrs),Hybrid,2.2,2024-08-09
IND2027715,Statistics,Data Scientist,Indore,Tier 2,Mid (3-6 yrs),On-Site,25.8,2025-07-07
IND2027715,Scikit-learn,Data Scientist,Indore,Tier 2,Mid (3-6 yrs),On-Site,25.8,2025-07-07
IND2027715,TensorFlow,Data Scientist,Indore,Tier 2,Mid (3-6 yrs),On-Site,25.8,2025-07-07
IND2027715,Deep Learning,Data Scientist,Indore,Tier 2,Mid (3-6 yrs),On-Site,25.8,2025-07-07
IND2027715,NLP,Data Scientist,Indore,Tier 2,Mid (3-6 yrs),On-Site,25.8,2025-07-07
IND2027719,Kafka,Data Engineer,Kolkata,Tier 2,Senior (6-10 yrs),On-Site,27.9,2026-02-20
IND2027719,Python,Data Engineer,Kolkata,Tier 2,Senior (6-10 yrs),On-Site,27.9,2026-02-20
IND2027719,ETL,Data Engineer,Kolkata,Tier 2,Senior (6-10 yrs),On-Site,27.9,2026-02-20
IND2027719,SQL,Data Engineer,Kolkata,Tier 2,Senior (6-10 yrs),On-Site,27.9,2026-02-20
IND2027738,Scikit-learn,Data Scientist,Chennai,Tier 1,Mid (3-6 yrs),Hybrid,38.3,2025-03-24
IND2027738,SQL,Data Scientist,Chennai,Tier 1,Mid (3-6 yrs),Hybrid,38.3,2025-03-24
IND2027738,Statistics,Data Scientist,Chennai,Tier 1,Mid (3-6 yrs),Hybrid,38.3,2025-03-24
IND2027739,Statistics,Data Scientist,Chennai,Tier 1,Senior (6-10 yrs),On-Site,30.3,2024-08-29
IND2027739,TensorFlow,Data Scientist,Chennai,Tier 1,Senior (6-10 yrs),On-Site,30.3,2024-08-29
IND2027739,NLP,Data Scientist,Chennai,Tier 1,Senior (6-10 yrs),On-Site,30.3,2024-08-29
IND2027739,Python,Data Scientist,Chennai,Tier 1,Senior (6-10 yrs),On-Site,30.3,2024-08-29
IND2027739,Scikit-learn,Data Scientist,Chennai,Tier 1,Senior (6-10 yrs),On-Site,30.3,2024-08-29
IND2027739,Tableau,Data Scientist,Chennai,Tier 1,Senior (6-10 yrs),On-Site,30.3,2024-08-29
IND2027749,Python,Data Analyst,Bhubaneswar,Tier 2,Mid (3-6 yrs),Hybrid,25.7,2026-01-08
IND2027749,Statistics,Data Analyst,Bhubaneswar,Tier 2,Mid (3-6 yrs),Hybrid,25.7,2026-01-08
IND2027749,Data Visualization,Data Analyst,Bhubaneswar,Tier 2,Mid (3-6 yrs),Hybrid,25.7,2026-01-08
IND2027749,Power BI,Data Analyst,Bhubaneswar,Tier 2,Mid (3-6 yrs),Hybrid,25.7,2026-01-08
IND2027755,Requirements Gathering,Business Analyst,Remote,Remote,Fresher (0-1 yr),Remote,4.7,2025-02-26
IND2027755,Excel,Business Analyst,Remote,Remote,Fresher (0-1 yr),Remote,4.7,2025-02-26
IND2027755,SQL,Business Analyst,Remote,Remote,Fresher (0-1 yr),Remote,4.7,2025-02-26
IND2027755,Agile,Business Analyst,Remote,Remote,Fresher (0-1 yr),Remote,4.7,2025-02-26
IND2027758,Python,Data Engineer,Hyderabad,Tier 1,Lead (10+ yrs),Hybrid,77.0,2024-06-23
IND2027758,Spark,Data Engineer,Hyderabad,Tier 1,Lead (10+ yrs),Hybrid,77.0,2024-06-23
IND2027758,dbt,Data Engineer,Hyderabad,Tier 1,Lead (10+ yrs),Hybrid,77.0,2024-06-23
IND2027758,Kafka,Data Engineer,Hyderabad,Tier 1,Lead (10+ yrs),Hybrid,77.0,2024-06-23
IND2027758,Airflow,Data Engineer,Hyderabad,Tier 1,Lead (10+ yrs),Hybrid,77.0,2024-06-23
IND2027758,AWS,Data Engineer,Hyderabad,Tier 1,Lead (10+ yrs),Hybrid,77.0,2024-06-23
IND2027767,NLP,Data Scientist,Bangalore,Tier 1,Mid (3-6 yrs),On-Site,18.8,2024-11-29
IND2027767,Pandas,Data Scientist,Bangalore,Tier 1,Mid (3-6 yrs),On-Site,18.8,2024-11-29
IND2027767,Machine Learning,Data Scientist,Bangalore,Tier 1,Mid (3-6 yrs),On-Site,18.8,2024-11-29
IND2027767,Statistics,Data Scientist,Bangalore,Tier 1,Mid (3-6 yrs),On-Site,18.8,2024-11-29
IND2027767,Scikit-learn,Data Scientist,Bangalore,Tier 1,Mid (3-6 yrs),On-Site,18.8,2024-11-29
IND2027767,TensorFlow,Data Scientist,Bangalore,Tier 1,Mid (3-6 yrs),On-Site,18.8,2024-11-29
IND2027772,Excel,Business Analyst,Hyderabad,Tier 1,Mid (3-6 yrs),On-Site,24.2,2025-02-08
IND2027772,Power BI,Business Analyst,Hyderabad,Tier 1,Mid (3-6 yrs),On-Site,24.2,2025-02-08
IND2027772,SQL,Business Analyst,Hyderabad,Tier 1,Mid (3-6 yrs),On-Site,24.2,2025-02-08
IND2027775,Pandas,Data Scientist,Remote,Remote,Junior (1-3 yrs),Remote,12.7,2024-11-07
IND2027775,TensorFlow,Data Scientist,Remote,Remote,Junior (1-3 yrs),Remote,12.7,2024-11-07
IND2027775,Python,Data Scientist,Remote,Remote,Junior (1-3 yrs),Remote,12.7,2024-11-07
IND2027776,TensorFlow,Data Scientist,Hyderabad,Tier 1,Fresher (0-1 yr),On-Site,3.8,2026-04-23
IND2027776,SQL,Data Scientist,Hyderabad,Tier 1,Fresher (0-1 yr),On-Site,3.8,2026-04-23
IND2027776,Python,Data Scientist,Hyderabad,Tier 1,Fresher (0-1 yr),On-Site,3.8,2026-04-23
IND2027781,Python,Data Engineer,Indore,Tier 2,Mid (3-6 yrs),On-Site,28.9,2026-01-04
IND2027781,SQL,Data Engineer,Indore,Tier 2,Mid (3-6 yrs),On-Site,28.9,2026-01-04
IND2027781,dbt,Data Engineer,Indore,Tier 2,Mid (3-6 yrs),On-Site,28.9,2026-01-04
IND2027781,Kafka,Data Engineer,Indore,Tier 2,Mid (3-6 yrs),On-Site,28.9,2026-01-04
IND2027781,ETL,Data Engineer,Indore,Tier 2,Mid (3-6 yrs),On-Site,28.9,2026-01-04
IND2027781,Spark,Data Engineer,Indore,Tier 2,Mid (3-6 yrs),On-Site,28.9,2026-01-04
IND2027788,Spark,Data Engineer,Chennai,Tier 1,Junior (1-3 yrs),On-Site,14.5,2025-07-24
IND2027788,AWS,Data Engineer,Chennai,Tier 1,Junior (1-3 yrs),On-Site,14.5,2025-07-24
IND2027788,Airflow,Data Engineer,Chennai,Tier 1,Junior (1-3 yrs),On-Site,14.5,2025-07-24
IND2027788,SQL,Data Engineer,Chennai,Tier 1,Junior (1-3 yrs),On-Site,14.5,2025-07-24
IND2027788,ETL,Data Engineer,Chennai,Tier 1,Junior (1-3 yrs),On-Site,14.5,2025-07-24
IND2027788,Kafka,Data Engineer,Chennai,Tier 1,Junior (1-3 yrs),On-Site,14.5,2025-07-24
IND2027792,SQL,Business Analyst,Indore,Tier 2,Mid (3-6 yrs),Hybrid,21.4,2024-07-17
IND2027792,Power BI,Business Analyst,Indore,Tier 2,Mid (3-6 yrs),Hybrid,21.4,2024-07-17
IND2027792,Requirements Gathering,Business Analyst,Indore,Tier 2,Mid (3-6 yrs),Hybrid,21.4,2024-07-17
IND2027795,SQL,Data Analyst,Remote,Remote,Mid (3-6 yrs),Remote,11.5,2025-04-02
IND2027795,Excel,Data Analyst,Remote,Remote,Mid (3-6 yrs),Remote,11.5,2025-04-02
IND2027795,Data Visualization,Data Analyst,Remote,Remote,Mid (3-6 yrs),Remote,11.5,2025-04-02
IND2027795,Python,Data Analyst,Remote,Remote,Mid (3-6 yrs),Remote,11.5,2025-04-02
IND2027798,Data Visualization,Data Analyst,Remote,Remote,Mid (3-6 yrs),Hybrid,23.6,2024-10-08
IND2027798,Statistics,Data Analyst,Remote,Remote,Mid (3-6 yrs),Hybrid,23.6,2024-10-08
IND2027798,SQL,Data Analyst,Remote,Remote,Mid (3-6 yrs),Hybrid,23.6,2024-10-08
IND2027798,Tableau,Data Analyst,Remote,Remote,Mid (3-6 yrs),Hybrid,23.6,2024-10-08
IND2027805,Excel,Data Analyst,Nagpur,Tier 2,Senior (6-10 yrs),On-Site,60.7,2025-12-06
IND2027805,Python,Data Analyst,Nagpur,Tier 2,Senior (6-10 yrs),On-Site,60.7,2025-12-06
IND2027805,Statistics,Data Analyst,Nagpur,Tier 2,Senior (6-10 yrs),On-Site,60.7,2025-12-06
IND2027805,Tableau,Data Analyst,Nagpur,Tier 2,Senior (6-10 yrs),On-Site,60.7,2025-12-06
IND2027812,Excel,Business Analyst,Pune,Tier 1,Fresher (0-1 yr),On-Site,5.4,2025-04-15
IND2027812,Agile,Business Analyst,Pune,Tier 1,Fresher (0-1 yr),On-Site,5.4,2025-04-15
IND2027812,JIRA,Business Analyst,Pune,Tier 1,Fresher (0-1 yr),On-Site,5.4,2025-04-15
IND2027812,Power BI,Business Analyst,Pune,Tier 1,Fresher (0-1 yr),On-Site,5.4,2025-04-15
IND2027812,SQL,Business Analyst,Pune,Tier 1,Fresher (0-1 yr),On-Site,5.4,2025-04-15
IND2027813,SQL,Business Analyst,Kochi,Tier 2,Lead (10+ yrs),Hybrid,52.8,2025-04-10
IND2027813,Agile,Business Analyst,Kochi,Tier 2,Lead (10+ yrs),Hybrid,52.8,2025-04-10
IND2027813,JIRA,Business Analyst,Kochi,Tier 2,Lead (10+ yrs),Hybrid,52.8,2025-04-10
IND2027813,Requirements Gathering,Business Analyst,Kochi,Tier 2,Lead (10+ yrs),Hybrid,52.8,2025-04-10
IND2027814,Power BI,Business Analyst,Remote,Remote,Senior (6-10 yrs),Remote,39.7,2024-09-13
IND2027814,Agile,Business Analyst,Remote,Remote,Senior (6-10 yrs),Remote,39.7,2024-09-13
IND2027814,Requirements Gathering,Business Analyst,Remote,Remote,Senior (6-10 yrs),Remote,39.7,2024-09-13
IND2027814,JIRA,Business Analyst,Remote,Remote,Senior (6-10 yrs),Remote,39.7,2024-09-13
IND2027814,Excel,Business Analyst,Remote,Remote,Senior (6-10 yrs),Remote,39.7,2024-09-13
IND2027815,Tableau,Data Analyst,Ahmedabad,Tier 2,Mid (3-6 yrs),Hybrid,0.9,2026-01-10
IND2027815,Data Visualization,Data Analyst,Ahmedabad,Tier 2,Mid (3-6 yrs),Hybrid,0.9,2026-01-10
IND2027815,Statistics,Data Analyst,Ahmedabad,Tier 2,Mid (3-6 yrs),Hybrid,0.9,2026-01-10
IND2027815,SQL,Data Analyst,Ahmedabad,Tier 2,Mid (3-6 yrs),Hybrid,0.9,2026-01-10
IND2027815,Excel,Data Analyst,Ahmedabad,Tier 2,Mid (3-6 yrs),Hybrid,0.9,2026-01-10
IND2027819,Statistics,Data Scientist,Pune,Tier 1,Senior (6-10 yrs),Hybrid,19.3,2025-08-05
IND2027819,Deep Learning,Data Scientist,Pune,Tier 1,Senior (6-10 yrs),Hybrid,19.3,2025-08-05
IND2027819,NLP,Data Scientist,Pune,Tier 1,Senior (6-10 yrs),Hybrid,19.3,2025-08-05
IND2027819,Machine Learning,Data Scientist,Pune,Tier 1,Senior (6-10 yrs),Hybrid,19.3,2025-08-05
IND2027826,Agile,Business Analyst,Remote,Remote,Junior (1-3 yrs),On-Site,10.8,2024-09-18
IND2027826,Excel,Business Analyst,Remote,Remote,Junior (1-3 yrs),On-Site,10.8,2024-09-18
IND2027826,Requirements Gathering,Business Analyst,Remote,Remote,Junior (1-3 yrs),On-Site,10.8,2024-09-18
IND2027826,JIRA,Business Analyst,Remote,Remote,Junior (1-3 yrs),On-Site,10.8,2024-09-18
IND2027826,SQL,Business Analyst,Remote,Remote,Junior (1-3 yrs),On-Site,10.8,2024-09-18
IND2027830,Power BI,Business Analyst,Remote,Remote,Junior (1-3 yrs),Remote,12.4,2025-09-29
IND2027830,Agile,Business Analyst,Remote,Remote,Junior (1-3 yrs),Remote,12.4,2025-09-29
IND2027830,JIRA,Business Analyst,Remote,Remote,Junior (1-3 yrs),Remote,12.4,2025-09-29
IND2027830,Excel,Business Analyst,Remote,Remote,Junior (1-3 yrs),Remote,12.4,2025-09-29
IND2027830,Requirements Gathering,Business Analyst,Remote,Remote,Junior (1-3 yrs),Remote,12.4,2025-09-29
IND2027830,SQL,Business Analyst,Remote,Remote,Junior (1-3 yrs),Remote,12.4,2025-09-29
IND2027834,Requirements Gathering,Business Analyst,Bangalore,Tier 1,Junior (1-3 yrs),Hybrid,9.2,2025-09-06
IND2027834,SQL,Business Analyst,Bangalore,Tier 1,Junior (1-3 yrs),Hybrid,9.2,2025-09-06
IND2027834,Agile,Business Analyst,Bangalore,Tier 1,Junior (1-3 yrs),Hybrid,9.2,2025-09-06
IND2027834,Power BI,Business Analyst,Bangalore,Tier 1,Junior (1-3 yrs),Hybrid,9.2,2025-09-06
IND2027836,Tableau,Data Analyst,Remote,Remote,Junior (1-3 yrs),Remote,13.5,2025-01-28
IND2027836,Statistics,Data Analyst,Remote,Remote,Junior (1-3 yrs),Remote,13.5,2025-01-28
IND2027836,Data Visualization,Data Analyst,Remote,Remote,Junior (1-3 yrs),Remote,13.5,2025-01-28
IND2027836,Python,Data Analyst,Remote,Remote,Junior (1-3 yrs),Remote,13.5,2025-01-28
IND2027842,SQL,Business Analyst,Remote,Remote,Lead (10+ yrs),Remote,78.9,2025-12-29
IND2027842,Requirements Gathering,Business Analyst,Remote,Remote,Lead (10+ yrs),Remote,78.9,2025-12-29
IND2027842,Power BI,Business Analyst,Remote,Remote,Lead (10+ yrs),Remote,78.9,2025-12-29
IND2027842,Agile,Business Analyst,Remote,Remote,Lead (10+ yrs),Remote,78.9,2025-12-29
IND2027842,JIRA,Business Analyst,Remote,Remote,Lead (10+ yrs),Remote,78.9,2025-12-29
IND2027842,Excel,Business Analyst,Remote,Remote,Lead (10+ yrs),Remote,78.9,2025-12-29
IND2027845,Deep Learning,Data Scientist,Remote,Remote,Junior (1-3 yrs),On-Site,10.6,2025-07-07
IND2027845,Statistics,Data Scientist,Remote,Remote,Junior (1-3 yrs),On-Site,10.6,2025-07-07
IND2027845,Python,Data Scientist,Remote,Remote,Junior (1-3 yrs),On-Site,10.6,2025-07-07
IND2027846,Power BI,Business Analyst,Remote,Remote,Senior (6-10 yrs),Remote,44.3,2025-04-09
IND2027846,SQL,Business Analyst,Remote,Remote,Senior (6-10 yrs),Remote,44.3,2025-04-09
IND2027846,Excel,Business Analyst,Remote,Remote,Senior (6-10 yrs),Remote,44.3,2025-04-09
IND2027846,JIRA,Business Analyst,Remote,Remote,Senior (6-10 yrs),Remote,44.3,2025-04-09
IND2027854,Machine Learning,Data Scientist,Remote,Remote,Mid (3-6 yrs),Remote,19.2,2025-03-14
IND2027854,Statistics,Data Scientist,Remote,Remote,Mid (3-6 yrs),Remote,19.2,2025-03-14
IND2027854,Tableau,Data Scientist,Remote,Remote,Mid (3-6 yrs),Remote,19.2,2025-03-14
IND2027854,NLP,Data Scientist,Remote,Remote,Mid (3-6 yrs),Remote,19.2,2025-03-14
IND2027854,Pandas,Data Scientist,Remote,Remote,Mid (3-6 yrs),Remote,19.2,2025-03-14
IND2027857,Python,Data Scientist,Bangalore,Tier 1,Fresher (0-1 yr),Hybrid,2.2,2025-04-08
IND2027857,Deep Learning,Data Scientist,Bangalore,Tier 1,Fresher (0-1 yr),Hybrid,2.2,2025-04-08
IND2027857,Pandas,Data Scientist,Bangalore,Tier 1,Fresher (0-1 yr),Hybrid,2.2,2025-04-08
IND2027864,Deep Learning,Data Scientist,Remote,Remote,Fresher (0-1 yr),Hybrid,5.9,2025-03-23
IND2027864,Tableau,Data Scientist,Remote,Remote,Fresher (0-1 yr),Hybrid,5.9,2025-03-23
IND2027864,Machine Learning,Data Scientist,Remote,Remote,Fresher (0-1 yr),Hybrid,5.9,2025-03-23
IND2027864,NLP,Data Scientist,Remote,Remote,Fresher (0-1 yr),Hybrid,5.9,2025-03-23
IND2027872,Requirements Gathering,Business Analyst,Kochi,Tier 2,Mid (3-6 yrs),On-Site,21.7,2026-04-10
IND2027872,Excel,Business Analyst,Kochi,Tier 2,Mid (3-6 yrs),On-Site,21.7,2026-04-10
IND2027872,Agile,Business Analyst,Kochi,Tier 2,Mid (3-6 yrs),On-Site,21.7,2026-04-10
IND2027889,Requirements Gathering,Business Analyst,Delhi,Tier 1,Junior (1-3 yrs),Hybrid,11.5,2025-09-20
IND2027889,Power BI,Business Analyst,Delhi,Tier 1,Junior (1-3 yrs),Hybrid,11.5,2025-09-20
IND2027889,SQL,Business Analyst,Delhi,Tier 1,Junior (1-3 yrs),Hybrid,11.5,2025-09-20
IND2027889,Excel,Business Analyst,Delhi,Tier 1,Junior (1-3 yrs),Hybrid,11.5,2025-09-20
IND2027889,Agile,Business Analyst,Delhi,Tier 1,Junior (1-3 yrs),Hybrid,11.5,2025-09-20
IND2027897,Python,Data Scientist,Remote,Remote,Fresher (0-1 yr),Remote,5.5,2026-04-22
IND2027897,NLP,Data Scientist,Remote,Remote,Fresher (0-1 yr),Remote,5.5,2026-04-22
IND2027897,Pandas,Data Scientist,Remote,Remote,Fresher (0-1 yr),Remote,5.5,2026-04-22
IND2027897,Scikit-learn,Data Scientist,Remote,Remote,Fresher (0-1 yr),Remote,5.5,2026-04-22
IND2027897,TensorFlow,Data Scientist,Remote,Remote,Fresher (0-1 yr),Remote,5.5,2026-04-22
IND2027897,SQL,Data Scientist,Remote,Remote,Fresher (0-1 yr),Remote,5.5,2026-04-22
IND2027898,Statistics,Data Analyst,Remote,Remote,Lead (10+ yrs),On-Site,53.3,2025-08-27
IND2027898,Power BI,Data Analyst,Remote,Remote,Lead (10+ yrs),On-Site,53.3,2025-08-27
IND2027898,Python,Data Analyst,Remote,Remote,Lead (10+ yrs),On-Site,53.3,2025-08-27
IND2027898,Data Visualization,Data Analyst,Remote,Remote,Lead (10+ yrs),On-Site,53.3,2025-08-27
IND2027898,SQL,Data Analyst,Remote,Remote,Lead (10+ yrs),On-Site,53.3,2025-08-27
IND2027898,Tableau,Data Analyst,Remote,Remote,Lead (10+ yrs),On-Site,53.3,2025-08-27
IND2027909,AWS,Data Engineer,Chennai,Tier 1,Fresher (0-1 yr),On-Site,5.4,2025-12-06
IND2027909,Python,Data Engineer,Chennai,Tier 1,Fresher (0-1 yr),On-Site,5.4,2025-12-06
IND2027909,dbt,Data Engineer,Chennai,Tier 1,Fresher (0-1 yr),On-Site,5.4,2025-12-06
IND2027909,Kafka,Data Engineer,Chennai,Tier 1,Fresher (0-1 yr),On-Site,5.4,2025-12-06
IND2027909,Spark,Data Engineer,Chennai,Tier 1,Fresher (0-1 yr),On-Site,5.4,2025-12-06
IND2027909,ETL,Data Engineer,Chennai,Tier 1,Fresher (0-1 yr),On-Site,5.4,2025-12-06
IND2027911,Excel,Business Analyst,Pune,Tier 1,Lead (10+ yrs),Hybrid,46.3,2025-09-19
IND2027911,SQL,Business Analyst,Pune,Tier 1,Lead (10+ yrs),Hybrid,46.3,2025-09-19
IND2027911,Agile,Business Analyst,Pune,Tier 1,Lead (10+ yrs),Hybrid,46.3,2025-09-19
IND2027911,Power BI,Business Analyst,Pune,Tier 1,Lead (10+ yrs),Hybrid,46.3,2025-09-19
IND2027915,Excel,Data Analyst,Pune,Tier 1,Senior (6-10 yrs),On-Site,41.5,2025-05-24
IND2027915,Statistics,Data Analyst,Pune,Tier 1,Senior (6-10 yrs),On-Site,41.5,2025-05-24
IND2027915,Power BI,Data Analyst,Pune,Tier 1,Senior (6-10 yrs),On-Site,41.5,2025-05-24
IND2027915,Data Visualization,Data Analyst,Pune,Tier 1,Senior (6-10 yrs),On-Site,41.5,2025-05-24
IND2027915,SQL,Data Analyst,Pune,Tier 1,Senior (6-10 yrs),On-Site,41.5,2025-05-24
IND2027915,Tableau,Data Analyst,Pune,Tier 1,Senior (6-10 yrs),On-Site,41.5,2025-05-24
IND2027929,Excel,Data Analyst,Hyderabad,Tier 1,Mid (3-6 yrs),On-Site,22.9,2025-11-25
IND2027929,Tableau,Data Analyst,Hyderabad,Tier 1,Mid (3-6 yrs),On-Site,22.9,2025-11-25
IND2027929,Data Visualization,Data Analyst,Hyderabad,Tier 1,Mid (3-6 yrs),On-Site,22.9,2025-11-25
IND2027929,Python,Data Analyst,Hyderabad,Tier 1,Mid (3-6 yrs),On-Site,22.9,2025-11-25
IND2027929,Statistics,Data Analyst,Hyderabad,Tier 1,Mid (3-6 yrs),On-Site,22.9,2025-11-25
IND2027940,Spark,Data Engineer,Chennai,Tier 1,Mid (3-6 yrs),On-Site,21.5,2026-01-28
IND2027940,dbt,Data Engineer,Chennai,Tier 1,Mid (3-6 yrs),On-Site,21.5,2026-01-28
IND2027940,Airflow,Data Engineer,Chennai,Tier 1,Mid (3-6 yrs),On-Site,21.5,2026-01-28
IND2027940,AWS,Data Engineer,Chennai,Tier 1,Mid (3-6 yrs),On-Site,21.5,2026-01-28
IND2027940,SQL,Data Engineer,Chennai,Tier 1,Mid (3-6 yrs),On-Site,21.5,2026-01-28
IND2027944,Pandas,Data Scientist,Remote,Remote,Fresher (0-1 yr),Remote,7.7,2026-02-01
IND2027944,Tableau,Data Scientist,Remote,Remote,Fresher (0-1 yr),Remote,7.7,2026-02-01
IND2027944,Python,Data Scientist,Remote,Remote,Fresher (0-1 yr),Remote,7.7,2026-02-01
IND2027944,SQL,Data Scientist,Remote,Remote,Fresher (0-1 yr),Remote,7.7,2026-02-01
IND2027944,Statistics,Data Scientist,Remote,Remote,Fresher (0-1 yr),Remote,7.7,2026-02-01
IND2027945,JIRA,Business Analyst,Mumbai,Tier 1,Fresher (0-1 yr),On-Site,4.2,2025-10-31
IND2027945,Agile,Business Analyst,Mumbai,Tier 1,Fresher (0-1 yr),On-Site,4.2,2025-10-31
IND2027945,Requirements Gathering,Business Analyst,Mumbai,Tier 1,Fresher (0-1 yr),On-Site,4.2,2025-10-31
IND2027945,Excel,Business Analyst,Mumbai,Tier 1,Fresher (0-1 yr),On-Site,4.2,2025-10-31
IND2027953,Excel,Data Analyst,Delhi,Tier 1,Mid (3-6 yrs),Hybrid,23.6,2024-10-04
IND2027953,Power BI,Data Analyst,Delhi,Tier 1,Mid (3-6 yrs),Hybrid,23.6,2024-10-04
IND2027953,SQL,Data Analyst,Delhi,Tier 1,Mid (3-6 yrs),Hybrid,23.6,2024-10-04
IND2027953,Python,Data Analyst,Delhi,Tier 1,Mid (3-6 yrs),Hybrid,23.6,2024-10-04
IND2027962,SQL,Business Analyst,Mumbai,Tier 1,Junior (1-3 yrs),On-Site,8.9,2025-12-09
IND2027962,Agile,Business Analyst,Mumbai,Tier 1,Junior (1-3 yrs),On-Site,8.9,2025-12-09
IND2027962,Excel,Business Analyst,Mumbai,Tier 1,Junior (1-3 yrs),On-Site,8.9,2025-12-09
IND2027962,Power BI,Business Analyst,Mumbai,Tier 1,Junior (1-3 yrs),On-Site,8.9,2025-12-09
IND2027962,JIRA,Business Analyst,Mumbai,Tier 1,Junior (1-3 yrs),On-Site,8.9,2025-12-09
IND2027962,Requirements Gathering,Business Analyst,Mumbai,Tier 1,Junior (1-3 yrs),On-Site,8.9,2025-12-09
IND2027965,Excel,Business Analyst,Kochi,Tier 2,Senior (6-10 yrs),On-Site,2.5,2025-11-20
IND2027965,SQL,Business Analyst,Kochi,Tier 2,Senior (6-10 yrs),On-Site,2.5,2025-11-20
IND2027965,JIRA,Business Analyst,Kochi,Tier 2,Senior (6-10 yrs),On-Site,2.5,2025-11-20
IND2027965,Requirements Gathering,Business Analyst,Kochi,Tier 2,Senior (6-10 yrs),On-Site,2.5,2025-11-20
IND2027965,Power BI,Business Analyst,Kochi,Tier 2,Senior (6-10 yrs),On-Site,2.5,2025-11-20
IND2027965,Agile,Business Analyst,Kochi,Tier 2,Senior (6-10 yrs),On-Site,2.5,2025-11-20
IND2027975,ETL,Data Engineer,Nagpur,Tier 2,Fresher (0-1 yr),On-Site,3.2,2025-03-07
IND2027975,Python,Data Engineer,Nagpur,Tier 2,Fresher (0-1 yr),On-Site,3.2,2025-03-07
IND2027975,Airflow,Data Engineer,Nagpur,Tier 2,Fresher (0-1 yr),On-Site,3.2,2025-03-07
IND2027975,AWS,Data Engineer,Nagpur,Tier 2,Fresher (0-1 yr),On-Site,3.2,2025-03-07
IND2027975,SQL,Data Engineer,Nagpur,Tier 2,Fresher (0-1 yr),On-Site,3.2,2025-03-07
IND2027975,Spark,Data Engineer,Nagpur,Tier 2,Fresher (0-1 yr),On-Site,3.2,2025-03-07
IND2027977,Deep Learning,Data Scientist,Mumbai,Tier 1,Mid (3-6 yrs),On-Site,14.9,2024-10-02
IND2027977,Machine Learning,Data Scientist,Mumbai,Tier 1,Mid (3-6 yrs),On-Site,14.9,2024-10-02
IND2027977,Statistics,Data Scientist,Mumbai,Tier 1,Mid (3-6 yrs),On-Site,14.9,2024-10-02
IND2027977,Python,Data Scientist,Mumbai,Tier 1,Mid (3-6 yrs),On-Site,14.9,2024-10-02
IND2027987,Airflow,Data Engineer,Remote,Remote,Fresher (0-1 yr),Remote,5.1,2026-02-02
IND2027987,Python,Data Engineer,Remote,Remote,Fresher (0-1 yr),Remote,5.1,2026-02-02
IND2027987,Spark,Data Engineer,Remote,Remote,Fresher (0-1 yr),Remote,5.1,2026-02-02
IND2027987,dbt,Data Engineer,Remote,Remote,Fresher (0-1 yr),Remote,5.1,2026-02-02
IND2027987,ETL,Data Engineer,Remote,Remote,Fresher (0-1 yr),Remote,5.1,2026-02-02
IND2027987,SQL,Data Engineer,Remote,Remote,Fresher (0-1 yr),Remote,5.1,2026-02-02
IND2027989,Spark,Data Engineer,Remote,Remote,Mid (3-6 yrs),Remote,25.1,2025-07-18
IND2027989,SQL,Data Engineer,Remote,Remote,Mid (3-6 yrs),Remote,25.1,2025-07-18
IND2027989,Kafka,Data Engineer,Remote,Remote,Mid (3-6 yrs),Remote,25.1,2025-07-18
IND2027989,Python,Data Engineer,Remote,Remote,Mid (3-6 yrs),Remote,25.1,2025-07-18
IND2027989,AWS,Data Engineer,Remote,Remote,Mid (3-6 yrs),Remote,25.1,2025-07-18
IND2027991,Statistics,Data Analyst,Ahmedabad,Tier 2,Mid (3-6 yrs),On-Site,12.6,2024-06-13
IND2027991,Python,Data Analyst,Ahmedabad,Tier 2,Mid (3-6 yrs),On-Site,12.6,2024-06-13
IND2027991,Power BI,Data Analyst,Ahmedabad,Tier 2,Mid (3-6 yrs),On-Site,12.6,2024-06-13
IND2027991,Data Visualization,Data Analyst,Ahmedabad,Tier 2,Mid (3-6 yrs),On-Site,12.6,2024-06-13
IND2027991,Tableau,Data Analyst,Ahmedabad,Tier 2,Mid (3-6 yrs),On-Site,12.6,2024-06-13
IND2027992,ETL,Data Engineer,Hyderabad,Tier 1,Fresher (0-1 yr),Hybrid,5.2,2025-07-22
IND2027992,Kafka,Data Engineer,Hyderabad,Tier 1,Fresher (0-1 yr),Hybrid,5.2,2025-07-22
IND2027992,Python,Data Engineer,Hyderabad,Tier 1,Fresher (0-1 yr),Hybrid,5.2,2025-07-22
IND2027994,Power BI,Data Analyst,Delhi,Tier 1,Fresher (0-1 yr),Hybrid,4.9,2024-08-12
IND2027994,SQL,Data Analyst,Delhi,Tier 1,Fresher (0-1 yr),Hybrid,4.9,2024-08-12
IND2027994,Data Visualization,Data Analyst,Delhi,Tier 1,Fresher (0-1 yr),Hybrid,4.9,2024-08-12
IND2027994,Python,Data Analyst,Delhi,Tier 1,Fresher (0-1 yr),Hybrid,4.9,2024-08-12
IND2027994,Tableau,Data Analyst,Delhi,Tier 1,Fresher (0-1 yr),Hybrid,4.9,2024-08-12
IND2027994,Excel,Data Analyst,Delhi,Tier 1,Fresher (0-1 yr),Hybrid,4.9,2024-08-12
IND2027999,Python,Data Analyst,Chandigarh,Tier 2,Junior (1-3 yrs),Hybrid,13.5,2025-05-14
IND2027999,Statistics,Data Analyst,Chandigarh,Tier 2,Junior (1-3 yrs),Hybrid,13.5,2025-05-14
IND2027999,Power BI,Data Analyst,Chandigarh,Tier 2,Junior (1-3 yrs),Hybrid,13.5,2025-05-14
IND2028000,AWS,Data Engineer,Pune,Tier 1,Junior (1-3 yrs),Hybrid,13.6,2024-11-01
IND2028000,Airflow,Data Engineer,Pune,Tier 1,Junior (1-3 yrs),Hybrid,13.6,2024-11-01
IND2028000,Kafka,Data Engineer,Pune,Tier 1,Junior (1-3 yrs),Hybrid,13.6,2024-11-01
IND2028007,Requirements Gathering,Business Analyst,Hyderabad,Tier 1,Senior (6-10 yrs),Hybrid,23.6,2025-02-27
IND2028007,SQL,Business Analyst,Hyderabad,Tier 1,Senior (6-10 yrs),Hybrid,23.6,2025-02-27
IND2028007,Excel,Business Analyst,Hyderabad,Tier 1,Senior (6-10 yrs),Hybrid,23.6,2025-02-27
IND2028007,JIRA,Business Analyst,Hyderabad,Tier 1,Senior (6-10 yrs),Hybrid,23.6,2025-02-27
IND2028007,Power BI,Business Analyst,Hyderabad,Tier 1,Senior (6-10 yrs),Hybrid,23.6,2025-02-27
IND2028010,Machine Learning,Data Scientist,Remote,Remote,Junior (1-3 yrs),Remote,13.4,2025-02-24
IND2028010,SQL,Data Scientist,Remote,Remote,Junior (1-3 yrs),Remote,13.4,2025-02-24
IND2028010,NLP,Data Scientist,Remote,Remote,Junior (1-3 yrs),Remote,13.4,2025-02-24
IND2028013,TensorFlow,Data Scientist,Remote,Remote,Junior (1-3 yrs),Remote,10.6,2025-08-18
IND2028013,Machine Learning,Data Scientist,Remote,Remote,Junior (1-3 yrs),Remote,10.6,2025-08-18
IND2028013,Pandas,Data Scientist,Remote,Remote,Junior (1-3 yrs),Remote,10.6,2025-08-18
IND2028013,Deep Learning,Data Scientist,Remote,Remote,Junior (1-3 yrs),Remote,10.6,2025-08-18
IND2028013,NLP,Data Scientist,Remote,Remote,Junior (1-3 yrs),Remote,10.6,2025-08-18
IND2028023,Excel,Business Analyst,Mumbai,Tier 1,Lead (10+ yrs),On-Site,58.2,2024-08-03
IND2028023,Power BI,Business Analyst,Mumbai,Tier 1,Lead (10+ yrs),On-Site,58.2,2024-08-03
IND2028023,Requirements Gathering,Business Analyst,Mumbai,Tier 1,Lead (10+ yrs),On-Site,58.2,2024-08-03
IND2028023,JIRA,Business Analyst,Mumbai,Tier 1,Lead (10+ yrs),On-Site,58.2,2024-08-03
IND2028023,Agile,Business Analyst,Mumbai,Tier 1,Lead (10+ yrs),On-Site,58.2,2024-08-03
IND2028023,SQL,Business Analyst,Mumbai,Tier 1,Lead (10+ yrs),On-Site,58.2,2024-08-03
IND2028027,dbt,Data Engineer,Pune,Tier 1,Mid (3-6 yrs),Hybrid,22.1,2025-05-31
IND2028027,SQL,Data Engineer,Pune,Tier 1,Mid (3-6 yrs),Hybrid,22.1,2025-05-31
IND2028027,Spark,Data Engineer,Pune,Tier 1,Mid (3-6 yrs),Hybrid,22.1,2025-05-31
IND2028027,Python,Data Engineer,Pune,Tier 1,Mid (3-6 yrs),Hybrid,22.1,2025-05-31
IND2028038,SQL,Data Scientist,Hyderabad,Tier 1,Junior (1-3 yrs),Hybrid,6.6,2025-10-19
IND2028038,Statistics,Data Scientist,Hyderabad,Tier 1,Junior (1-3 yrs),Hybrid,6.6,2025-10-19
IND2028038,Deep Learning,Data Scientist,Hyderabad,Tier 1,Junior (1-3 yrs),Hybrid,6.6,2025-10-19
IND2028038,Python,Data Scientist,Hyderabad,Tier 1,Junior (1-3 yrs),Hybrid,6.6,2025-10-19
IND2028038,Machine Learning,Data Scientist,Hyderabad,Tier 1,Junior (1-3 yrs),Hybrid,6.6,2025-10-19
IND2028038,TensorFlow,Data Scientist,Hyderabad,Tier 1,Junior (1-3 yrs),Hybrid,6.6,2025-10-19
IND2028040,Airflow,Data Engineer,Remote,Remote,Senior (6-10 yrs),On-Site,2.3,2026-03-18
IND2028040,ETL,Data Engineer,Remote,Remote,Senior (6-10 yrs),On-Site,2.3,2026-03-18
IND2028040,dbt,Data Engineer,Remote,Remote,Senior (6-10 yrs),On-Site,2.3,2026-03-18
IND2028040,AWS,Data Engineer,Remote,Remote,Senior (6-10 yrs),On-Site,2.3,2026-03-18
IND2028045,Python,Data Engineer,Coimbatore,Tier 2,Senior (6-10 yrs),Hybrid,35.3,2025-07-16
IND2028045,SQL,Data Engineer,Coimbatore,Tier 2,Senior (6-10 yrs),Hybrid,35.3,2025-07-16
IND2028045,Kafka,Data Engineer,Coimbatore,Tier 2,Senior (6-10 yrs),Hybrid,35.3,2025-07-16
IND2028045,Airflow,Data Engineer,Coimbatore,Tier 2,Senior (6-10 yrs),Hybrid,35.3,2025-07-16
IND2028050,Tableau,Data Analyst,Remote,Remote,Mid (3-6 yrs),Hybrid,15.7,2025-07-05
IND2028050,Power BI,Data Analyst,Remote,Remote,Mid (3-6 yrs),Hybrid,15.7,2025-07-05
IND2028050,Excel,Data Analyst,Remote,Remote,Mid (3-6 yrs),Hybrid,15.7,2025-07-05
IND2028054,Tableau,Data Analyst,Pune,Tier 1,Mid (3-6 yrs),On-Site,22.3,2024-08-17
IND2028054,Python,Data Analyst,Pune,Tier 1,Mid (3-6 yrs),On-Site,22.3,2024-08-17
IND2028054,SQL,Data Analyst,Pune,Tier 1,Mid (3-6 yrs),On-Site,22.3,2024-08-17
IND2028054,Data Visualization,Data Analyst,Pune,Tier 1,Mid (3-6 yrs),On-Site,22.3,2024-08-17
IND2028054,Excel,Data Analyst,Pune,Tier 1,Mid (3-6 yrs),On-Site,22.3,2024-08-17
IND2028054,Power BI,Data Analyst,Pune,Tier 1,Mid (3-6 yrs),On-Site,22.3,2024-08-17
IND2028055,dbt,Data Engineer,Remote,Remote,Senior (6-10 yrs),On-Site,41.8,2025-06-26
IND2028055,Kafka,Data Engineer,Remote,Remote,Senior (6-10 yrs),On-Site,41.8,2025-06-26
IND2028055,AWS,Data Engineer,Remote,Remote,Senior (6-10 yrs),On-Site,41.8,2025-06-26
IND2028055,Spark,Data Engineer,Remote,Remote,Senior (6-10 yrs),On-Site,41.8,2025-06-26
IND2028056,JIRA,Business Analyst,Delhi,Tier 1,Mid (3-6 yrs),Hybrid,11.6,2024-07-24
IND2028056,Power BI,Business Analyst,Delhi,Tier 1,Mid (3-6 yrs),Hybrid,11.6,2024-07-24
IND2028056,Agile,Business Analyst,Delhi,Tier 1,Mid (3-6 yrs),Hybrid,11.6,2024-07-24
IND2028056,Requirements Gathering,Business Analyst,Delhi,Tier 1,Mid (3-6 yrs),Hybrid,11.6,2024-07-24
IND2028056,Excel,Business Analyst,Delhi,Tier 1,Mid (3-6 yrs),Hybrid,11.6,2024-07-24
IND2028056,SQL,Business Analyst,Delhi,Tier 1,Mid (3-6 yrs),Hybrid,11.6,2024-07-24
IND2028069,SQL,Business Analyst,Chandigarh,Tier 2,Junior (1-3 yrs),Hybrid,13.6,2025-09-30
IND2028069,Requirements Gathering,Business Analyst,Chandigarh,Tier 2,Junior (1-3 yrs),Hybrid,13.6,2025-09-30
IND2028069,Power BI,Business Analyst,Chandigarh,Tier 2,Junior (1-3 yrs),Hybrid,13.6,2025-09-30
IND2028069,Agile,Business Analyst,Chandigarh,Tier 2,Junior (1-3 yrs),Hybrid,13.6,2025-09-30
IND2028069,Excel,Business Analyst,Chandigarh,Tier 2,Junior (1-3 yrs),Hybrid,13.6,2025-09-30
IND2028083,Data Visualization,Data Analyst,Bhubaneswar,Tier 2,Lead (10+ yrs),On-Site,65.1,2026-03-09
IND2028083,Statistics,Data Analyst,Bhubaneswar,Tier 2,Lead (10+ yrs),On-Site,65.1,2026-03-09
IND2028083,Tableau,Data Analyst,Bhubaneswar,Tier 2,Lead (10+ yrs),On-Site,65.1,2026-03-09
IND2028087,Scikit-learn,Data Scientist,Mumbai,Tier 1,Fresher (0-1 yr),On-Site,5.0,2025-03-20
IND2028087,Statistics,Data Scientist,Mumbai,Tier 1,Fresher (0-1 yr),On-Site,5.0,2025-03-20
IND2028087,TensorFlow,Data Scientist,Mumbai,Tier 1,Fresher (0-1 yr),On-Site,5.0,2025-03-20
IND2028089,TensorFlow,Data Scientist,Remote,Remote,Junior (1-3 yrs),Remote,10.1,2024-12-29
IND2028089,Tableau,Data Scientist,Remote,Remote,Junior (1-3 yrs),Remote,10.1,2024-12-29
IND2028089,Statistics,Data Scientist,Remote,Remote,Junior (1-3 yrs),Remote,10.1,2024-12-29
IND2028089,SQL,Data Scientist,Remote,Remote,Junior (1-3 yrs),Remote,10.1,2024-12-29
IND2028089,Pandas,Data Scientist,Remote,Remote,Junior (1-3 yrs),Remote,10.1,2024-12-29
IND2028089,Deep Learning,Data Scientist,Remote,Remote,Junior (1-3 yrs),Remote,10.1,2024-12-29
IND2028097,Tableau,Data Analyst,Pune,Tier 1,Junior (1-3 yrs),Hybrid,8.8,2025-09-04
IND2028097,Data Visualization,Data Analyst,Pune,Tier 1,Junior (1-3 yrs),Hybrid,8.8,2025-09-04
IND2028097,SQL,Data Analyst,Pune,Tier 1,Junior (1-3 yrs),Hybrid,8.8,2025-09-04
IND2028097,Python,Data Analyst,Pune,Tier 1,Junior (1-3 yrs),Hybrid,8.8,2025-09-04
IND2028097,Power BI,Data Analyst,Pune,Tier 1,Junior (1-3 yrs),Hybrid,8.8,2025-09-04
IND2028100,Excel,Data Analyst,Delhi,Tier 1,Mid (3-6 yrs),On-Site,1.9,2025-04-24
IND2028100,Data Visualization,Data Analyst,Delhi,Tier 1,Mid (3-6 yrs),On-Site,1.9,2025-04-24
IND2028100,Statistics,Data Analyst,Delhi,Tier 1,Mid (3-6 yrs),On-Site,1.9,2025-04-24
IND2028100,SQL,Data Analyst,Delhi,Tier 1,Mid (3-6 yrs),On-Site,1.9,2025-04-24
IND2028100,Tableau,Data Analyst,Delhi,Tier 1,Mid (3-6 yrs),On-Site,1.9,2025-04-24
IND2028100,Power BI,Data Analyst,Delhi,Tier 1,Mid (3-6 yrs),On-Site,1.9,2025-04-24
IND2028112,SQL,Data Scientist,Mumbai,Tier 1,Mid (3-6 yrs),On-Site,14.4,2025-07-13
IND2028112,Deep Learning,Data Scientist,Mumbai,Tier 1,Mid (3-6 yrs),On-Site,14.4,2025-07-13
IND2028112,Pandas,Data Scientist,Mumbai,Tier 1,Mid (3-6 yrs),On-Site,14.4,2025-07-13
IND2028112,TensorFlow,Data Scientist,Mumbai,Tier 1,Mid (3-6 yrs),On-Site,14.4,2025-07-13
IND2028112,Statistics,Data Scientist,Mumbai,Tier 1,Mid (3-6 yrs),On-Site,14.4,2025-07-13
IND2028118,Pandas,Data Scientist,Remote,Remote,Junior (1-3 yrs),On-Site,10.0,2025-04-28
IND2028118,Scikit-learn,Data Scientist,Remote,Remote,Junior (1-3 yrs),On-Site,10.0,2025-04-28
IND2028118,Statistics,Data Scientist,Remote,Remote,Junior (1-3 yrs),On-Site,10.0,2025-04-28
IND2028118,Deep Learning,Data Scientist,Remote,Remote,Junior (1-3 yrs),On-Site,10.0,2025-04-28
IND2028118,Machine Learning,Data Scientist,Remote,Remote,Junior (1-3 yrs),On-Site,10.0,2025-04-28
IND2028118,TensorFlow,Data Scientist,Remote,Remote,Junior (1-3 yrs),On-Site,10.0,2025-04-28
IND2028120,Agile,Business Analyst,Chennai,Tier 1,Mid (3-6 yrs),On-Site,1.4,2025-09-27
IND2028120,JIRA,Business Analyst,Chennai,Tier 1,Mid (3-6 yrs),On-Site,1.4,2025-09-27
IND2028120,Excel,Business Analyst,Chennai,Tier 1,Mid (3-6 yrs),On-Site,1.4,2025-09-27
IND2028130,Spark,Data Engineer,Pune,Tier 1,Lead (10+ yrs),On-Site,72.9,2025-09-28
IND2028130,Airflow,Data Engineer,Pune,Tier 1,Lead (10+ yrs),On-Site,72.9,2025-09-28
IND2028130,Python,Data Engineer,Pune,Tier 1,Lead (10+ yrs),On-Site,72.9,2025-09-28
IND2028130,ETL,Data Engineer,Pune,Tier 1,Lead (10+ yrs),On-Site,72.9,2025-09-28
IND2028132,SQL,Data Analyst,Hyderabad,Tier 1,Mid (3-6 yrs),On-Site,26.6,2025-12-02
IND2028132,Data Visualization,Data Analyst,Hyderabad,Tier 1,Mid (3-6 yrs),On-Site,26.6,2025-12-02
IND2028132,Excel,Data Analyst,Hyderabad,Tier 1,Mid (3-6 yrs),On-Site,26.6,2025-12-02
IND2028132,Python,Data Analyst,Hyderabad,Tier 1,Mid (3-6 yrs),On-Site,26.6,2025-12-02
IND2028132,Power BI,Data Analyst,Hyderabad,Tier 1,Mid (3-6 yrs),On-Site,26.6,2025-12-02
IND2028136,Excel,Business Analyst,Chennai,Tier 1,Junior (1-3 yrs),On-Site,10.9,2025-05-28
IND2028136,Agile,Business Analyst,Chennai,Tier 1,Junior (1-3 yrs),On-Site,10.9,2025-05-28
IND2028136,Requirements Gathering,Business Analyst,Chennai,Tier 1,Junior (1-3 yrs),On-Site,10.9,2025-05-28
IND2028136,Power BI,Business Analyst,Chennai,Tier 1,Junior (1-3 yrs),On-Site,10.9,2025-05-28
IND2028136,SQL,Business Analyst,Chennai,Tier 1,Junior (1-3 yrs),On-Site,10.9,2025-05-28
IND2028140,Statistics,Data Scientist,Lucknow,Tier 2,Junior (1-3 yrs),On-Site,12.3,2025-05-12
IND2028140,TensorFlow,Data Scientist,Lucknow,Tier 2,Junior (1-3 yrs),On-Site,12.3,2025-05-12
IND2028140,Tableau,Data Scientist,Lucknow,Tier 2,Junior (1-3 yrs),On-Site,12.3,2025-05-12
IND2028140,Deep Learning,Data Scientist,Lucknow,Tier 2,Junior (1-3 yrs),On-Site,12.3,2025-05-12
IND2028140,Python,Data Scientist,Lucknow,Tier 2,Junior (1-3 yrs),On-Site,12.3,2025-05-12
IND2028140,Machine Learning,Data Scientist,Lucknow,Tier 2,Junior (1-3 yrs),On-Site,12.3,2025-05-12
IND2028141,Scikit-learn,Data Scientist,Hyderabad,Tier 1,Mid (3-6 yrs),Hybrid,26.5,2024-11-02
IND2028141,Statistics,Data Scientist,Hyderabad,Tier 1,Mid (3-6 yrs),Hybrid,26.5,2024-11-02
IND2028141,NLP,Data Scientist,Hyderabad,Tier 1,Mid (3-6 yrs),Hybrid,26.5,2024-11-02
IND2028141,Tableau,Data Scientist,Hyderabad,Tier 1,Mid (3-6 yrs),Hybrid,26.5,2024-11-02
IND2028143,Power BI,Data Analyst,Remote,Remote,Senior (6-10 yrs),Remote,39.2,2025-03-14
IND2028143,Statistics,Data Analyst,Remote,Remote,Senior (6-10 yrs),Remote,39.2,2025-03-14
IND2028143,Tableau,Data Analyst,Remote,Remote,Senior (6-10 yrs),Remote,39.2,2025-03-14
IND2028144,JIRA,Business Analyst,Jaipur,Tier 2,Mid (3-6 yrs),Hybrid,16.3,2024-11-08
IND2028144,Requirements Gathering,Business Analyst,Jaipur,Tier 2,Mid (3-6 yrs),Hybrid,16.3,2024-11-08
IND2028144,Excel,Business Analyst,Jaipur,Tier 2,Mid (3-6 yrs),Hybrid,16.3,2024-11-08
IND2028144,SQL,Business Analyst,Jaipur,Tier 2,Mid (3-6 yrs),Hybrid,16.3,2024-11-08
IND2028144,Power BI,Business Analyst,Jaipur,Tier 2,Mid (3-6 yrs),Hybrid,16.3,2024-11-08
IND2028144,Agile,Business Analyst,Jaipur,Tier 2,Mid (3-6 yrs),Hybrid,16.3,2024-11-08
IND2028153,Python,Data Scientist,Mumbai,Tier 1,Lead (10+ yrs),On-Site,80.0,2024-08-13
IND2028153,Scikit-learn,Data Scientist,Mumbai,Tier 1,Lead (10+ yrs),On-Site,80.0,2024-08-13
IND2028153,Pandas,Data Scientist,Mumbai,Tier 1,Lead (10+ yrs),On-Site,80.0,2024-08-13
IND2028153,NLP,Data Scientist,Mumbai,Tier 1,Lead (10+ yrs),On-Site,80.0,2024-08-13
IND2028153,SQL,Data Scientist,Mumbai,Tier 1,Lead (10+ yrs),On-Site,80.0,2024-08-13
IND2028153,TensorFlow,Data Scientist,Mumbai,Tier 1,Lead (10+ yrs),On-Site,80.0,2024-08-13
IND2028155,SQL,Data Analyst,Remote,Remote,Senior (6-10 yrs),Remote,2.3,2026-03-19
IND2028155,Power BI,Data Analyst,Remote,Remote,Senior (6-10 yrs),Remote,2.3,2026-03-19
IND2028155,Python,Data Analyst,Remote,Remote,Senior (6-10 yrs),Remote,2.3,2026-03-19
IND2028155,Data Visualization,Data Analyst,Remote,Remote,Senior (6-10 yrs),Remote,2.3,2026-03-19
IND2028155,Statistics,Data Analyst,Remote,Remote,Senior (6-10 yrs),Remote,2.3,2026-03-19
IND2028155,Excel,Data Analyst,Remote,Remote,Senior (6-10 yrs),Remote,2.3,2026-03-19
IND2028156,Agile,Business Analyst,Remote,Remote,Fresher (0-1 yr),Remote,6.3,2025-12-04
IND2028156,Requirements Gathering,Business Analyst,Remote,Remote,Fresher (0-1 yr),Remote,6.3,2025-12-04
IND2028156,JIRA,Business Analyst,Remote,Remote,Fresher (0-1 yr),Remote,6.3,2025-12-04
IND2028156,Power BI,Business Analyst,Remote,Remote,Fresher (0-1 yr),Remote,6.3,2025-12-04
IND2028156,SQL,Business Analyst,Remote,Remote,Fresher (0-1 yr),Remote,6.3,2025-12-04
IND2028156,Excel,Business Analyst,Remote,Remote,Fresher (0-1 yr),Remote,6.3,2025-12-04
IND2028159,Power BI,Data Analyst,Remote,Remote,Mid (3-6 yrs),Remote,18.8,2025-10-19
IND2028159,Tableau,Data Analyst,Remote,Remote,Mid (3-6 yrs),Remote,18.8,2025-10-19
IND2028159,Python,Data Analyst,Remote,Remote,Mid (3-6 yrs),Remote,18.8,2025-10-19
IND2028162,Spark,Data Engineer,Nagpur,Tier 2,Junior (1-3 yrs),On-Site,8.8,2026-01-11
IND2028162,dbt,Data Engineer,Nagpur,Tier 2,Junior (1-3 yrs),On-Site,8.8,2026-01-11
IND2028162,Kafka,Data Engineer,Nagpur,Tier 2,Junior (1-3 yrs),On-Site,8.8,2026-01-11
IND2028162,AWS,Data Engineer,Nagpur,Tier 2,Junior (1-3 yrs),On-Site,8.8,2026-01-11
IND2028162,Airflow,Data Engineer,Nagpur,Tier 2,Junior (1-3 yrs),On-Site,8.8,2026-01-11
IND2028170,JIRA,Business Analyst,Remote,Remote,Senior (6-10 yrs),Remote,41.4,2025-04-10
IND2028170,Agile,Business Analyst,Remote,Remote,Senior (6-10 yrs),Remote,41.4,2025-04-10
IND2028170,Requirements Gathering,Business Analyst,Remote,Remote,Senior (6-10 yrs),Remote,41.4,2025-04-10
IND2028170,Power BI,Business Analyst,Remote,Remote,Senior (6-10 yrs),Remote,41.4,2025-04-10
IND2028170,Excel,Business Analyst,Remote,Remote,Senior (6-10 yrs),Remote,41.4,2025-04-10
IND2028171,SQL,Data Analyst,Delhi,Tier 1,Lead (10+ yrs),On-Site,62.7,2025-08-14
IND2028171,Tableau,Data Analyst,Delhi,Tier 1,Lead (10+ yrs),On-Site,62.7,2025-08-14
IND2028171,Data Visualization,Data Analyst,Delhi,Tier 1,Lead (10+ yrs),On-Site,62.7,2025-08-14
IND2028171,Power BI,Data Analyst,Delhi,Tier 1,Lead (10+ yrs),On-Site,62.7,2025-08-14
IND2028172,Machine Learning,Data Scientist,Remote,Remote,Senior (6-10 yrs),On-Site,38.2,2025-02-27
IND2028172,Statistics,Data Scientist,Remote,Remote,Senior (6-10 yrs),On-Site,38.2,2025-02-27
IND2028172,Python,Data Scientist,Remote,Remote,Senior (6-10 yrs),On-Site,38.2,2025-02-27
IND2028178,TensorFlow,Data Scientist,Pune,Tier 1,Senior (6-10 yrs),Hybrid,44.4,2024-08-29
IND2028178,Machine Learning,Data Scientist,Pune,Tier 1,Senior (6-10 yrs),Hybrid,44.4,2024-08-29
IND2028178,Python,Data Scientist,Pune,Tier 1,Senior (6-10 yrs),Hybrid,44.4,2024-08-29
IND2028181,Kafka,Data Engineer,Chennai,Tier 1,Mid (3-6 yrs),Hybrid,16.4,2024-09-30
IND2028181,ETL,Data Engineer,Chennai,Tier 1,Mid (3-6 yrs),Hybrid,16.4,2024-09-30
IND2028181,dbt,Data Engineer,Chennai,Tier 1,Mid (3-6 yrs),Hybrid,16.4,2024-09-30
IND2028181,SQL,Data Engineer,Chennai,Tier 1,Mid (3-6 yrs),Hybrid,16.4,2024-09-30
IND2028183,Requirements Gathering,Business Analyst,Remote,Remote,Fresher (0-1 yr),Remote,4.6,2024-12-09
IND2028183,Power BI,Business Analyst,Remote,Remote,Fresher (0-1 yr),Remote,4.6,2024-12-09
IND2028183,Agile,Business Analyst,Remote,Remote,Fresher (0-1 yr),Remote,4.6,2024-12-09
IND2028183,JIRA,Business Analyst,Remote,Remote,Fresher (0-1 yr),Remote,4.6,2024-12-09
IND2028185,Statistics,Data Analyst,Hyderabad,Tier 1,Fresher (0-1 yr),Hybrid,5.9,2024-11-17
IND2028185,Power BI,Data Analyst,Hyderabad,Tier 1,Fresher (0-1 yr),Hybrid,5.9,2024-11-17
IND2028185,SQL,Data Analyst,Hyderabad,Tier 1,Fresher (0-1 yr),Hybrid,5.9,2024-11-17
IND2028185,Python,Data Analyst,Hyderabad,Tier 1,Fresher (0-1 yr),Hybrid,5.9,2024-11-17
IND2028186,SQL,Data Scientist,Chennai,Tier 1,Fresher (0-1 yr),Hybrid,5.7,2024-08-10
IND2028186,Pandas,Data Scientist,Chennai,Tier 1,Fresher (0-1 yr),Hybrid,5.7,2024-08-10
IND2028186,Statistics,Data Scientist,Chennai,Tier 1,Fresher (0-1 yr),Hybrid,5.7,2024-08-10
IND2028186,Python,Data Scientist,Chennai,Tier 1,Fresher (0-1 yr),Hybrid,5.7,2024-08-10
IND2028186,NLP,Data Scientist,Chennai,Tier 1,Fresher (0-1 yr),Hybrid,5.7,2024-08-10
IND2028187,SQL,Data Analyst,Hyderabad,Tier 1,Fresher (0-1 yr),Hybrid,5.5,2025-11-02
IND2028187,Excel,Data Analyst,Hyderabad,Tier 1,Fresher (0-1 yr),Hybrid,5.5,2025-11-02
IND2028187,Data Visualization,Data Analyst,Hyderabad,Tier 1,Fresher (0-1 yr),Hybrid,5.5,2025-11-02
IND2028187,Power BI,Data Analyst,Hyderabad,Tier 1,Fresher (0-1 yr),Hybrid,5.5,2025-11-02
IND2028187,Python,Data Analyst,Hyderabad,Tier 1,Fresher (0-1 yr),Hybrid,5.5,2025-11-02
IND2028187,Tableau,Data Analyst,Hyderabad,Tier 1,Fresher (0-1 yr),Hybrid,5.5,2025-11-02
IND2028191,Data Visualization,Data Analyst,Bhubaneswar,Tier 2,Junior (1-3 yrs),On-Site,14.0,2025-10-21
IND2028191,Power BI,Data Analyst,Bhubaneswar,Tier 2,Junior (1-3 yrs),On-Site,14.0,2025-10-21
IND2028191,Statistics,Data Analyst,Bhubaneswar,Tier 2,Junior (1-3 yrs),On-Site,14.0,2025-10-21
IND2028191,Tableau,Data Analyst,Bhubaneswar,Tier 2,Junior (1-3 yrs),On-Site,14.0,2025-10-21
IND2028196,Airflow,Data Engineer,Remote,Remote,Mid (3-6 yrs),Hybrid,22.6,2024-08-10
IND2028196,Spark,Data Engineer,Remote,Remote,Mid (3-6 yrs),Hybrid,22.6,2024-08-10
IND2028196,dbt,Data Engineer,Remote,Remote,Mid (3-6 yrs),Hybrid,22.6,2024-08-10
IND2028200,Kafka,Data Engineer,Nagpur,Tier 2,Mid (3-6 yrs),On-Site,18.3,2024-06-30
IND2028200,Python,Data Engineer,Nagpur,Tier 2,Mid (3-6 yrs),On-Site,18.3,2024-06-30
IND2028200,AWS,Data Engineer,Nagpur,Tier 2,Mid (3-6 yrs),On-Site,18.3,2024-06-30
IND2028205,Python,Data Analyst,Mumbai,Tier 1,Fresher (0-1 yr),Hybrid,5.9,2026-03-21
IND2028205,Data Visualization,Data Analyst,Mumbai,Tier 1,Fresher (0-1 yr),Hybrid,5.9,2026-03-21
IND2028205,Power BI,Data Analyst,Mumbai,Tier 1,Fresher (0-1 yr),Hybrid,5.9,2026-03-21
IND2028205,Statistics,Data Analyst,Mumbai,Tier 1,Fresher (0-1 yr),Hybrid,5.9,2026-03-21
IND2028205,SQL,Data Analyst,Mumbai,Tier 1,Fresher (0-1 yr),Hybrid,5.9,2026-03-21
IND2028205,Excel,Data Analyst,Mumbai,Tier 1,Fresher (0-1 yr),Hybrid,5.9,2026-03-21
IND2028206,JIRA,Business Analyst,Mumbai,Tier 1,Lead (10+ yrs),On-Site,75.4,2024-09-10
IND2028206,SQL,Business Analyst,Mumbai,Tier 1,Lead (10+ yrs),On-Site,75.4,2024-09-10
IND2028206,Power BI,Business Analyst,Mumbai,Tier 1,Lead (10+ yrs),On-Site,75.4,2024-09-10
IND2028206,Excel,Business Analyst,Mumbai,Tier 1,Lead (10+ yrs),On-Site,75.4,2024-09-10
IND2028208,Tableau,Data Analyst,Hyderabad,Tier 1,Senior (6-10 yrs),On-Site,37.6,2026-03-09
IND2028208,SQL,Data Analyst,Hyderabad,Tier 1,Senior (6-10 yrs),On-Site,37.6,2026-03-09
IND2028208,Data Visualization,Data Analyst,Hyderabad,Tier 1,Senior (6-10 yrs),On-Site,37.6,2026-03-09
IND2028208,Statistics,Data Analyst,Hyderabad,Tier 1,Senior (6-10 yrs),On-Site,37.6,2026-03-09
IND2028223,Python,Data Scientist,Nagpur,Tier 2,Mid (3-6 yrs),On-Site,15.2,2025-04-02
IND2028223,Scikit-learn,Data Scientist,Nagpur,Tier 2,Mid (3-6 yrs),On-Site,15.2,2025-04-02
IND2028223,NLP,Data Scientist,Nagpur,Tier 2,Mid (3-6 yrs),On-Site,15.2,2025-04-02
IND2028223,Statistics,Data Scientist,Nagpur,Tier 2,Mid (3-6 yrs),On-Site,15.2,2025-04-02
IND2028223,TensorFlow,Data Scientist,Nagpur,Tier 2,Mid (3-6 yrs),On-Site,15.2,2025-04-02
IND2028223,Pandas,Data Scientist,Nagpur,Tier 2,Mid (3-6 yrs),On-Site,15.2,2025-04-02
IND2028238,Data Visualization,Data Analyst,Mumbai,Tier 1,Junior (1-3 yrs),On-Site,10.2,2026-03-19
IND2028238,Statistics,Data Analyst,Mumbai,Tier 1,Junior (1-3 yrs),On-Site,10.2,2026-03-19
IND2028238,SQL,Data Analyst,Mumbai,Tier 1,Junior (1-3 yrs),On-Site,10.2,2026-03-19
IND2028238,Tableau,Data Analyst,Mumbai,Tier 1,Junior (1-3 yrs),On-Site,10.2,2026-03-19
IND2028238,Python,Data Analyst,Mumbai,Tier 1,Junior (1-3 yrs),On-Site,10.2,2026-03-19
IND2028246,JIRA,Business Analyst,Remote,Remote,Junior (1-3 yrs),Remote,9.6,2025-03-25
IND2028246,Requirements Gathering,Business Analyst,Remote,Remote,Junior (1-3 yrs),Remote,9.6,2025-03-25
IND2028246,Power BI,Business Analyst,Remote,Remote,Junior (1-3 yrs),Remote,9.6,2025-03-25
IND2028248,SQL,Data Analyst,Pune,Tier 1,Lead (10+ yrs),Hybrid,64.7,2025-03-30
IND2028248,Excel,Data Analyst,Pune,Tier 1,Lead (10+ yrs),Hybrid,64.7,2025-03-30
IND2028248,Python,Data Analyst,Pune,Tier 1,Lead (10+ yrs),Hybrid,64.7,2025-03-30
IND2028248,Data Visualization,Data Analyst,Pune,Tier 1,Lead (10+ yrs),Hybrid,64.7,2025-03-30
IND2028253,SQL,Business Analyst,Bhubaneswar,Tier 2,Lead (10+ yrs),On-Site,2.7,2025-03-01
IND2028253,JIRA,Business Analyst,Bhubaneswar,Tier 2,Lead (10+ yrs),On-Site,2.7,2025-03-01
IND2028253,Power BI,Business Analyst,Bhubaneswar,Tier 2,Lead (10+ yrs),On-Site,2.7,2025-03-01
IND2028253,Requirements Gathering,Business Analyst,Bhubaneswar,Tier 2,Lead (10+ yrs),On-Site,2.7,2025-03-01
IND2028253,Agile,Business Analyst,Bhubaneswar,Tier 2,Lead (10+ yrs),On-Site,2.7,2025-03-01
IND2028253,Excel,Business Analyst,Bhubaneswar,Tier 2,Lead (10+ yrs),On-Site,2.7,2025-03-01
IND2028258,Python,Data Engineer,Remote,Remote,Junior (1-3 yrs),On-Site,6.6,2024-09-26
IND2028258,dbt,Data Engineer,Remote,Remote,Junior (1-3 yrs),On-Site,6.6,2024-09-26
IND2028258,ETL,Data Engineer,Remote,Remote,Junior (1-3 yrs),On-Site,6.6,2024-09-26
IND2028258,Spark,Data Engineer,Remote,Remote,Junior (1-3 yrs),On-Site,6.6,2024-09-26
IND2028258,Kafka,Data Engineer,Remote,Remote,Junior (1-3 yrs),On-Site,6.6,2024-09-26
IND2028258,Airflow,Data Engineer,Remote,Remote,Junior (1-3 yrs),On-Site,6.6,2024-09-26
IND2028259,SQL,Data Analyst,Chennai,Tier 1,Lead (10+ yrs),Hybrid,86.2,2025-09-24
IND2028259,Tableau,Data Analyst,Chennai,Tier 1,Lead (10+ yrs),Hybrid,86.2,2025-09-24
IND2028259,Python,Data Analyst,Chennai,Tier 1,Lead (10+ yrs),Hybrid,86.2,2025-09-24
IND2028259,Power BI,Data Analyst,Chennai,Tier 1,Lead (10+ yrs),Hybrid,86.2,2025-09-24
IND2028263,Data Visualization,Data Analyst,Chandigarh,Tier 2,Mid (3-6 yrs),On-Site,13.1,2025-09-17
IND2028263,Python,Data Analyst,Chandigarh,Tier 2,Mid (3-6 yrs),On-Site,13.1,2025-09-17
IND2028263,Power BI,Data Analyst,Chandigarh,Tier 2,Mid (3-6 yrs),On-Site,13.1,2025-09-17
IND2028263,Excel,Data Analyst,Chandigarh,Tier 2,Mid (3-6 yrs),On-Site,13.1,2025-09-17
IND2028266,Python,Data Analyst,Mumbai,Tier 1,Junior (1-3 yrs),On-Site,10.9,2025-05-31
IND2028266,Tableau,Data Analyst,Mumbai,Tier 1,Junior (1-3 yrs),On-Site,10.9,2025-05-31
IND2028266,Power BI,Data Analyst,Mumbai,Tier 1,Junior (1-3 yrs),On-Site,10.9,2025-05-31
IND2028266,Statistics,Data Analyst,Mumbai,Tier 1,Junior (1-3 yrs),On-Site,10.9,2025-05-31
IND2028266,Excel,Data Analyst,Mumbai,Tier 1,Junior (1-3 yrs),On-Site,10.9,2025-05-31
IND2028269,AWS,Data Engineer,Coimbatore,Tier 2,Mid (3-6 yrs),Hybrid,26.4,2025-04-25
IND2028269,Spark,Data Engineer,Coimbatore,Tier 2,Mid (3-6 yrs),Hybrid,26.4,2025-04-25
IND2028269,SQL,Data Engineer,Coimbatore,Tier 2,Mid (3-6 yrs),Hybrid,26.4,2025-04-25
IND2028269,Airflow,Data Engineer,Coimbatore,Tier 2,Mid (3-6 yrs),Hybrid,26.4,2025-04-25
IND2028269,Python,Data Engineer,Coimbatore,Tier 2,Mid (3-6 yrs),Hybrid,26.4,2025-04-25
IND2028269,ETL,Data Engineer,Coimbatore,Tier 2,Mid (3-6 yrs),Hybrid,26.4,2025-04-25
IND2028275,Data Visualization,Data Analyst,Bhubaneswar,Tier 2,Junior (1-3 yrs),On-Site,11.4,2024-12-20
IND2028275,SQL,Data Analyst,Bhubaneswar,Tier 2,Junior (1-3 yrs),On-Site,11.4,2024-12-20
IND2028275,Excel,Data Analyst,Bhubaneswar,Tier 2,Junior (1-3 yrs),On-Site,11.4,2024-12-20
IND2028275,Power BI,Data Analyst,Bhubaneswar,Tier 2,Junior (1-3 yrs),On-Site,11.4,2024-12-20
IND2028279,Python,Data Engineer,Remote,Remote,Senior (6-10 yrs),Remote,18.8,2025-10-06
IND2028279,Airflow,Data Engineer,Remote,Remote,Senior (6-10 yrs),Remote,18.8,2025-10-06
IND2028279,Spark,Data Engineer,Remote,Remote,Senior (6-10 yrs),Remote,18.8,2025-10-06
IND2028279,ETL,Data Engineer,Remote,Remote,Senior (6-10 yrs),Remote,18.8,2025-10-06
IND2028279,SQL,Data Engineer,Remote,Remote,Senior (6-10 yrs),Remote,18.8,2025-10-06
IND2028283,SQL,Data Analyst,Chennai,Tier 1,Junior (1-3 yrs),Hybrid,1.4,2024-09-21
IND2028283,Tableau,Data Analyst,Chennai,Tier 1,Junior (1-3 yrs),Hybrid,1.4,2024-09-21
IND2028283,Excel,Data Analyst,Chennai,Tier 1,Junior (1-3 yrs),Hybrid,1.4,2024-09-21
IND2028283,Statistics,Data Analyst,Chennai,Tier 1,Junior (1-3 yrs),Hybrid,1.4,2024-09-21
IND2028283,Data Visualization,Data Analyst,Chennai,Tier 1,Junior (1-3 yrs),Hybrid,1.4,2024-09-21
IND2028283,Power BI,Data Analyst,Chennai,Tier 1,Junior (1-3 yrs),Hybrid,1.4,2024-09-21
IND2028298,Data Visualization,Data Analyst,Delhi,Tier 1,Lead (10+ yrs),On-Site,52.3,2025-08-24
IND2028298,Power BI,Data Analyst,Delhi,Tier 1,Lead (10+ yrs),On-Site,52.3,2025-08-24
IND2028298,SQL,Data Analyst,Delhi,Tier 1,Lead (10+ yrs),On-Site,52.3,2025-08-24
IND2028298,Excel,Data Analyst,Delhi,Tier 1,Lead (10+ yrs),On-Site,52.3,2025-08-24
IND2028304,Requirements Gathering,Business Analyst,Mumbai,Tier 1,Mid (3-6 yrs),Hybrid,15.9,2025-04-29
IND2028304,SQL,Business Analyst,Mumbai,Tier 1,Mid (3-6 yrs),Hybrid,15.9,2025-04-29
IND2028304,JIRA,Business Analyst,Mumbai,Tier 1,Mid (3-6 yrs),Hybrid,15.9,2025-04-29
IND2028304,Power BI,Business Analyst,Mumbai,Tier 1,Mid (3-6 yrs),Hybrid,15.9,2025-04-29
IND2028304,Excel,Business Analyst,Mumbai,Tier 1,Mid (3-6 yrs),Hybrid,15.9,2025-04-29
IND2028306,Statistics,Data Scientist,Hyderabad,Tier 1,Senior (6-10 yrs),On-Site,43.1,2025-09-29
IND2028306,Python,Data Scientist,Hyderabad,Tier 1,Senior (6-10 yrs),On-Site,43.1,2025-09-29
IND2028306,Deep Learning,Data Scientist,Hyderabad,Tier 1,Senior (6-10 yrs),On-Site,43.1,2025-09-29
IND2028306,Scikit-learn,Data Scientist,Hyderabad,Tier 1,Senior (6-10 yrs),On-Site,43.1,2025-09-29
IND2028312,Statistics,Data Analyst,Jaipur,Tier 2,Junior (1-3 yrs),On-Site,12.2,2025-01-11
IND2028312,Excel,Data Analyst,Jaipur,Tier 2,Junior (1-3 yrs),On-Site,12.2,2025-01-11
IND2028312,Tableau,Data Analyst,Jaipur,Tier 2,Junior (1-3 yrs),On-Site,12.2,2025-01-11
IND2028312,Power BI,Data Analyst,Jaipur,Tier 2,Junior (1-3 yrs),On-Site,12.2,2025-01-11
IND2028312,Python,Data Analyst,Jaipur,Tier 2,Junior (1-3 yrs),On-Site,12.2,2025-01-11
IND2028318,Pandas,Data Scientist,Remote,Remote,Junior (1-3 yrs),Remote,13.4,2024-11-20
IND2028318,Python,Data Scientist,Remote,Remote,Junior (1-3 yrs),Remote,13.4,2024-11-20
IND2028318,TensorFlow,Data Scientist,Remote,Remote,Junior (1-3 yrs),Remote,13.4,2024-11-20
IND2028318,Machine Learning,Data Scientist,Remote,Remote,Junior (1-3 yrs),Remote,13.4,2024-11-20
IND2028318,Statistics,Data Scientist,Remote,Remote,Junior (1-3 yrs),Remote,13.4,2024-11-20
IND2028341,Excel,Data Analyst,Remote,Remote,Mid (3-6 yrs),On-Site,21.5,2026-03-18
IND2028341,Data Visualization,Data Analyst,Remote,Remote,Mid (3-6 yrs),On-Site,21.5,2026-03-18
IND2028341,Statistics,Data Analyst,Remote,Remote,Mid (3-6 yrs),On-Site,21.5,2026-03-18
IND2028342,TensorFlow,Data Scientist,Remote,Remote,Fresher (0-1 yr),Remote,1.5,2025-11-09
IND2028342,Statistics,Data Scientist,Remote,Remote,Fresher (0-1 yr),Remote,1.5,2025-11-09
IND2028342,Scikit-learn,Data Scientist,Remote,Remote,Fresher (0-1 yr),Remote,1.5,2025-11-09
IND2028342,Python,Data Scientist,Remote,Remote,Fresher (0-1 yr),Remote,1.5,2025-11-09
IND2028342,Pandas,Data Scientist,Remote,Remote,Fresher (0-1 yr),Remote,1.5,2025-11-09
IND2028345,Data Visualization,Data Analyst,Pune,Tier 1,Lead (10+ yrs),On-Site,59.7,2024-10-16
IND2028345,Excel,Data Analyst,Pune,Tier 1,Lead (10+ yrs),On-Site,59.7,2024-10-16
IND2028345,SQL,Data Analyst,Pune,Tier 1,Lead (10+ yrs),On-Site,59.7,2024-10-16
IND2028345,Tableau,Data Analyst,Pune,Tier 1,Lead (10+ yrs),On-Site,59.7,2024-10-16
IND2028345,Power BI,Data Analyst,Pune,Tier 1,Lead (10+ yrs),On-Site,59.7,2024-10-16
IND2028347,SQL,Data Analyst,Pune,Tier 1,Mid (3-6 yrs),Hybrid,20.7,2024-06-19
IND2028347,Power BI,Data Analyst,Pune,Tier 1,Mid (3-6 yrs),Hybrid,20.7,2024-06-19
IND2028347,Statistics,Data Analyst,Pune,Tier 1,Mid (3-6 yrs),Hybrid,20.7,2024-06-19
IND2028347,Excel,Data Analyst,Pune,Tier 1,Mid (3-6 yrs),Hybrid,20.7,2024-06-19
IND2028353,TensorFlow,Data Scientist,Hyderabad,Tier 1,Junior (1-3 yrs),On-Site,11.4,2024-06-04
IND2028353,Machine Learning,Data Scientist,Hyderabad,Tier 1,Junior (1-3 yrs),On-Site,11.4,2024-06-04
IND2028353,SQL,Data Scientist,Hyderabad,Tier 1,Junior (1-3 yrs),On-Site,11.4,2024-06-04
IND2028358,Excel,Business Analyst,Mumbai,Tier 1,Mid (3-6 yrs),On-Site,28.5,2025-09-16
IND2028358,Agile,Business Analyst,Mumbai,Tier 1,Mid (3-6 yrs),On-Site,28.5,2025-09-16
IND2028358,SQL,Business Analyst,Mumbai,Tier 1,Mid (3-6 yrs),On-Site,28.5,2025-09-16
IND2028358,Requirements Gathering,Business Analyst,Mumbai,Tier 1,Mid (3-6 yrs),On-Site,28.5,2025-09-16
IND2028358,Power BI,Business Analyst,Mumbai,Tier 1,Mid (3-6 yrs),On-Site,28.5,2025-09-16
IND2028361,Agile,Business Analyst,Delhi,Tier 1,Fresher (0-1 yr),On-Site,3.7,2024-07-11
IND2028361,Power BI,Business Analyst,Delhi,Tier 1,Fresher (0-1 yr),On-Site,3.7,2024-07-11
IND2028361,JIRA,Business Analyst,Delhi,Tier 1,Fresher (0-1 yr),On-Site,3.7,2024-07-11
IND2028361,Excel,Business Analyst,Delhi,Tier 1,Fresher (0-1 yr),On-Site,3.7,2024-07-11
IND2028367,Spark,Data Engineer,Remote,Remote,Fresher (0-1 yr),Remote,3.7,2025-01-01
IND2028367,Kafka,Data Engineer,Remote,Remote,Fresher (0-1 yr),Remote,3.7,2025-01-01
IND2028367,dbt,Data Engineer,Remote,Remote,Fresher (0-1 yr),Remote,3.7,2025-01-01
IND2028369,Tableau,Data Scientist,Remote,Remote,Mid (3-6 yrs),Remote,23.1,2026-03-16
IND2028369,Deep Learning,Data Scientist,Remote,Remote,Mid (3-6 yrs),Remote,23.1,2026-03-16
IND2028369,Machine Learning,Data Scientist,Remote,Remote,Mid (3-6 yrs),Remote,23.1,2026-03-16
IND2028369,NLP,Data Scientist,Remote,Remote,Mid (3-6 yrs),Remote,23.1,2026-03-16
IND2028374,Pandas,Data Scientist,Hyderabad,Tier 1,Mid (3-6 yrs),On-Site,29.0,2025-03-05
IND2028374,Statistics,Data Scientist,Hyderabad,Tier 1,Mid (3-6 yrs),On-Site,29.0,2025-03-05
IND2028374,NLP,Data Scientist,Hyderabad,Tier 1,Mid (3-6 yrs),On-Site,29.0,2025-03-05
IND2028380,Power BI,Data Analyst,Kolkata,Tier 2,Mid (3-6 yrs),On-Site,22.7,2024-10-02
IND2028380,SQL,Data Analyst,Kolkata,Tier 2,Mid (3-6 yrs),On-Site,22.7,2024-10-02
IND2028380,Excel,Data Analyst,Kolkata,Tier 2,Mid (3-6 yrs),On-Site,22.7,2024-10-02
IND2028380,Statistics,Data Analyst,Kolkata,Tier 2,Mid (3-6 yrs),On-Site,22.7,2024-10-02
IND2028383,Requirements Gathering,Business Analyst,Kolkata,Tier 2,Junior (1-3 yrs),Hybrid,9.9,2025-07-08
IND2028383,Power BI,Business Analyst,Kolkata,Tier 2,Junior (1-3 yrs),Hybrid,9.9,2025-07-08
IND2028383,JIRA,Business Analyst,Kolkata,Tier 2,Junior (1-3 yrs),Hybrid,9.9,2025-07-08
IND2028384,Tableau,Data Scientist,Chennai,Tier 1,Junior (1-3 yrs),On-Site,8.0,2026-01-20
IND2028384,Scikit-learn,Data Scientist,Chennai,Tier 1,Junior (1-3 yrs),On-Site,8.0,2026-01-20
IND2028384,Statistics,Data Scientist,Chennai,Tier 1,Junior (1-3 yrs),On-Site,8.0,2026-01-20
IND2028384,TensorFlow,Data Scientist,Chennai,Tier 1,Junior (1-3 yrs),On-Site,8.0,2026-01-20
IND2028384,SQL,Data Scientist,Chennai,Tier 1,Junior (1-3 yrs),On-Site,8.0,2026-01-20
IND2028384,Machine Learning,Data Scientist,Chennai,Tier 1,Junior (1-3 yrs),On-Site,8.0,2026-01-20
IND2028386,SQL,Data Analyst,Remote,Remote,Mid (3-6 yrs),On-Site,2.6,2026-04-11
IND2028386,Excel,Data Analyst,Remote,Remote,Mid (3-6 yrs),On-Site,2.6,2026-04-11
IND2028386,Power BI,Data Analyst,Remote,Remote,Mid (3-6 yrs),On-Site,2.6,2026-04-11
IND2028386,Data Visualization,Data Analyst,Remote,Remote,Mid (3-6 yrs),On-Site,2.6,2026-04-11
IND2028386,Statistics,Data Analyst,Remote,Remote,Mid (3-6 yrs),On-Site,2.6,2026-04-11
IND2028396,Statistics,Data Analyst,Kolkata,Tier 2,Mid (3-6 yrs),On-Site,20.8,2025-08-23
IND2028396,Power BI,Data Analyst,Kolkata,Tier 2,Mid (3-6 yrs),On-Site,20.8,2025-08-23
IND2028396,Data Visualization,Data Analyst,Kolkata,Tier 2,Mid (3-6 yrs),On-Site,20.8,2025-08-23
IND2028396,SQL,Data Analyst,Kolkata,Tier 2,Mid (3-6 yrs),On-Site,20.8,2025-08-23
IND2028396,Excel,Data Analyst,Kolkata,Tier 2,Mid (3-6 yrs),On-Site,20.8,2025-08-23
IND2028398,Requirements Gathering,Business Analyst,Remote,Remote,Junior (1-3 yrs),Hybrid,8.5,2025-09-02
IND2028398,Agile,Business Analyst,Remote,Remote,Junior (1-3 yrs),Hybrid,8.5,2025-09-02
IND2028398,Excel,Business Analyst,Remote,Remote,Junior (1-3 yrs),Hybrid,8.5,2025-09-02
IND2028398,JIRA,Business Analyst,Remote,Remote,Junior (1-3 yrs),Hybrid,8.5,2025-09-02
IND2028398,Power BI,Business Analyst,Remote,Remote,Junior (1-3 yrs),Hybrid,8.5,2025-09-02
IND2028403,NLP,Data Scientist,Remote,Remote,Junior (1-3 yrs),On-Site,12.1,2024-08-28
IND2028403,TensorFlow,Data Scientist,Remote,Remote,Junior (1-3 yrs),On-Site,12.1,2024-08-28
IND2028403,Deep Learning,Data Scientist,Remote,Remote,Junior (1-3 yrs),On-Site,12.1,2024-08-28
IND2028403,SQL,Data Scientist,Remote,Remote,Junior (1-3 yrs),On-Site,12.1,2024-08-28
IND2028403,Python,Data Scientist,Remote,Remote,Junior (1-3 yrs),On-Site,12.1,2024-08-28
IND2028403,Tableau,Data Scientist,Remote,Remote,Junior (1-3 yrs),On-Site,12.1,2024-08-28
IND2028404,Machine Learning,Data Scientist,Remote,Remote,Junior (1-3 yrs),Hybrid,14.9,2026-03-06
IND2028404,TensorFlow,Data Scientist,Remote,Remote,Junior (1-3 yrs),Hybrid,14.9,2026-03-06
IND2028404,Pandas,Data Scientist,Remote,Remote,Junior (1-3 yrs),Hybrid,14.9,2026-03-06
IND2028404,Scikit-learn,Data Scientist,Remote,Remote,Junior (1-3 yrs),Hybrid,14.9,2026-03-06
IND2028404,Python,Data Scientist,Remote,Remote,Junior (1-3 yrs),Hybrid,14.9,2026-03-06
IND2028409,SQL,Data Engineer,Remote,Remote,Senior (6-10 yrs),Remote,28.8,2024-07-11
IND2028409,Spark,Data Engineer,Remote,Remote,Senior (6-10 yrs),Remote,28.8,2024-07-11
IND2028409,Airflow,Data Engineer,Remote,Remote,Senior (6-10 yrs),Remote,28.8,2024-07-11
IND2028411,Power BI,Data Analyst,Remote,Remote,Junior (1-3 yrs),Remote,1.5,2024-10-13
IND2028411,Statistics,Data Analyst,Remote,Remote,Junior (1-3 yrs),Remote,1.5,2024-10-13
IND2028411,Data Visualization,Data Analyst,Remote,Remote,Junior (1-3 yrs),Remote,1.5,2024-10-13
IND2028415,Tableau,Data Scientist,Pune,Tier 1,Mid (3-6 yrs),Hybrid,13.5,2025-12-10
IND2028415,NLP,Data Scientist,Pune,Tier 1,Mid (3-6 yrs),Hybrid,13.5,2025-12-10
IND2028415,TensorFlow,Data Scientist,Pune,Tier 1,Mid (3-6 yrs),Hybrid,13.5,2025-12-10
IND2028415,Machine Learning,Data Scientist,Pune,Tier 1,Mid (3-6 yrs),Hybrid,13.5,2025-12-10
IND2028415,Pandas,Data Scientist,Pune,Tier 1,Mid (3-6 yrs),Hybrid,13.5,2025-12-10
IND2028415,Python,Data Scientist,Pune,Tier 1,Mid (3-6 yrs),Hybrid,13.5,2025-12-10
IND2028416,Excel,Business Analyst,Remote,Remote,Senior (6-10 yrs),Remote,35.6,2025-06-18
IND2028416,Requirements Gathering,Business Analyst,Remote,Remote,Senior (6-10 yrs),Remote,35.6,2025-06-18
IND2028416,SQL,Business Analyst,Remote,Remote,Senior (6-10 yrs),Remote,35.6,2025-06-18
IND2028416,Agile,Business Analyst,Remote,Remote,Senior (6-10 yrs),Remote,35.6,2025-06-18
IND2028420,Power BI,Data Analyst,Pune,Tier 1,Mid (3-6 yrs),Hybrid,3.1,2025-11-04
IND2028420,Statistics,Data Analyst,Pune,Tier 1,Mid (3-6 yrs),Hybrid,3.1,2025-11-04
IND2028420,Data Visualization,Data Analyst,Pune,Tier 1,Mid (3-6 yrs),Hybrid,3.1,2025-11-04
IND2028420,SQL,Data Analyst,Pune,Tier 1,Mid (3-6 yrs),Hybrid,3.1,2025-11-04
IND2028423,Spark,Data Engineer,Delhi,Tier 1,Fresher (0-1 yr),On-Site,3.2,2025-08-13
IND2028423,Kafka,Data Engineer,Delhi,Tier 1,Fresher (0-1 yr),On-Site,3.2,2025-08-13
IND2028423,Airflow,Data Engineer,Delhi,Tier 1,Fresher (0-1 yr),On-Site,3.2,2025-08-13
IND2028423,SQL,Data Engineer,Delhi,Tier 1,Fresher (0-1 yr),On-Site,3.2,2025-08-13
IND2028424,SQL,Business Analyst,Remote,Remote,Senior (6-10 yrs),Remote,45.6,2024-11-09
IND2028424,JIRA,Business Analyst,Remote,Remote,Senior (6-10 yrs),Remote,45.6,2024-11-09
IND2028424,Agile,Business Analyst,Remote,Remote,Senior (6-10 yrs),Remote,45.6,2024-11-09
IND2028424,Power BI,Business Analyst,Remote,Remote,Senior (6-10 yrs),Remote,45.6,2024-11-09
IND2028424,Requirements Gathering,Business Analyst,Remote,Remote,Senior (6-10 yrs),Remote,45.6,2024-11-09
IND2028424,Excel,Business Analyst,Remote,Remote,Senior (6-10 yrs),Remote,45.6,2024-11-09
IND2028441,Pandas,Data Scientist,Remote,Remote,Senior (6-10 yrs),On-Site,38.7,2024-06-11
IND2028441,Scikit-learn,Data Scientist,Remote,Remote,Senior (6-10 yrs),On-Site,38.7,2024-06-11
IND2028441,Machine Learning,Data Scientist,Remote,Remote,Senior (6-10 yrs),On-Site,38.7,2024-06-11
IND2028441,Statistics,Data Scientist,Remote,Remote,Senior (6-10 yrs),On-Site,38.7,2024-06-11
IND2028442,Deep Learning,Data Scientist,Bangalore,Tier 1,Lead (10+ yrs),On-Site,25.8,2024-06-07
IND2028442,Tableau,Data Scientist,Bangalore,Tier 1,Lead (10+ yrs),On-Site,25.8,2024-06-07
IND2028442,TensorFlow,Data Scientist,Bangalore,Tier 1,Lead (10+ yrs),On-Site,25.8,2024-06-07
IND2028444,Agile,Business Analyst,Remote,Remote,Fresher (0-1 yr),Remote,9.5,2024-09-07
IND2028444,Excel,Business Analyst,Remote,Remote,Fresher (0-1 yr),Remote,9.5,2024-09-07
IND2028444,Requirements Gathering,Business Analyst,Remote,Remote,Fresher (0-1 yr),Remote,9.5,2024-09-07
IND2028444,Power BI,Business Analyst,Remote,Remote,Fresher (0-1 yr),Remote,9.5,2024-09-07
IND2028444,JIRA,Business Analyst,Remote,Remote,Fresher (0-1 yr),Remote,9.5,2024-09-07
IND2028444,SQL,Business Analyst,Remote,Remote,Fresher (0-1 yr),Remote,9.5,2024-09-07
IND2028446,Tableau,Data Scientist,Remote,Remote,Fresher (0-1 yr),On-Site,7.9,2024-08-26
IND2028446,NLP,Data Scientist,Remote,Remote,Fresher (0-1 yr),On-Site,7.9,2024-08-26
IND2028446,Statistics,Data Scientist,Remote,Remote,Fresher (0-1 yr),On-Site,7.9,2024-08-26
IND2028446,Deep Learning,Data Scientist,Remote,Remote,Fresher (0-1 yr),On-Site,7.9,2024-08-26
IND2028453,Spark,Data Engineer,Kochi,Tier 2,Mid (3-6 yrs),Hybrid,22.7,2025-06-14
IND2028453,Python,Data Engineer,Kochi,Tier 2,Mid (3-6 yrs),Hybrid,22.7,2025-06-14
IND2028453,Kafka,Data Engineer,Kochi,Tier 2,Mid (3-6 yrs),Hybrid,22.7,2025-06-14
IND2028454,Agile,Business Analyst,Indore,Tier 2,Senior (6-10 yrs),Hybrid,49.4,2024-11-11
IND2028454,Excel,Business Analyst,Indore,Tier 2,Senior (6-10 yrs),Hybrid,49.4,2024-11-11
IND2028454,Power BI,Business Analyst,Indore,Tier 2,Senior (6-10 yrs),Hybrid,49.4,2024-11-11
IND2028454,Requirements Gathering,Business Analyst,Indore,Tier 2,Senior (6-10 yrs),Hybrid,49.4,2024-11-11
IND2028454,SQL,Business Analyst,Indore,Tier 2,Senior (6-10 yrs),Hybrid,49.4,2024-11-11
IND2028469,SQL,Business Analyst,Remote,Remote,Mid (3-6 yrs),Remote,17.4,2025-10-19
IND2028469,JIRA,Business Analyst,Remote,Remote,Mid (3-6 yrs),Remote,17.4,2025-10-19
IND2028469,Agile,Business Analyst,Remote,Remote,Mid (3-6 yrs),Remote,17.4,2025-10-19
IND2028477,SQL,Data Analyst,Kochi,Tier 2,Junior (1-3 yrs),On-Site,9.8,2026-02-27
IND2028477,Statistics,Data Analyst,Kochi,Tier 2,Junior (1-3 yrs),On-Site,9.8,2026-02-27
IND2028477,Excel,Data Analyst,Kochi,Tier 2,Junior (1-3 yrs),On-Site,9.8,2026-02-27
IND2028477,Data Visualization,Data Analyst,Kochi,Tier 2,Junior (1-3 yrs),On-Site,9.8,2026-02-27
IND2028494,Excel,Business Analyst,Remote,Remote,Junior (1-3 yrs),Remote,10.4,2024-08-18
IND2028494,Agile,Business Analyst,Remote,Remote,Junior (1-3 yrs),Remote,10.4,2024-08-18
IND2028494,JIRA,Business Analyst,Remote,Remote,Junior (1-3 yrs),Remote,10.4,2024-08-18
IND2028498,Airflow,Data Engineer,Bangalore,Tier 1,Senior (6-10 yrs),Hybrid,33.4,2025-08-14
IND2028498,SQL,Data Engineer,Bangalore,Tier 1,Senior (6-10 yrs),Hybrid,33.4,2025-08-14
IND2028498,AWS,Data Engineer,Bangalore,Tier 1,Senior (6-10 yrs),Hybrid,33.4,2025-08-14
IND2028498,dbt,Data Engineer,Bangalore,Tier 1,Senior (6-10 yrs),Hybrid,33.4,2025-08-14
IND2028498,ETL,Data Engineer,Bangalore,Tier 1,Senior (6-10 yrs),Hybrid,33.4,2025-08-14
IND2028498,Spark,Data Engineer,Bangalore,Tier 1,Senior (6-10 yrs),Hybrid,33.4,2025-08-14
IND2028499,AWS,Data Engineer,Remote,Remote,Lead (10+ yrs),Remote,60.3,2024-10-28
IND2028499,Python,Data Engineer,Remote,Remote,Lead (10+ yrs),Remote,60.3,2024-10-28
IND2028499,SQL,Data Engineer,Remote,Remote,Lead (10+ yrs),Remote,60.3,2024-10-28
IND2028499,Spark,Data Engineer,Remote,Remote,Lead (10+ yrs),Remote,60.3,2024-10-28
IND2028510,Machine Learning,Data Scientist,Chennai,Tier 1,Mid (3-6 yrs),Hybrid,22.7,2025-05-11
IND2028510,Statistics,Data Scientist,Chennai,Tier 1,Mid (3-6 yrs),Hybrid,22.7,2025-05-11
IND2028510,NLP,Data Scientist,Chennai,Tier 1,Mid (3-6 yrs),Hybrid,22.7,2025-05-11
IND2028510,Pandas,Data Scientist,Chennai,Tier 1,Mid (3-6 yrs),Hybrid,22.7,2025-05-11
IND2028512,Statistics,Data Scientist,Kolkata,Tier 2,Junior (1-3 yrs),On-Site,17.8,2024-06-28
IND2028512,NLP,Data Scientist,Kolkata,Tier 2,Junior (1-3 yrs),On-Site,17.8,2024-06-28
IND2028512,Tableau,Data Scientist,Kolkata,Tier 2,Junior (1-3 yrs),On-Site,17.8,2024-06-28
IND2028512,Pandas,Data Scientist,Kolkata,Tier 2,Junior (1-3 yrs),On-Site,17.8,2024-06-28
IND2028512,TensorFlow,Data Scientist,Kolkata,Tier 2,Junior (1-3 yrs),On-Site,17.8,2024-06-28
IND2028518,Pandas,Data Scientist,Bangalore,Tier 1,Senior (6-10 yrs),On-Site,30.1,2024-11-13
IND2028518,Tableau,Data Scientist,Bangalore,Tier 1,Senior (6-10 yrs),On-Site,30.1,2024-11-13
IND2028518,Python,Data Scientist,Bangalore,Tier 1,Senior (6-10 yrs),On-Site,30.1,2024-11-13
IND2028518,Scikit-learn,Data Scientist,Bangalore,Tier 1,Senior (6-10 yrs),On-Site,30.1,2024-11-13
IND2028518,Statistics,Data Scientist,Bangalore,Tier 1,Senior (6-10 yrs),On-Site,30.1,2024-11-13
IND2028521,Spark,Data Engineer,Hyderabad,Tier 1,Mid (3-6 yrs),On-Site,17.7,2025-04-01
IND2028521,ETL,Data Engineer,Hyderabad,Tier 1,Mid (3-6 yrs),On-Site,17.7,2025-04-01
IND2028521,dbt,Data Engineer,Hyderabad,Tier 1,Mid (3-6 yrs),On-Site,17.7,2025-04-01
IND2028521,Kafka,Data Engineer,Hyderabad,Tier 1,Mid (3-6 yrs),On-Site,17.7,2025-04-01
IND2028526,Power BI,Data Analyst,Remote,Remote,Mid (3-6 yrs),Remote,27.8,2025-03-03
IND2028526,Data Visualization,Data Analyst,Remote,Remote,Mid (3-6 yrs),Remote,27.8,2025-03-03
IND2028526,Excel,Data Analyst,Remote,Remote,Mid (3-6 yrs),Remote,27.8,2025-03-03
IND2028526,SQL,Data Analyst,Remote,Remote,Mid (3-6 yrs),Remote,27.8,2025-03-03
IND2028534,Python,Data Analyst,Kolkata,Tier 2,Junior (1-3 yrs),Hybrid,6.2,2025-11-07
IND2028534,Power BI,Data Analyst,Kolkata,Tier 2,Junior (1-3 yrs),Hybrid,6.2,2025-11-07
IND2028534,Tableau,Data Analyst,Kolkata,Tier 2,Junior (1-3 yrs),Hybrid,6.2,2025-11-07
IND2028534,SQL,Data Analyst,Kolkata,Tier 2,Junior (1-3 yrs),Hybrid,6.2,2025-11-07
IND2028534,Excel,Data Analyst,Kolkata,Tier 2,Junior (1-3 yrs),Hybrid,6.2,2025-11-07
IND2028545,ETL,Data Engineer,Hyderabad,Tier 1,Lead (10+ yrs),Hybrid,52.4,2025-05-19
IND2028545,Spark,Data Engineer,Hyderabad,Tier 1,Lead (10+ yrs),Hybrid,52.4,2025-05-19
IND2028545,Airflow,Data Engineer,Hyderabad,Tier 1,Lead (10+ yrs),Hybrid,52.4,2025-05-19
IND2028545,dbt,Data Engineer,Hyderabad,Tier 1,Lead (10+ yrs),Hybrid,52.4,2025-05-19
IND2028553,SQL,Business Analyst,Mumbai,Tier 1,Senior (6-10 yrs),On-Site,2.3,2024-09-27
IND2028553,JIRA,Business Analyst,Mumbai,Tier 1,Senior (6-10 yrs),On-Site,2.3,2024-09-27
IND2028553,Agile,Business Analyst,Mumbai,Tier 1,Senior (6-10 yrs),On-Site,2.3,2024-09-27
IND2028553,Requirements Gathering,Business Analyst,Mumbai,Tier 1,Senior (6-10 yrs),On-Site,2.3,2024-09-27
IND2028553,Power BI,Business Analyst,Mumbai,Tier 1,Senior (6-10 yrs),On-Site,2.3,2024-09-27
IND2028554,Python,Data Analyst,Hyderabad,Tier 1,Senior (6-10 yrs),On-Site,32.2,2026-01-01
IND2028554,Excel,Data Analyst,Hyderabad,Tier 1,Senior (6-10 yrs),On-Site,32.2,2026-01-01
IND2028554,Statistics,Data Analyst,Hyderabad,Tier 1,Senior (6-10 yrs),On-Site,32.2,2026-01-01
IND2028554,Power BI,Data Analyst,Hyderabad,Tier 1,Senior (6-10 yrs),On-Site,32.2,2026-01-01
IND2028572,Kafka,Data Engineer,Bhubaneswar,Tier 2,Senior (6-10 yrs),On-Site,37.9,2025-09-30
IND2028572,Airflow,Data Engineer,Bhubaneswar,Tier 2,Senior (6-10 yrs),On-Site,37.9,2025-09-30
IND2028572,Spark,Data Engineer,Bhubaneswar,Tier 2,Senior (6-10 yrs),On-Site,37.9,2025-09-30
IND2028572,AWS,Data Engineer,Bhubaneswar,Tier 2,Senior (6-10 yrs),On-Site,37.9,2025-09-30
IND2028577,Tableau,Data Analyst,Pune,Tier 1,Fresher (0-1 yr),Hybrid,3.9,2024-10-16
IND2028577,Python,Data Analyst,Pune,Tier 1,Fresher (0-1 yr),Hybrid,3.9,2024-10-16
IND2028577,Statistics,Data Analyst,Pune,Tier 1,Fresher (0-1 yr),Hybrid,3.9,2024-10-16
IND2028577,Excel,Data Analyst,Pune,Tier 1,Fresher (0-1 yr),Hybrid,3.9,2024-10-16
IND2028577,Data Visualization,Data Analyst,Pune,Tier 1,Fresher (0-1 yr),Hybrid,3.9,2024-10-16
IND2028577,Power BI,Data Analyst,Pune,Tier 1,Fresher (0-1 yr),Hybrid,3.9,2024-10-16
IND2028580,Statistics,Data Analyst,Jaipur,Tier 2,Senior (6-10 yrs),On-Site,44.4,2025-04-22
IND2028580,Data Visualization,Data Analyst,Jaipur,Tier 2,Senior (6-10 yrs),On-Site,44.4,2025-04-22
IND2028580,Python,Data Analyst,Jaipur,Tier 2,Senior (6-10 yrs),On-Site,44.4,2025-04-22
IND2028580,Excel,Data Analyst,Jaipur,Tier 2,Senior (6-10 yrs),On-Site,44.4,2025-04-22
IND2028586,Power BI,Business Analyst,Chennai,Tier 1,Junior (1-3 yrs),Hybrid,9.4,2024-07-29
IND2028586,Excel,Business Analyst,Chennai,Tier 1,Junior (1-3 yrs),Hybrid,9.4,2024-07-29
IND2028586,Requirements Gathering,Business Analyst,Chennai,Tier 1,Junior (1-3 yrs),Hybrid,9.4,2024-07-29
IND2028586,Agile,Business Analyst,Chennai,Tier 1,Junior (1-3 yrs),Hybrid,9.4,2024-07-29
IND2028586,JIRA,Business Analyst,Chennai,Tier 1,Junior (1-3 yrs),Hybrid,9.4,2024-07-29
IND2028586,SQL,Business Analyst,Chennai,Tier 1,Junior (1-3 yrs),Hybrid,9.4,2024-07-29
IND2028588,Tableau,Data Scientist,Pune,Tier 1,Mid (3-6 yrs),On-Site,19.7,2025-09-21
IND2028588,NLP,Data Scientist,Pune,Tier 1,Mid (3-6 yrs),On-Site,19.7,2025-09-21
IND2028588,Scikit-learn,Data Scientist,Pune,Tier 1,Mid (3-6 yrs),On-Site,19.7,2025-09-21
IND2028588,Python,Data Scientist,Pune,Tier 1,Mid (3-6 yrs),On-Site,19.7,2025-09-21
IND2028588,Deep Learning,Data Scientist,Pune,Tier 1,Mid (3-6 yrs),On-Site,19.7,2025-09-21
IND2028588,Statistics,Data Scientist,Pune,Tier 1,Mid (3-6 yrs),On-Site,19.7,2025-09-21
IND2028604,SQL,Data Analyst,Remote,Remote,Mid (3-6 yrs),Remote,20.9,2025-02-15
IND2028604,Data Visualization,Data Analyst,Remote,Remote,Mid (3-6 yrs),Remote,20.9,2025-02-15
IND2028604,Power BI,Data Analyst,Remote,Remote,Mid (3-6 yrs),Remote,20.9,2025-02-15
IND2028618,SQL,Business Analyst,Nagpur,Tier 2,Lead (10+ yrs),Hybrid,72.5,2025-03-27
IND2028618,Requirements Gathering,Business Analyst,Nagpur,Tier 2,Lead (10+ yrs),Hybrid,72.5,2025-03-27
IND2028618,Agile,Business Analyst,Nagpur,Tier 2,Lead (10+ yrs),Hybrid,72.5,2025-03-27
IND2028618,Excel,Business Analyst,Nagpur,Tier 2,Lead (10+ yrs),Hybrid,72.5,2025-03-27
IND2028627,Python,Data Scientist,Lucknow,Tier 2,Senior (6-10 yrs),Hybrid,65.2,2025-10-30
IND2028627,Statistics,Data Scientist,Lucknow,Tier 2,Senior (6-10 yrs),Hybrid,65.2,2025-10-30
IND2028627,Tableau,Data Scientist,Lucknow,Tier 2,Senior (6-10 yrs),Hybrid,65.2,2025-10-30
IND2028627,NLP,Data Scientist,Lucknow,Tier 2,Senior (6-10 yrs),Hybrid,65.2,2025-10-30
IND2028629,Data Visualization,Data Analyst,Pune,Tier 1,Junior (1-3 yrs),Hybrid,11.7,2025-05-25
IND2028629,Excel,Data Analyst,Pune,Tier 1,Junior (1-3 yrs),Hybrid,11.7,2025-05-25
IND2028629,SQL,Data Analyst,Pune,Tier 1,Junior (1-3 yrs),Hybrid,11.7,2025-05-25
IND2028630,Statistics,Data Scientist,Hyderabad,Tier 1,Fresher (0-1 yr),Hybrid,6.7,2025-06-18
IND2028630,Machine Learning,Data Scientist,Hyderabad,Tier 1,Fresher (0-1 yr),Hybrid,6.7,2025-06-18
IND2028630,Tableau,Data Scientist,Hyderabad,Tier 1,Fresher (0-1 yr),Hybrid,6.7,2025-06-18
IND2028630,NLP,Data Scientist,Hyderabad,Tier 1,Fresher (0-1 yr),Hybrid,6.7,2025-06-18
IND2028632,SQL,Data Analyst,Delhi,Tier 1,Fresher (0-1 yr),On-Site,5.0,2024-07-18
IND2028632,Power BI,Data Analyst,Delhi,Tier 1,Fresher (0-1 yr),On-Site,5.0,2024-07-18
IND2028632,Data Visualization,Data Analyst,Delhi,Tier 1,Fresher (0-1 yr),On-Site,5.0,2024-07-18
IND2028650,Data Visualization,Data Analyst,Chennai,Tier 1,Senior (6-10 yrs),Hybrid,1.7,2025-10-25
IND2028650,Power BI,Data Analyst,Chennai,Tier 1,Senior (6-10 yrs),Hybrid,1.7,2025-10-25
IND2028650,Excel,Data Analyst,Chennai,Tier 1,Senior (6-10 yrs),Hybrid,1.7,2025-10-25
IND2028650,Statistics,Data Analyst,Chennai,Tier 1,Senior (6-10 yrs),Hybrid,1.7,2025-10-25
IND2028650,Tableau,Data Analyst,Chennai,Tier 1,Senior (6-10 yrs),Hybrid,1.7,2025-10-25
IND2028654,Tableau,Data Analyst,Delhi,Tier 1,Fresher (0-1 yr),On-Site,3.9,2025-03-12
IND2028654,Power BI,Data Analyst,Delhi,Tier 1,Fresher (0-1 yr),On-Site,3.9,2025-03-12
IND2028654,Data Visualization,Data Analyst,Delhi,Tier 1,Fresher (0-1 yr),On-Site,3.9,2025-03-12
IND2028654,SQL,Data Analyst,Delhi,Tier 1,Fresher (0-1 yr),On-Site,3.9,2025-03-12
IND2028657,Deep Learning,Data Scientist,Bangalore,Tier 1,Lead (10+ yrs),On-Site,64.9,2024-06-10
IND2028657,NLP,Data Scientist,Bangalore,Tier 1,Lead (10+ yrs),On-Site,64.9,2024-06-10
IND2028657,TensorFlow,Data Scientist,Bangalore,Tier 1,Lead (10+ yrs),On-Site,64.9,2024-06-10
IND2028657,Python,Data Scientist,Bangalore,Tier 1,Lead (10+ yrs),On-Site,64.9,2024-06-10
IND2028657,Tableau,Data Scientist,Bangalore,Tier 1,Lead (10+ yrs),On-Site,64.9,2024-06-10
IND2028671,TensorFlow,Data Scientist,Remote,Remote,Mid (3-6 yrs),On-Site,16.1,2025-12-22
IND2028671,Tableau,Data Scientist,Remote,Remote,Mid (3-6 yrs),On-Site,16.1,2025-12-22
IND2028671,Python,Data Scientist,Remote,Remote,Mid (3-6 yrs),On-Site,16.1,2025-12-22
IND2028671,NLP,Data Scientist,Remote,Remote,Mid (3-6 yrs),On-Site,16.1,2025-12-22
IND2028671,Scikit-learn,Data Scientist,Remote,Remote,Mid (3-6 yrs),On-Site,16.1,2025-12-22
IND2028677,Excel,Business Analyst,Remote,Remote,Senior (6-10 yrs),Hybrid,31.0,2024-12-14
IND2028677,JIRA,Business Analyst,Remote,Remote,Senior (6-10 yrs),Hybrid,31.0,2024-12-14
IND2028677,Agile,Business Analyst,Remote,Remote,Senior (6-10 yrs),Hybrid,31.0,2024-12-14
IND2028677,Power BI,Business Analyst,Remote,Remote,Senior (6-10 yrs),Hybrid,31.0,2024-12-14
IND2028677,Requirements Gathering,Business Analyst,Remote,Remote,Senior (6-10 yrs),Hybrid,31.0,2024-12-14
IND2028683,Excel,Data Analyst,Remote,Remote,Mid (3-6 yrs),Remote,10.2,2024-12-25
IND2028683,Data Visualization,Data Analyst,Remote,Remote,Mid (3-6 yrs),Remote,10.2,2024-12-25
IND2028683,Python,Data Analyst,Remote,Remote,Mid (3-6 yrs),Remote,10.2,2024-12-25
IND2028683,Power BI,Data Analyst,Remote,Remote,Mid (3-6 yrs),Remote,10.2,2024-12-25
IND2028688,Deep Learning,Data Scientist,Mumbai,Tier 1,Fresher (0-1 yr),Hybrid,6.8,2025-10-13
IND2028688,Scikit-learn,Data Scientist,Mumbai,Tier 1,Fresher (0-1 yr),Hybrid,6.8,2025-10-13
IND2028688,Pandas,Data Scientist,Mumbai,Tier 1,Fresher (0-1 yr),Hybrid,6.8,2025-10-13
IND2028692,Kafka,Data Engineer,Hyderabad,Tier 1,Lead (10+ yrs),On-Site,71.6,2025-12-26
IND2028692,AWS,Data Engineer,Hyderabad,Tier 1,Lead (10+ yrs),On-Site,71.6,2025-12-26
IND2028692,Airflow,Data Engineer,Hyderabad,Tier 1,Lead (10+ yrs),On-Site,71.6,2025-12-26
IND2028694,Deep Learning,Data Scientist,Hyderabad,Tier 1,Mid (3-6 yrs),On-Site,26.4,2025-05-17
IND2028694,Scikit-learn,Data Scientist,Hyderabad,Tier 1,Mid (3-6 yrs),On-Site,26.4,2025-05-17
IND2028694,SQL,Data Scientist,Hyderabad,Tier 1,Mid (3-6 yrs),On-Site,26.4,2025-05-17
IND2028694,Python,Data Scientist,Hyderabad,Tier 1,Mid (3-6 yrs),On-Site,26.4,2025-05-17
IND2028694,Machine Learning,Data Scientist,Hyderabad,Tier 1,Mid (3-6 yrs),On-Site,26.4,2025-05-17
IND2028703,AWS,Data Engineer,Kochi,Tier 2,Mid (3-6 yrs),Hybrid,2.4,2025-07-23
IND2028703,ETL,Data Engineer,Kochi,Tier 2,Mid (3-6 yrs),Hybrid,2.4,2025-07-23
IND2028703,dbt,Data Engineer,Kochi,Tier 2,Mid (3-6 yrs),Hybrid,2.4,2025-07-23
IND2028716,SQL,Data Analyst,Remote,Remote,Senior (6-10 yrs),Remote,36.1,2025-09-27
IND2028716,Statistics,Data Analyst,Remote,Remote,Senior (6-10 yrs),Remote,36.1,2025-09-27
IND2028716,Tableau,Data Analyst,Remote,Remote,Senior (6-10 yrs),Remote,36.1,2025-09-27
IND2028716,Power BI,Data Analyst,Remote,Remote,Senior (6-10 yrs),Remote,36.1,2025-09-27
IND2028726,Requirements Gathering,Business Analyst,Ahmedabad,Tier 2,Junior (1-3 yrs),Hybrid,7.3,2025-08-07
IND2028726,Excel,Business Analyst,Ahmedabad,Tier 2,Junior (1-3 yrs),Hybrid,7.3,2025-08-07
IND2028726,JIRA,Business Analyst,Ahmedabad,Tier 2,Junior (1-3 yrs),Hybrid,7.3,2025-08-07
IND2028732,Kafka,Data Engineer,Remote,Remote,Junior (1-3 yrs),Hybrid,10.8,2025-10-28
IND2028732,dbt,Data Engineer,Remote,Remote,Junior (1-3 yrs),Hybrid,10.8,2025-10-28
IND2028732,Spark,Data Engineer,Remote,Remote,Junior (1-3 yrs),Hybrid,10.8,2025-10-28
IND2028732,SQL,Data Engineer,Remote,Remote,Junior (1-3 yrs),Hybrid,10.8,2025-10-28
IND2028732,Python,Data Engineer,Remote,Remote,Junior (1-3 yrs),Hybrid,10.8,2025-10-28
IND2028736,Tableau,Data Scientist,Delhi,Tier 1,Lead (10+ yrs),Hybrid,1.7,2025-06-08
IND2028736,TensorFlow,Data Scientist,Delhi,Tier 1,Lead (10+ yrs),Hybrid,1.7,2025-06-08
IND2028736,NLP,Data Scientist,Delhi,Tier 1,Lead (10+ yrs),Hybrid,1.7,2025-06-08
IND2028737,Python,Data Scientist,Delhi,Tier 1,Fresher (0-1 yr),On-Site,7.7,2026-02-03
IND2028737,Pandas,Data Scientist,Delhi,Tier 1,Fresher (0-1 yr),On-Site,7.7,2026-02-03
IND2028737,Statistics,Data Scientist,Delhi,Tier 1,Fresher (0-1 yr),On-Site,7.7,2026-02-03
IND2028737,Machine Learning,Data Scientist,Delhi,Tier 1,Fresher (0-1 yr),On-Site,7.7,2026-02-03
IND2028737,SQL,Data Scientist,Delhi,Tier 1,Fresher (0-1 yr),On-Site,7.7,2026-02-03
IND2028739,AWS,Data Engineer,Indore,Tier 2,Mid (3-6 yrs),Hybrid,18.5,2025-10-17
IND2028739,Kafka,Data Engineer,Indore,Tier 2,Mid (3-6 yrs),Hybrid,18.5,2025-10-17
IND2028739,dbt,Data Engineer,Indore,Tier 2,Mid (3-6 yrs),Hybrid,18.5,2025-10-17
IND2028741,Data Visualization,Data Analyst,Remote,Remote,Senior (6-10 yrs),Remote,52.8,2024-06-21
IND2028741,Tableau,Data Analyst,Remote,Remote,Senior (6-10 yrs),Remote,52.8,2024-06-21
IND2028741,Excel,Data Analyst,Remote,Remote,Senior (6-10 yrs),Remote,52.8,2024-06-21
IND2028741,SQL,Data Analyst,Remote,Remote,Senior (6-10 yrs),Remote,52.8,2024-06-21
IND2028746,Tableau,Data Scientist,Remote,Remote,Mid (3-6 yrs),On-Site,22.7,2025-12-08
IND2028746,Statistics,Data Scientist,Remote,Remote,Mid (3-6 yrs),On-Site,22.7,2025-12-08
IND2028746,NLP,Data Scientist,Remote,Remote,Mid (3-6 yrs),On-Site,22.7,2025-12-08
IND2028746,Deep Learning,Data Scientist,Remote,Remote,Mid (3-6 yrs),On-Site,22.7,2025-12-08
IND2028746,Scikit-learn,Data Scientist,Remote,Remote,Mid (3-6 yrs),On-Site,22.7,2025-12-08
IND2028755,Tableau,Data Scientist,Mumbai,Tier 1,Fresher (0-1 yr),On-Site,6.0,2026-04-25
IND2028755,Machine Learning,Data Scientist,Mumbai,Tier 1,Fresher (0-1 yr),On-Site,6.0,2026-04-25
IND2028755,Statistics,Data Scientist,Mumbai,Tier 1,Fresher (0-1 yr),On-Site,6.0,2026-04-25
IND2028755,Pandas,Data Scientist,Mumbai,Tier 1,Fresher (0-1 yr),On-Site,6.0,2026-04-25
IND2028756,Requirements Gathering,Business Analyst,Jaipur,Tier 2,Fresher (0-1 yr),On-Site,4.5,2025-09-19
IND2028756,Power BI,Business Analyst,Jaipur,Tier 2,Fresher (0-1 yr),On-Site,4.5,2025-09-19
IND2028756,SQL,Business Analyst,Jaipur,Tier 2,Fresher (0-1 yr),On-Site,4.5,2025-09-19
IND2028756,JIRA,Business Analyst,Jaipur,Tier 2,Fresher (0-1 yr),On-Site,4.5,2025-09-19
IND2028756,Agile,Business Analyst,Jaipur,Tier 2,Fresher (0-1 yr),On-Site,4.5,2025-09-19
IND2028756,Excel,Business Analyst,Jaipur,Tier 2,Fresher (0-1 yr),On-Site,4.5,2025-09-19
IND2028760,Excel,Business Analyst,Pune,Tier 1,Fresher (0-1 yr),Hybrid,6.1,2024-08-23
IND2028760,Requirements Gathering,Business Analyst,Pune,Tier 1,Fresher (0-1 yr),Hybrid,6.1,2024-08-23
IND2028760,JIRA,Business Analyst,Pune,Tier 1,Fresher (0-1 yr),Hybrid,6.1,2024-08-23
IND2028760,SQL,Business Analyst,Pune,Tier 1,Fresher (0-1 yr),Hybrid,6.1,2024-08-23
IND2028760,Agile,Business Analyst,Pune,Tier 1,Fresher (0-1 yr),Hybrid,6.1,2024-08-23
IND2028763,Python,Data Analyst,Mumbai,Tier 1,Senior (6-10 yrs),On-Site,40.6,2025-10-11
IND2028763,Data Visualization,Data Analyst,Mumbai,Tier 1,Senior (6-10 yrs),On-Site,40.6,2025-10-11
IND2028763,SQL,Data Analyst,Mumbai,Tier 1,Senior (6-10 yrs),On-Site,40.6,2025-10-11
IND2028763,Statistics,Data Analyst,Mumbai,Tier 1,Senior (6-10 yrs),On-Site,40.6,2025-10-11
IND2028763,Tableau,Data Analyst,Mumbai,Tier 1,Senior (6-10 yrs),On-Site,40.6,2025-10-11
IND2028763,Excel,Data Analyst,Mumbai,Tier 1,Senior (6-10 yrs),On-Site,40.6,2025-10-11
IND2028768,SQL,Business Analyst,Delhi,Tier 1,Lead (10+ yrs),On-Site,47.5,2025-02-17
IND2028768,Agile,Business Analyst,Delhi,Tier 1,Lead (10+ yrs),On-Site,47.5,2025-02-17
IND2028768,Excel,Business Analyst,Delhi,Tier 1,Lead (10+ yrs),On-Site,47.5,2025-02-17
IND2028775,Excel,Business Analyst,Chennai,Tier 1,Mid (3-6 yrs),Hybrid,26.6,2026-04-08
IND2028775,SQL,Business Analyst,Chennai,Tier 1,Mid (3-6 yrs),Hybrid,26.6,2026-04-08
IND2028775,Agile,Business Analyst,Chennai,Tier 1,Mid (3-6 yrs),Hybrid,26.6,2026-04-08
IND2028775,JIRA,Business Analyst,Chennai,Tier 1,Mid (3-6 yrs),Hybrid,26.6,2026-04-08
IND2028775,Requirements Gathering,Business Analyst,Chennai,Tier 1,Mid (3-6 yrs),Hybrid,26.6,2026-04-08
IND2028775,Power BI,Business Analyst,Chennai,Tier 1,Mid (3-6 yrs),Hybrid,26.6,2026-04-08
IND2028780,Pandas,Data Scientist,Nagpur,Tier 2,Fresher (0-1 yr),Hybrid,2.6,2025-02-04
IND2028780,Statistics,Data Scientist,Nagpur,Tier 2,Fresher (0-1 yr),Hybrid,2.6,2025-02-04
IND2028780,NLP,Data Scientist,Nagpur,Tier 2,Fresher (0-1 yr),Hybrid,2.6,2025-02-04
IND2028780,Machine Learning,Data Scientist,Nagpur,Tier 2,Fresher (0-1 yr),Hybrid,2.6,2025-02-04
IND2028780,Tableau,Data Scientist,Nagpur,Tier 2,Fresher (0-1 yr),Hybrid,2.6,2025-02-04
IND2028784,Tableau,Data Scientist,Bangalore,Tier 1,Fresher (0-1 yr),On-Site,9.8,2025-08-03
IND2028784,Scikit-learn,Data Scientist,Bangalore,Tier 1,Fresher (0-1 yr),On-Site,9.8,2025-08-03
IND2028784,Pandas,Data Scientist,Bangalore,Tier 1,Fresher (0-1 yr),On-Site,9.8,2025-08-03
IND2028788,Requirements Gathering,Business Analyst,Jaipur,Tier 2,Senior (6-10 yrs),On-Site,1.4,2025-05-27
IND2028788,Excel,Business Analyst,Jaipur,Tier 2,Senior (6-10 yrs),On-Site,1.4,2025-05-27
IND2028788,SQL,Business Analyst,Jaipur,Tier 2,Senior (6-10 yrs),On-Site,1.4,2025-05-27
IND2028788,Agile,Business Analyst,Jaipur,Tier 2,Senior (6-10 yrs),On-Site,1.4,2025-05-27
IND2028794,SQL,Data Engineer,Jaipur,Tier 2,Junior (1-3 yrs),Hybrid,6.9,2024-12-06
IND2028794,AWS,Data Engineer,Jaipur,Tier 2,Junior (1-3 yrs),Hybrid,6.9,2024-12-06
IND2028794,Kafka,Data Engineer,Jaipur,Tier 2,Junior (1-3 yrs),Hybrid,6.9,2024-12-06
IND2028794,Airflow,Data Engineer,Jaipur,Tier 2,Junior (1-3 yrs),Hybrid,6.9,2024-12-06
IND2028797,NLP,Data Scientist,Remote,Remote,Fresher (0-1 yr),Hybrid,5.6,2024-10-27
IND2028797,Python,Data Scientist,Remote,Remote,Fresher (0-1 yr),Hybrid,5.6,2024-10-27
IND2028797,Machine Learning,Data Scientist,Remote,Remote,Fresher (0-1 yr),Hybrid,5.6,2024-10-27
IND2028797,Scikit-learn,Data Scientist,Remote,Remote,Fresher (0-1 yr),Hybrid,5.6,2024-10-27
IND2028797,SQL,Data Scientist,Remote,Remote,Fresher (0-1 yr),Hybrid,5.6,2024-10-27
IND2028798,SQL,Data Engineer,Remote,Remote,Fresher (0-1 yr),Remote,5.1,2024-08-15
IND2028798,Airflow,Data Engineer,Remote,Remote,Fresher (0-1 yr),Remote,5.1,2024-08-15
IND2028798,AWS,Data Engineer,Remote,Remote,Fresher (0-1 yr),Remote,5.1,2024-08-15
IND2028798,Kafka,Data Engineer,Remote,Remote,Fresher (0-1 yr),Remote,5.1,2024-08-15
IND2028798,ETL,Data Engineer,Remote,Remote,Fresher (0-1 yr),Remote,5.1,2024-08-15
IND2028805,Power BI,Data Analyst,Pune,Tier 1,Mid (3-6 yrs),On-Site,2.4,2026-02-26
IND2028805,Statistics,Data Analyst,Pune,Tier 1,Mid (3-6 yrs),On-Site,2.4,2026-02-26
IND2028805,SQL,Data Analyst,Pune,Tier 1,Mid (3-6 yrs),On-Site,2.4,2026-02-26
IND2028805,Data Visualization,Data Analyst,Pune,Tier 1,Mid (3-6 yrs),On-Site,2.4,2026-02-26
IND2028816,SQL,Business Analyst,Nagpur,Tier 2,Mid (3-6 yrs),On-Site,16.9,2024-06-05
IND2028816,Requirements Gathering,Business Analyst,Nagpur,Tier 2,Mid (3-6 yrs),On-Site,16.9,2024-06-05
IND2028816,Agile,Business Analyst,Nagpur,Tier 2,Mid (3-6 yrs),On-Site,16.9,2024-06-05
IND2028816,JIRA,Business Analyst,Nagpur,Tier 2,Mid (3-6 yrs),On-Site,16.9,2024-06-05
IND2028816,Excel,Business Analyst,Nagpur,Tier 2,Mid (3-6 yrs),On-Site,16.9,2024-06-05
IND2028819,JIRA,Business Analyst,Jaipur,Tier 2,Mid (3-6 yrs),On-Site,17.7,2025-05-08
IND2028819,Requirements Gathering,Business Analyst,Jaipur,Tier 2,Mid (3-6 yrs),On-Site,17.7,2025-05-08
IND2028819,Excel,Business Analyst,Jaipur,Tier 2,Mid (3-6 yrs),On-Site,17.7,2025-05-08
IND2028819,Agile,Business Analyst,Jaipur,Tier 2,Mid (3-6 yrs),On-Site,17.7,2025-05-08
IND2028819,SQL,Business Analyst,Jaipur,Tier 2,Mid (3-6 yrs),On-Site,17.7,2025-05-08
IND2028824,Tableau,Data Scientist,Remote,Remote,Senior (6-10 yrs),Hybrid,39.5,2025-02-23
IND2028824,Pandas,Data Scientist,Remote,Remote,Senior (6-10 yrs),Hybrid,39.5,2025-02-23
IND2028824,Statistics,Data Scientist,Remote,Remote,Senior (6-10 yrs),Hybrid,39.5,2025-02-23
IND2028824,NLP,Data Scientist,Remote,Remote,Senior (6-10 yrs),Hybrid,39.5,2025-02-23
IND2028824,Machine Learning,Data Scientist,Remote,Remote,Senior (6-10 yrs),Hybrid,39.5,2025-02-23
IND2028824,SQL,Data Scientist,Remote,Remote,Senior (6-10 yrs),Hybrid,39.5,2025-02-23
IND2028826,Excel,Business Analyst,Remote,Remote,Mid (3-6 yrs),Remote,20.4,2026-03-08
IND2028826,Power BI,Business Analyst,Remote,Remote,Mid (3-6 yrs),Remote,20.4,2026-03-08
IND2028826,JIRA,Business Analyst,Remote,Remote,Mid (3-6 yrs),Remote,20.4,2026-03-08
IND2028826,Requirements Gathering,Business Analyst,Remote,Remote,Mid (3-6 yrs),Remote,20.4,2026-03-08
IND2028826,Agile,Business Analyst,Remote,Remote,Mid (3-6 yrs),Remote,20.4,2026-03-08
IND2028833,Excel,Business Analyst,Bangalore,Tier 1,Lead (10+ yrs),On-Site,52.5,2024-12-23
IND2028833,Power BI,Business Analyst,Bangalore,Tier 1,Lead (10+ yrs),On-Site,52.5,2024-12-23
IND2028833,Agile,Business Analyst,Bangalore,Tier 1,Lead (10+ yrs),On-Site,52.5,2024-12-23
IND2028833,SQL,Business Analyst,Bangalore,Tier 1,Lead (10+ yrs),On-Site,52.5,2024-12-23
IND2028833,JIRA,Business Analyst,Bangalore,Tier 1,Lead (10+ yrs),On-Site,52.5,2024-12-23
IND2028833,Requirements Gathering,Business Analyst,Bangalore,Tier 1,Lead (10+ yrs),On-Site,52.5,2024-12-23
IND2028836,SQL,Data Analyst,Chennai,Tier 1,Mid (3-6 yrs),On-Site,26.6,2024-10-22
IND2028836,Tableau,Data Analyst,Chennai,Tier 1,Mid (3-6 yrs),On-Site,26.6,2024-10-22
IND2028836,Excel,Data Analyst,Chennai,Tier 1,Mid (3-6 yrs),On-Site,26.6,2024-10-22
IND2028846,Kafka,Data Engineer,Lucknow,Tier 2,Junior (1-3 yrs),Hybrid,14.8,2026-02-20
IND2028846,SQL,Data Engineer,Lucknow,Tier 2,Junior (1-3 yrs),Hybrid,14.8,2026-02-20
IND2028846,Spark,Data Engineer,Lucknow,Tier 2,Junior (1-3 yrs),Hybrid,14.8,2026-02-20
IND2028846,ETL,Data Engineer,Lucknow,Tier 2,Junior (1-3 yrs),Hybrid,14.8,2026-02-20
IND2028846,Python,Data Engineer,Lucknow,Tier 2,Junior (1-3 yrs),Hybrid,14.8,2026-02-20
IND2028846,dbt,Data Engineer,Lucknow,Tier 2,Junior (1-3 yrs),Hybrid,14.8,2026-02-20
IND2028847,SQL,Data Analyst,Remote,Remote,Senior (6-10 yrs),Hybrid,39.6,2025-12-16
IND2028847,Tableau,Data Analyst,Remote,Remote,Senior (6-10 yrs),Hybrid,39.6,2025-12-16
IND2028847,Data Visualization,Data Analyst,Remote,Remote,Senior (6-10 yrs),Hybrid,39.6,2025-12-16
IND2028855,Deep Learning,Data Scientist,Pune,Tier 1,Fresher (0-1 yr),Hybrid,3.9,2025-10-22
IND2028855,Pandas,Data Scientist,Pune,Tier 1,Fresher (0-1 yr),Hybrid,3.9,2025-10-22
IND2028855,Scikit-learn,Data Scientist,Pune,Tier 1,Fresher (0-1 yr),Hybrid,3.9,2025-10-22
IND2028861,Airflow,Data Engineer,Remote,Remote,Lead (10+ yrs),Remote,65.9,2025-11-02
IND2028861,Python,Data Engineer,Remote,Remote,Lead (10+ yrs),Remote,65.9,2025-11-02
IND2028861,SQL,Data Engineer,Remote,Remote,Lead (10+ yrs),Remote,65.9,2025-11-02
IND2028861,Kafka,Data Engineer,Remote,Remote,Lead (10+ yrs),Remote,65.9,2025-11-02
IND2028867,SQL,Data Analyst,Bangalore,Tier 1,Mid (3-6 yrs),Hybrid,19.3,2025-07-20
IND2028867,Statistics,Data Analyst,Bangalore,Tier 1,Mid (3-6 yrs),Hybrid,19.3,2025-07-20
IND2028867,Tableau,Data Analyst,Bangalore,Tier 1,Mid (3-6 yrs),Hybrid,19.3,2025-07-20
IND2028867,Python,Data Analyst,Bangalore,Tier 1,Mid (3-6 yrs),Hybrid,19.3,2025-07-20
IND2028867,Data Visualization,Data Analyst,Bangalore,Tier 1,Mid (3-6 yrs),Hybrid,19.3,2025-07-20
IND2028878,Python,Data Scientist,Remote,Remote,Junior (1-3 yrs),Remote,13.5,2024-09-11
IND2028878,NLP,Data Scientist,Remote,Remote,Junior (1-3 yrs),Remote,13.5,2024-09-11
IND2028878,Deep Learning,Data Scientist,Remote,Remote,Junior (1-3 yrs),Remote,13.5,2024-09-11
IND2028878,TensorFlow,Data Scientist,Remote,Remote,Junior (1-3 yrs),Remote,13.5,2024-09-11
IND2028878,Scikit-learn,Data Scientist,Remote,Remote,Junior (1-3 yrs),Remote,13.5,2024-09-11
IND2028883,Tableau,Data Analyst,Remote,Remote,Lead (10+ yrs),Remote,61.3,2025-08-23
IND2028883,SQL,Data Analyst,Remote,Remote,Lead (10+ yrs),Remote,61.3,2025-08-23
IND2028883,Python,Data Analyst,Remote,Remote,Lead (10+ yrs),Remote,61.3,2025-08-23
IND2028883,Excel,Data Analyst,Remote,Remote,Lead (10+ yrs),Remote,61.3,2025-08-23
IND2028883,Power BI,Data Analyst,Remote,Remote,Lead (10+ yrs),Remote,61.3,2025-08-23
IND2028883,Statistics,Data Analyst,Remote,Remote,Lead (10+ yrs),Remote,61.3,2025-08-23
IND2028884,TensorFlow,Data Scientist,Remote,Remote,Mid (3-6 yrs),Remote,35.5,2025-01-23
IND2028884,Tableau,Data Scientist,Remote,Remote,Mid (3-6 yrs),Remote,35.5,2025-01-23
IND2028884,Machine Learning,Data Scientist,Remote,Remote,Mid (3-6 yrs),Remote,35.5,2025-01-23
IND2028884,Deep Learning,Data Scientist,Remote,Remote,Mid (3-6 yrs),Remote,35.5,2025-01-23
IND2028884,Scikit-learn,Data Scientist,Remote,Remote,Mid (3-6 yrs),Remote,35.5,2025-01-23
IND2028884,NLP,Data Scientist,Remote,Remote,Mid (3-6 yrs),Remote,35.5,2025-01-23
IND2028885,Spark,Data Engineer,Mumbai,Tier 1,Fresher (0-1 yr),Hybrid,6.3,2026-04-13
IND2028885,AWS,Data Engineer,Mumbai,Tier 1,Fresher (0-1 yr),Hybrid,6.3,2026-04-13
IND2028885,dbt,Data Engineer,Mumbai,Tier 1,Fresher (0-1 yr),Hybrid,6.3,2026-04-13
IND2028885,Airflow,Data Engineer,Mumbai,Tier 1,Fresher (0-1 yr),Hybrid,6.3,2026-04-13
IND2028889,Agile,Business Analyst,Delhi,Tier 1,Junior (1-3 yrs),On-Site,10.6,2025-10-11
IND2028889,Requirements Gathering,Business Analyst,Delhi,Tier 1,Junior (1-3 yrs),On-Site,10.6,2025-10-11
IND2028889,SQL,Business Analyst,Delhi,Tier 1,Junior (1-3 yrs),On-Site,10.6,2025-10-11
IND2028889,JIRA,Business Analyst,Delhi,Tier 1,Junior (1-3 yrs),On-Site,10.6,2025-10-11
IND2028905,JIRA,Business Analyst,Remote,Remote,Mid (3-6 yrs),Remote,11.1,2024-08-06
IND2028905,Requirements Gathering,Business Analyst,Remote,Remote,Mid (3-6 yrs),Remote,11.1,2024-08-06
IND2028905,Agile,Business Analyst,Remote,Remote,Mid (3-6 yrs),Remote,11.1,2024-08-06
IND2028905,Excel,Business Analyst,Remote,Remote,Mid (3-6 yrs),Remote,11.1,2024-08-06
IND2028905,Power BI,Business Analyst,Remote,Remote,Mid (3-6 yrs),Remote,11.1,2024-08-06
IND2028913,TensorFlow,Data Scientist,Nagpur,Tier 2,Fresher (0-1 yr),Hybrid,9.0,2024-12-01
IND2028913,Tableau,Data Scientist,Nagpur,Tier 2,Fresher (0-1 yr),Hybrid,9.0,2024-12-01
IND2028913,Deep Learning,Data Scientist,Nagpur,Tier 2,Fresher (0-1 yr),Hybrid,9.0,2024-12-01
IND2028913,Machine Learning,Data Scientist,Nagpur,Tier 2,Fresher (0-1 yr),Hybrid,9.0,2024-12-01
IND2028913,Python,Data Scientist,Nagpur,Tier 2,Fresher (0-1 yr),Hybrid,9.0,2024-12-01
IND2028926,Statistics,Data Analyst,Pune,Tier 1,Senior (6-10 yrs),Hybrid,40.4,2026-02-22
IND2028926,Excel,Data Analyst,Pune,Tier 1,Senior (6-10 yrs),Hybrid,40.4,2026-02-22
IND2028926,Data Visualization,Data Analyst,Pune,Tier 1,Senior (6-10 yrs),Hybrid,40.4,2026-02-22
IND2028926,SQL,Data Analyst,Pune,Tier 1,Senior (6-10 yrs),Hybrid,40.4,2026-02-22
IND2028926,Power BI,Data Analyst,Pune,Tier 1,Senior (6-10 yrs),Hybrid,40.4,2026-02-22
IND2028929,TensorFlow,Data Scientist,Pune,Tier 1,Mid (3-6 yrs),On-Site,17.4,2025-12-28
IND2028929,Tableau,Data Scientist,Pune,Tier 1,Mid (3-6 yrs),On-Site,17.4,2025-12-28
IND2028929,NLP,Data Scientist,Pune,Tier 1,Mid (3-6 yrs),On-Site,17.4,2025-12-28
IND2028929,SQL,Data Scientist,Pune,Tier 1,Mid (3-6 yrs),On-Site,17.4,2025-12-28
IND2028931,Statistics,Data Scientist,Hyderabad,Tier 1,Junior (1-3 yrs),Hybrid,7.1,2025-10-05
IND2028931,TensorFlow,Data Scientist,Hyderabad,Tier 1,Junior (1-3 yrs),Hybrid,7.1,2025-10-05
IND2028931,SQL,Data Scientist,Hyderabad,Tier 1,Junior (1-3 yrs),Hybrid,7.1,2025-10-05
IND2028943,Power BI,Data Analyst,Ahmedabad,Tier 2,Junior (1-3 yrs),On-Site,9.2,2024-08-26
IND2028943,Statistics,Data Analyst,Ahmedabad,Tier 2,Junior (1-3 yrs),On-Site,9.2,2024-08-26
IND2028943,SQL,Data Analyst,Ahmedabad,Tier 2,Junior (1-3 yrs),On-Site,9.2,2024-08-26
IND2028955,Deep Learning,Data Scientist,Lucknow,Tier 2,Junior (1-3 yrs),On-Site,9.4,2024-08-29
IND2028955,Statistics,Data Scientist,Lucknow,Tier 2,Junior (1-3 yrs),On-Site,9.4,2024-08-29
IND2028955,TensorFlow,Data Scientist,Lucknow,Tier 2,Junior (1-3 yrs),On-Site,9.4,2024-08-29
IND2028969,Requirements Gathering,Business Analyst,Bangalore,Tier 1,Fresher (0-1 yr),Hybrid,4.9,2024-07-23
IND2028969,Power BI,Business Analyst,Bangalore,Tier 1,Fresher (0-1 yr),Hybrid,4.9,2024-07-23
IND2028969,SQL,Business Analyst,Bangalore,Tier 1,Fresher (0-1 yr),Hybrid,4.9,2024-07-23
IND2028973,Statistics,Data Analyst,Lucknow,Tier 2,Fresher (0-1 yr),On-Site,7.9,2025-07-21
IND2028973,Tableau,Data Analyst,Lucknow,Tier 2,Fresher (0-1 yr),On-Site,7.9,2025-07-21
IND2028973,Python,Data Analyst,Lucknow,Tier 2,Fresher (0-1 yr),On-Site,7.9,2025-07-21
IND2028976,Excel,Data Analyst,Bangalore,Tier 1,Fresher (0-1 yr),On-Site,6.9,2025-07-20
IND2028976,Python,Data Analyst,Bangalore,Tier 1,Fresher (0-1 yr),On-Site,6.9,2025-07-20
IND2028976,Tableau,Data Analyst,Bangalore,Tier 1,Fresher (0-1 yr),On-Site,6.9,2025-07-20
IND2028976,Power BI,Data Analyst,Bangalore,Tier 1,Fresher (0-1 yr),On-Site,6.9,2025-07-20
IND2028976,Statistics,Data Analyst,Bangalore,Tier 1,Fresher (0-1 yr),On-Site,6.9,2025-07-20
IND2028986,Scikit-learn,Data Scientist,Remote,Remote,Senior (6-10 yrs),Remote,41.1,2025-07-02
IND2028986,Machine Learning,Data Scientist,Remote,Remote,Senior (6-10 yrs),Remote,41.1,2025-07-02
IND2028986,Statistics,Data Scientist,Remote,Remote,Senior (6-10 yrs),Remote,41.1,2025-07-02
IND2028986,Tableau,Data Scientist,Remote,Remote,Senior (6-10 yrs),Remote,41.1,2025-07-02
IND2028988,SQL,Data Scientist,Indore,Tier 2,Mid (3-6 yrs),On-Site,19.8,2025-02-28
IND2028988,Tableau,Data Scientist,Indore,Tier 2,Mid (3-6 yrs),On-Site,19.8,2025-02-28
IND2028988,Machine Learning,Data Scientist,Indore,Tier 2,Mid (3-6 yrs),On-Site,19.8,2025-02-28
IND2029003,Power BI,Data Analyst,Remote,Remote,Senior (6-10 yrs),Remote,3.3,2026-02-12
IND2029003,Data Visualization,Data Analyst,Remote,Remote,Senior (6-10 yrs),Remote,3.3,2026-02-12
IND2029003,SQL,Data Analyst,Remote,Remote,Senior (6-10 yrs),Remote,3.3,2026-02-12
IND2029003,Statistics,Data Analyst,Remote,Remote,Senior (6-10 yrs),Remote,3.3,2026-02-12
IND2029003,Excel,Data Analyst,Remote,Remote,Senior (6-10 yrs),Remote,3.3,2026-02-12
IND2029018,Python,Data Scientist,Remote,Remote,Junior (1-3 yrs),Hybrid,10.3,2026-01-17
IND2029018,NLP,Data Scientist,Remote,Remote,Junior (1-3 yrs),Hybrid,10.3,2026-01-17
IND2029018,Tableau,Data Scientist,Remote,Remote,Junior (1-3 yrs),Hybrid,10.3,2026-01-17
IND2029018,Pandas,Data Scientist,Remote,Remote,Junior (1-3 yrs),Hybrid,10.3,2026-01-17
IND2029018,TensorFlow,Data Scientist,Remote,Remote,Junior (1-3 yrs),Hybrid,10.3,2026-01-17
IND2029019,Agile,Business Analyst,Remote,Remote,Senior (6-10 yrs),Remote,34.1,2025-10-03
IND2029019,Excel,Business Analyst,Remote,Remote,Senior (6-10 yrs),Remote,34.1,2025-10-03
IND2029019,Requirements Gathering,Business Analyst,Remote,Remote,Senior (6-10 yrs),Remote,34.1,2025-10-03
IND2029020,Airflow,Data Engineer,Bhubaneswar,Tier 2,Junior (1-3 yrs),Hybrid,12.1,2025-01-11
IND2029020,SQL,Data Engineer,Bhubaneswar,Tier 2,Junior (1-3 yrs),Hybrid,12.1,2025-01-11
IND2029020,dbt,Data Engineer,Bhubaneswar,Tier 2,Junior (1-3 yrs),Hybrid,12.1,2025-01-11
IND2029020,ETL,Data Engineer,Bhubaneswar,Tier 2,Junior (1-3 yrs),Hybrid,12.1,2025-01-11
IND2029020,Kafka,Data Engineer,Bhubaneswar,Tier 2,Junior (1-3 yrs),Hybrid,12.1,2025-01-11
IND2029020,AWS,Data Engineer,Bhubaneswar,Tier 2,Junior (1-3 yrs),Hybrid,12.1,2025-01-11
IND2029024,Power BI,Business Analyst,Pune,Tier 1,Senior (6-10 yrs),On-Site,41.7,2025-06-11
IND2029024,Agile,Business Analyst,Pune,Tier 1,Senior (6-10 yrs),On-Site,41.7,2025-06-11
IND2029024,Requirements Gathering,Business Analyst,Pune,Tier 1,Senior (6-10 yrs),On-Site,41.7,2025-06-11
IND2029024,SQL,Business Analyst,Pune,Tier 1,Senior (6-10 yrs),On-Site,41.7,2025-06-11
IND2029024,Excel,Business Analyst,Pune,Tier 1,Senior (6-10 yrs),On-Site,41.7,2025-06-11
IND2029024,JIRA,Business Analyst,Pune,Tier 1,Senior (6-10 yrs),On-Site,41.7,2025-06-11
IND2029032,Airflow,Data Engineer,Pune,Tier 1,Mid (3-6 yrs),On-Site,14.3,2026-01-03
IND2029032,SQL,Data Engineer,Pune,Tier 1,Mid (3-6 yrs),On-Site,14.3,2026-01-03
IND2029032,dbt,Data Engineer,Pune,Tier 1,Mid (3-6 yrs),On-Site,14.3,2026-01-03
IND2029045,Deep Learning,Data Scientist,Remote,Remote,Junior (1-3 yrs),Hybrid,14.3,2025-06-27
IND2029045,Tableau,Data Scientist,Remote,Remote,Junior (1-3 yrs),Hybrid,14.3,2025-06-27
IND2029045,Machine Learning,Data Scientist,Remote,Remote,Junior (1-3 yrs),Hybrid,14.3,2025-06-27
IND2029045,Scikit-learn,Data Scientist,Remote,Remote,Junior (1-3 yrs),Hybrid,14.3,2025-06-27
IND2029045,Python,Data Scientist,Remote,Remote,Junior (1-3 yrs),Hybrid,14.3,2025-06-27
IND2029045,Statistics,Data Scientist,Remote,Remote,Junior (1-3 yrs),Hybrid,14.3,2025-06-27
IND2029052,SQL,Business Analyst,Kolkata,Tier 2,Junior (1-3 yrs),On-Site,14.7,2025-07-10
IND2029052,Requirements Gathering,Business Analyst,Kolkata,Tier 2,Junior (1-3 yrs),On-Site,14.7,2025-07-10
IND2029052,JIRA,Business Analyst,Kolkata,Tier 2,Junior (1-3 yrs),On-Site,14.7,2025-07-10
IND2029057,JIRA,Business Analyst,Pune,Tier 1,Mid (3-6 yrs),Hybrid,15.2,2024-10-11
IND2029057,Agile,Business Analyst,Pune,Tier 1,Mid (3-6 yrs),Hybrid,15.2,2024-10-11
IND2029057,SQL,Business Analyst,Pune,Tier 1,Mid (3-6 yrs),Hybrid,15.2,2024-10-11
IND2029057,Power BI,Business Analyst,Pune,Tier 1,Mid (3-6 yrs),Hybrid,15.2,2024-10-11
IND2029059,NLP,Data Scientist,Delhi,Tier 1,Mid (3-6 yrs),On-Site,40.3,2026-03-20
IND2029059,Tableau,Data Scientist,Delhi,Tier 1,Mid (3-6 yrs),On-Site,40.3,2026-03-20
IND2029059,Pandas,Data Scientist,Delhi,Tier 1,Mid (3-6 yrs),On-Site,40.3,2026-03-20
IND2029059,Statistics,Data Scientist,Delhi,Tier 1,Mid (3-6 yrs),On-Site,40.3,2026-03-20
IND2029061,Kafka,Data Engineer,Coimbatore,Tier 2,Junior (1-3 yrs),Hybrid,9.6,2026-01-22
IND2029061,SQL,Data Engineer,Coimbatore,Tier 2,Junior (1-3 yrs),Hybrid,9.6,2026-01-22
IND2029061,Spark,Data Engineer,Coimbatore,Tier 2,Junior (1-3 yrs),Hybrid,9.6,2026-01-22
IND2029070,Statistics,Data Analyst,Remote,Remote,Fresher (0-1 yr),Remote,4.8,2025-11-30
IND2029070,SQL,Data Analyst,Remote,Remote,Fresher (0-1 yr),Remote,4.8,2025-11-30
IND2029070,Tableau,Data Analyst,Remote,Remote,Fresher (0-1 yr),Remote,4.8,2025-11-30
IND2029070,Data Visualization,Data Analyst,Remote,Remote,Fresher (0-1 yr),Remote,4.8,2025-11-30
IND2029070,Power BI,Data Analyst,Remote,Remote,Fresher (0-1 yr),Remote,4.8,2025-11-30
IND2029070,Excel,Data Analyst,Remote,Remote,Fresher (0-1 yr),Remote,4.8,2025-11-30
IND2029071,AWS,Data Engineer,Remote,Remote,Mid (3-6 yrs),Remote,22.5,2024-10-10
IND2029071,Airflow,Data Engineer,Remote,Remote,Mid (3-6 yrs),Remote,22.5,2024-10-10
IND2029071,dbt,Data Engineer,Remote,Remote,Mid (3-6 yrs),Remote,22.5,2024-10-10
IND2029071,Spark,Data Engineer,Remote,Remote,Mid (3-6 yrs),Remote,22.5,2024-10-10
IND2029071,Kafka,Data Engineer,Remote,Remote,Mid (3-6 yrs),Remote,22.5,2024-10-10
IND2029073,JIRA,Business Analyst,Remote,Remote,Junior (1-3 yrs),Remote,7.0,2025-11-23
IND2029073,SQL,Business Analyst,Remote,Remote,Junior (1-3 yrs),Remote,7.0,2025-11-23
IND2029073,Agile,Business Analyst,Remote,Remote,Junior (1-3 yrs),Remote,7.0,2025-11-23
IND2029073,Requirements Gathering,Business Analyst,Remote,Remote,Junior (1-3 yrs),Remote,7.0,2025-11-23
IND2029073,Excel,Business Analyst,Remote,Remote,Junior (1-3 yrs),Remote,7.0,2025-11-23
IND2029073,Power BI,Business Analyst,Remote,Remote,Junior (1-3 yrs),Remote,7.0,2025-11-23
IND2029079,Agile,Business Analyst,Mumbai,Tier 1,Junior (1-3 yrs),Hybrid,9.7,2025-03-27
IND2029079,Power BI,Business Analyst,Mumbai,Tier 1,Junior (1-3 yrs),Hybrid,9.7,2025-03-27
IND2029079,Requirements Gathering,Business Analyst,Mumbai,Tier 1,Junior (1-3 yrs),Hybrid,9.7,2025-03-27
IND2029091,Statistics,Data Analyst,Remote,Remote,Junior (1-3 yrs),Remote,9.0,2025-10-20
IND2029091,Power BI,Data Analyst,Remote,Remote,Junior (1-3 yrs),Remote,9.0,2025-10-20
IND2029091,Data Visualization,Data Analyst,Remote,Remote,Junior (1-3 yrs),Remote,9.0,2025-10-20
IND2029095,Kafka,Data Engineer,Hyderabad,Tier 1,Lead (10+ yrs),On-Site,61.7,2025-04-11
IND2029095,ETL,Data Engineer,Hyderabad,Tier 1,Lead (10+ yrs),On-Site,61.7,2025-04-11
IND2029095,SQL,Data Engineer,Hyderabad,Tier 1,Lead (10+ yrs),On-Site,61.7,2025-04-11
IND2029095,AWS,Data Engineer,Hyderabad,Tier 1,Lead (10+ yrs),On-Site,61.7,2025-04-11
IND2029095,Python,Data Engineer,Hyderabad,Tier 1,Lead (10+ yrs),On-Site,61.7,2025-04-11
IND2029097,Excel,Business Analyst,Delhi,Tier 1,Junior (1-3 yrs),On-Site,1.6,2025-09-06
IND2029097,SQL,Business Analyst,Delhi,Tier 1,Junior (1-3 yrs),On-Site,1.6,2025-09-06
IND2029097,Requirements Gathering,Business Analyst,Delhi,Tier 1,Junior (1-3 yrs),On-Site,1.6,2025-09-06
IND2029097,Power BI,Business Analyst,Delhi,Tier 1,Junior (1-3 yrs),On-Site,1.6,2025-09-06
IND2029097,Agile,Business Analyst,Delhi,Tier 1,Junior (1-3 yrs),On-Site,1.6,2025-09-06
IND2029097,JIRA,Business Analyst,Delhi,Tier 1,Junior (1-3 yrs),On-Site,1.6,2025-09-06
IND2029101,Data Visualization,Data Analyst,Hyderabad,Tier 1,Lead (10+ yrs),On-Site,53.3,2025-03-07
IND2029101,Power BI,Data Analyst,Hyderabad,Tier 1,Lead (10+ yrs),On-Site,53.3,2025-03-07
IND2029101,Python,Data Analyst,Hyderabad,Tier 1,Lead (10+ yrs),On-Site,53.3,2025-03-07
IND2029104,SQL,Data Analyst,Chennai,Tier 1,Junior (1-3 yrs),Hybrid,10.1,2024-12-20
IND2029104,Data Visualization,Data Analyst,Chennai,Tier 1,Junior (1-3 yrs),Hybrid,10.1,2024-12-20
IND2029104,Power BI,Data Analyst,Chennai,Tier 1,Junior (1-3 yrs),Hybrid,10.1,2024-12-20
IND2029104,Tableau,Data Analyst,Chennai,Tier 1,Junior (1-3 yrs),Hybrid,10.1,2024-12-20
IND2029107,Python,Data Scientist,Bangalore,Tier 1,Fresher (0-1 yr),On-Site,6.6,2024-12-01
IND2029107,Machine Learning,Data Scientist,Bangalore,Tier 1,Fresher (0-1 yr),On-Site,6.6,2024-12-01
IND2029107,Pandas,Data Scientist,Bangalore,Tier 1,Fresher (0-1 yr),On-Site,6.6,2024-12-01
IND2029107,Statistics,Data Scientist,Bangalore,Tier 1,Fresher (0-1 yr),On-Site,6.6,2024-12-01
IND2029107,Scikit-learn,Data Scientist,Bangalore,Tier 1,Fresher (0-1 yr),On-Site,6.6,2024-12-01
IND2029107,SQL,Data Scientist,Bangalore,Tier 1,Fresher (0-1 yr),On-Site,6.6,2024-12-01
IND2029131,Scikit-learn,Data Scientist,Remote,Remote,Senior (6-10 yrs),On-Site,33.8,2026-02-15
IND2029131,Deep Learning,Data Scientist,Remote,Remote,Senior (6-10 yrs),On-Site,33.8,2026-02-15
IND2029131,Statistics,Data Scientist,Remote,Remote,Senior (6-10 yrs),On-Site,33.8,2026-02-15
IND2029131,NLP,Data Scientist,Remote,Remote,Senior (6-10 yrs),On-Site,33.8,2026-02-15
IND2029131,Pandas,Data Scientist,Remote,Remote,Senior (6-10 yrs),On-Site,33.8,2026-02-15
IND2029131,TensorFlow,Data Scientist,Remote,Remote,Senior (6-10 yrs),On-Site,33.8,2026-02-15
IND2029135,ETL,Data Engineer,Jaipur,Tier 2,Mid (3-6 yrs),Hybrid,16.6,2025-05-13
IND2029135,Spark,Data Engineer,Jaipur,Tier 2,Mid (3-6 yrs),Hybrid,16.6,2025-05-13
IND2029135,dbt,Data Engineer,Jaipur,Tier 2,Mid (3-6 yrs),Hybrid,16.6,2025-05-13
IND2029137,Power BI,Data Analyst,Remote,Remote,Fresher (0-1 yr),Hybrid,4.8,2025-02-27
IND2029137,Tableau,Data Analyst,Remote,Remote,Fresher (0-1 yr),Hybrid,4.8,2025-02-27
IND2029137,Data Visualization,Data Analyst,Remote,Remote,Fresher (0-1 yr),Hybrid,4.8,2025-02-27
IND2029138,Statistics,Data Analyst,Coimbatore,Tier 2,Junior (1-3 yrs),On-Site,13.5,2025-11-03
IND2029138,SQL,Data Analyst,Coimbatore,Tier 2,Junior (1-3 yrs),On-Site,13.5,2025-11-03
IND2029138,Excel,Data Analyst,Coimbatore,Tier 2,Junior (1-3 yrs),On-Site,13.5,2025-11-03
IND2029146,Kafka,Data Engineer,Mumbai,Tier 1,Fresher (0-1 yr),On-Site,4.2,2026-01-11
IND2029146,AWS,Data Engineer,Mumbai,Tier 1,Fresher (0-1 yr),On-Site,4.2,2026-01-11
IND2029146,Spark,Data Engineer,Mumbai,Tier 1,Fresher (0-1 yr),On-Site,4.2,2026-01-11
IND2029146,Airflow,Data Engineer,Mumbai,Tier 1,Fresher (0-1 yr),On-Site,4.2,2026-01-11
IND2029146,dbt,Data Engineer,Mumbai,Tier 1,Fresher (0-1 yr),On-Site,4.2,2026-01-11
IND2029146,Python,Data Engineer,Mumbai,Tier 1,Fresher (0-1 yr),On-Site,4.2,2026-01-11
IND2029150,Python,Data Analyst,Indore,Tier 2,Mid (3-6 yrs),On-Site,14.8,2025-11-01
IND2029150,Tableau,Data Analyst,Indore,Tier 2,Mid (3-6 yrs),On-Site,14.8,2025-11-01
IND2029150,Power BI,Data Analyst,Indore,Tier 2,Mid (3-6 yrs),On-Site,14.8,2025-11-01
IND2029150,Data Visualization,Data Analyst,Indore,Tier 2,Mid (3-6 yrs),On-Site,14.8,2025-11-01
IND2029155,Power BI,Business Analyst,Bangalore,Tier 1,Senior (6-10 yrs),On-Site,27.2,2026-02-02
IND2029155,Requirements Gathering,Business Analyst,Bangalore,Tier 1,Senior (6-10 yrs),On-Site,27.2,2026-02-02
IND2029155,Agile,Business Analyst,Bangalore,Tier 1,Senior (6-10 yrs),On-Site,27.2,2026-02-02
IND2029155,SQL,Business Analyst,Bangalore,Tier 1,Senior (6-10 yrs),On-Site,27.2,2026-02-02
IND2029156,Python,Data Engineer,Chennai,Tier 1,Mid (3-6 yrs),Hybrid,24.5,2026-02-14
IND2029156,ETL,Data Engineer,Chennai,Tier 1,Mid (3-6 yrs),Hybrid,24.5,2026-02-14
IND2029156,Spark,Data Engineer,Chennai,Tier 1,Mid (3-6 yrs),Hybrid,24.5,2026-02-14
IND2029156,AWS,Data Engineer,Chennai,Tier 1,Mid (3-6 yrs),Hybrid,24.5,2026-02-14
IND2029156,dbt,Data Engineer,Chennai,Tier 1,Mid (3-6 yrs),Hybrid,24.5,2026-02-14
IND2029171,Python,Data Scientist,Pune,Tier 1,Mid (3-6 yrs),On-Site,28.6,2025-01-31
IND2029171,Statistics,Data Scientist,Pune,Tier 1,Mid (3-6 yrs),On-Site,28.6,2025-01-31
IND2029171,NLP,Data Scientist,Pune,Tier 1,Mid (3-6 yrs),On-Site,28.6,2025-01-31
IND2029171,Machine Learning,Data Scientist,Pune,Tier 1,Mid (3-6 yrs),On-Site,28.6,2025-01-31
IND2029171,Tableau,Data Scientist,Pune,Tier 1,Mid (3-6 yrs),On-Site,28.6,2025-01-31
IND2029171,Pandas,Data Scientist,Pune,Tier 1,Mid (3-6 yrs),On-Site,28.6,2025-01-31
IND2029179,AWS,Data Engineer,Pune,Tier 1,Mid (3-6 yrs),Hybrid,16.5,2026-01-12
IND2029179,SQL,Data Engineer,Pune,Tier 1,Mid (3-6 yrs),Hybrid,16.5,2026-01-12
IND2029179,Airflow,Data Engineer,Pune,Tier 1,Mid (3-6 yrs),Hybrid,16.5,2026-01-12
IND2029180,Requirements Gathering,Business Analyst,Mumbai,Tier 1,Mid (3-6 yrs),Hybrid,10.8,2026-04-05
IND2029180,SQL,Business Analyst,Mumbai,Tier 1,Mid (3-6 yrs),Hybrid,10.8,2026-04-05
IND2029180,Power BI,Business Analyst,Mumbai,Tier 1,Mid (3-6 yrs),Hybrid,10.8,2026-04-05
IND2029180,Excel,Business Analyst,Mumbai,Tier 1,Mid (3-6 yrs),Hybrid,10.8,2026-04-05
IND2029180,JIRA,Business Analyst,Mumbai,Tier 1,Mid (3-6 yrs),Hybrid,10.8,2026-04-05
IND2029180,Agile,Business Analyst,Mumbai,Tier 1,Mid (3-6 yrs),Hybrid,10.8,2026-04-05
IND2029188,AWS,Data Engineer,Pune,Tier 1,Fresher (0-1 yr),Hybrid,7.9,2025-04-28
IND2029188,Spark,Data Engineer,Pune,Tier 1,Fresher (0-1 yr),Hybrid,7.9,2025-04-28
IND2029188,ETL,Data Engineer,Pune,Tier 1,Fresher (0-1 yr),Hybrid,7.9,2025-04-28
IND2029197,SQL,Data Analyst,Jaipur,Tier 2,Fresher (0-1 yr),On-Site,1.4,2025-03-23
IND2029197,Power BI,Data Analyst,Jaipur,Tier 2,Fresher (0-1 yr),On-Site,1.4,2025-03-23
IND2029197,Statistics,Data Analyst,Jaipur,Tier 2,Fresher (0-1 yr),On-Site,1.4,2025-03-23
IND2029201,AWS,Data Engineer,Delhi,Tier 1,Senior (6-10 yrs),On-Site,1.9,2025-07-30
IND2029201,dbt,Data Engineer,Delhi,Tier 1,Senior (6-10 yrs),On-Site,1.9,2025-07-30
IND2029201,Airflow,Data Engineer,Delhi,Tier 1,Senior (6-10 yrs),On-Site,1.9,2025-07-30
IND2029201,ETL,Data Engineer,Delhi,Tier 1,Senior (6-10 yrs),On-Site,1.9,2025-07-30
IND2029201,Kafka,Data Engineer,Delhi,Tier 1,Senior (6-10 yrs),On-Site,1.9,2025-07-30
IND2029203,Tableau,Data Analyst,Hyderabad,Tier 1,Junior (1-3 yrs),Hybrid,16.5,2025-05-05
IND2029203,Power BI,Data Analyst,Hyderabad,Tier 1,Junior (1-3 yrs),Hybrid,16.5,2025-05-05
IND2029203,Statistics,Data Analyst,Hyderabad,Tier 1,Junior (1-3 yrs),Hybrid,16.5,2025-05-05
IND2029203,Python,Data Analyst,Hyderabad,Tier 1,Junior (1-3 yrs),Hybrid,16.5,2025-05-05
IND2029203,SQL,Data Analyst,Hyderabad,Tier 1,Junior (1-3 yrs),Hybrid,16.5,2025-05-05
IND2029217,Requirements Gathering,Business Analyst,Coimbatore,Tier 2,Mid (3-6 yrs),Hybrid,24.0,2025-06-27
IND2029217,Power BI,Business Analyst,Coimbatore,Tier 2,Mid (3-6 yrs),Hybrid,24.0,2025-06-27
IND2029217,JIRA,Business Analyst,Coimbatore,Tier 2,Mid (3-6 yrs),Hybrid,24.0,2025-06-27
IND2029231,Power BI,Data Analyst,Remote,Remote,Junior (1-3 yrs),Remote,11.4,2025-10-16
IND2029231,Excel,Data Analyst,Remote,Remote,Junior (1-3 yrs),Remote,11.4,2025-10-16
IND2029231,Python,Data Analyst,Remote,Remote,Junior (1-3 yrs),Remote,11.4,2025-10-16
IND2029231,Tableau,Data Analyst,Remote,Remote,Junior (1-3 yrs),Remote,11.4,2025-10-16
IND2029235,Excel,Business Analyst,Chandigarh,Tier 2,Senior (6-10 yrs),On-Site,16.2,2026-01-13
IND2029235,JIRA,Business Analyst,Chandigarh,Tier 2,Senior (6-10 yrs),On-Site,16.2,2026-01-13
IND2029235,SQL,Business Analyst,Chandigarh,Tier 2,Senior (6-10 yrs),On-Site,16.2,2026-01-13
IND2029237,Power BI,Data Analyst,Remote,Remote,Senior (6-10 yrs),Hybrid,51.2,2024-09-18
IND2029237,Data Visualization,Data Analyst,Remote,Remote,Senior (6-10 yrs),Hybrid,51.2,2024-09-18
IND2029237,SQL,Data Analyst,Remote,Remote,Senior (6-10 yrs),Hybrid,51.2,2024-09-18
IND2029253,Requirements Gathering,Business Analyst,Remote,Remote,Junior (1-3 yrs),Remote,9.6,2025-08-18
IND2029253,JIRA,Business Analyst,Remote,Remote,Junior (1-3 yrs),Remote,9.6,2025-08-18
IND2029253,Excel,Business Analyst,Remote,Remote,Junior (1-3 yrs),Remote,9.6,2025-08-18
IND2029266,SQL,Data Engineer,Pune,Tier 1,Fresher (0-1 yr),On-Site,6.2,2024-07-02
IND2029266,Spark,Data Engineer,Pune,Tier 1,Fresher (0-1 yr),On-Site,6.2,2024-07-02
IND2029266,dbt,Data Engineer,Pune,Tier 1,Fresher (0-1 yr),On-Site,6.2,2024-07-02
IND2029266,Python,Data Engineer,Pune,Tier 1,Fresher (0-1 yr),On-Site,6.2,2024-07-02
IND2029266,Kafka,Data Engineer,Pune,Tier 1,Fresher (0-1 yr),On-Site,6.2,2024-07-02
IND2029266,ETL,Data Engineer,Pune,Tier 1,Fresher (0-1 yr),On-Site,6.2,2024-07-02
IND2029274,Statistics,Data Scientist,Delhi,Tier 1,Fresher (0-1 yr),Hybrid,7.2,2024-11-27
IND2029274,Scikit-learn,Data Scientist,Delhi,Tier 1,Fresher (0-1 yr),Hybrid,7.2,2024-11-27
IND2029274,TensorFlow,Data Scientist,Delhi,Tier 1,Fresher (0-1 yr),Hybrid,7.2,2024-11-27
IND2029274,Python,Data Scientist,Delhi,Tier 1,Fresher (0-1 yr),Hybrid,7.2,2024-11-27
IND2029274,Machine Learning,Data Scientist,Delhi,Tier 1,Fresher (0-1 yr),Hybrid,7.2,2024-11-27
IND2029274,NLP,Data Scientist,Delhi,Tier 1,Fresher (0-1 yr),Hybrid,7.2,2024-11-27
IND2029282,Data Visualization,Data Analyst,Remote,Remote,Junior (1-3 yrs),On-Site,8.3,2025-11-18
IND2029282,Power BI,Data Analyst,Remote,Remote,Junior (1-3 yrs),On-Site,8.3,2025-11-18
IND2029282,Python,Data Analyst,Remote,Remote,Junior (1-3 yrs),On-Site,8.3,2025-11-18
IND2029290,Excel,Business Analyst,Chennai,Tier 1,Senior (6-10 yrs),On-Site,45.6,2024-08-18
IND2029290,SQL,Business Analyst,Chennai,Tier 1,Senior (6-10 yrs),On-Site,45.6,2024-08-18
IND2029290,Power BI,Business Analyst,Chennai,Tier 1,Senior (6-10 yrs),On-Site,45.6,2024-08-18
IND2029290,JIRA,Business Analyst,Chennai,Tier 1,Senior (6-10 yrs),On-Site,45.6,2024-08-18
IND2029290,Agile,Business Analyst,Chennai,Tier 1,Senior (6-10 yrs),On-Site,45.6,2024-08-18
IND2029294,Airflow,Data Engineer,Kolkata,Tier 2,Lead (10+ yrs),Hybrid,66.9,2026-02-09
IND2029294,SQL,Data Engineer,Kolkata,Tier 2,Lead (10+ yrs),Hybrid,66.9,2026-02-09
IND2029294,Spark,Data Engineer,Kolkata,Tier 2,Lead (10+ yrs),Hybrid,66.9,2026-02-09
IND2029294,AWS,Data Engineer,Kolkata,Tier 2,Lead (10+ yrs),Hybrid,66.9,2026-02-09
IND2029294,dbt,Data Engineer,Kolkata,Tier 2,Lead (10+ yrs),Hybrid,66.9,2026-02-09
IND2029294,ETL,Data Engineer,Kolkata,Tier 2,Lead (10+ yrs),Hybrid,66.9,2026-02-09
IND2029297,JIRA,Business Analyst,Mumbai,Tier 1,Mid (3-6 yrs),Hybrid,15.2,2024-12-31
IND2029297,Power BI,Business Analyst,Mumbai,Tier 1,Mid (3-6 yrs),Hybrid,15.2,2024-12-31
IND2029297,SQL,Business Analyst,Mumbai,Tier 1,Mid (3-6 yrs),Hybrid,15.2,2024-12-31
IND2029297,Excel,Business Analyst,Mumbai,Tier 1,Mid (3-6 yrs),Hybrid,15.2,2024-12-31
IND2029297,Requirements Gathering,Business Analyst,Mumbai,Tier 1,Mid (3-6 yrs),Hybrid,15.2,2024-12-31
IND2029297,Agile,Business Analyst,Mumbai,Tier 1,Mid (3-6 yrs),Hybrid,15.2,2024-12-31
IND2029311,Kafka,Data Engineer,Delhi,Tier 1,Junior (1-3 yrs),On-Site,16.1,2026-03-26
IND2029311,SQL,Data Engineer,Delhi,Tier 1,Junior (1-3 yrs),On-Site,16.1,2026-03-26
IND2029311,ETL,Data Engineer,Delhi,Tier 1,Junior (1-3 yrs),On-Site,16.1,2026-03-26
IND2029312,Excel,Data Analyst,Remote,Remote,Mid (3-6 yrs),Remote,14.9,2026-04-21
IND2029312,Python,Data Analyst,Remote,Remote,Mid (3-6 yrs),Remote,14.9,2026-04-21
IND2029312,Statistics,Data Analyst,Remote,Remote,Mid (3-6 yrs),Remote,14.9,2026-04-21
IND2029323,Excel,Business Analyst,Bangalore,Tier 1,Junior (1-3 yrs),On-Site,9.5,2025-11-23
IND2029323,SQL,Business Analyst,Bangalore,Tier 1,Junior (1-3 yrs),On-Site,9.5,2025-11-23
IND2029323,Agile,Business Analyst,Bangalore,Tier 1,Junior (1-3 yrs),On-Site,9.5,2025-11-23
IND2029323,Power BI,Business Analyst,Bangalore,Tier 1,Junior (1-3 yrs),On-Site,9.5,2025-11-23
IND2029324,SQL,Data Analyst,Remote,Remote,Fresher (0-1 yr),Remote,4.3,2024-08-13
IND2029324,Tableau,Data Analyst,Remote,Remote,Fresher (0-1 yr),Remote,4.3,2024-08-13
IND2029324,Excel,Data Analyst,Remote,Remote,Fresher (0-1 yr),Remote,4.3,2024-08-13
IND2029324,Power BI,Data Analyst,Remote,Remote,Fresher (0-1 yr),Remote,4.3,2024-08-13
IND2029324,Data Visualization,Data Analyst,Remote,Remote,Fresher (0-1 yr),Remote,4.3,2024-08-13
IND2029324,Python,Data Analyst,Remote,Remote,Fresher (0-1 yr),Remote,4.3,2024-08-13
IND2029334,Statistics,Data Scientist,Remote,Remote,Senior (6-10 yrs),On-Site,43.3,2024-11-21
IND2029334,TensorFlow,Data Scientist,Remote,Remote,Senior (6-10 yrs),On-Site,43.3,2024-11-21
IND2029334,Machine Learning,Data Scientist,Remote,Remote,Senior (6-10 yrs),On-Site,43.3,2024-11-21
IND2029338,Kafka,Data Engineer,Remote,Remote,Junior (1-3 yrs),Remote,9.1,2024-09-23
IND2029338,Airflow,Data Engineer,Remote,Remote,Junior (1-3 yrs),Remote,9.1,2024-09-23
IND2029338,dbt,Data Engineer,Remote,Remote,Junior (1-3 yrs),Remote,9.1,2024-09-23
IND2029338,SQL,Data Engineer,Remote,Remote,Junior (1-3 yrs),Remote,9.1,2024-09-23
IND2029338,Python,Data Engineer,Remote,Remote,Junior (1-3 yrs),Remote,9.1,2024-09-23
IND2029338,Spark,Data Engineer,Remote,Remote,Junior (1-3 yrs),Remote,9.1,2024-09-23
IND2029343,JIRA,Business Analyst,Delhi,Tier 1,Junior (1-3 yrs),On-Site,7.7,2025-08-24
IND2029343,Agile,Business Analyst,Delhi,Tier 1,Junior (1-3 yrs),On-Site,7.7,2025-08-24
IND2029343,Power BI,Business Analyst,Delhi,Tier 1,Junior (1-3 yrs),On-Site,7.7,2025-08-24
IND2029343,Excel,Business Analyst,Delhi,Tier 1,Junior (1-3 yrs),On-Site,7.7,2025-08-24
IND2029347,Power BI,Data Analyst,Bangalore,Tier 1,Mid (3-6 yrs),On-Site,21.2,2025-03-17
IND2029347,SQL,Data Analyst,Bangalore,Tier 1,Mid (3-6 yrs),On-Site,21.2,2025-03-17
IND2029347,Statistics,Data Analyst,Bangalore,Tier 1,Mid (3-6 yrs),On-Site,21.2,2025-03-17
IND2029347,Tableau,Data Analyst,Bangalore,Tier 1,Mid (3-6 yrs),On-Site,21.2,2025-03-17
IND2029347,Python,Data Analyst,Bangalore,Tier 1,Mid (3-6 yrs),On-Site,21.2,2025-03-17
IND2029354,NLP,Data Scientist,Bangalore,Tier 1,Junior (1-3 yrs),Hybrid,13.3,2026-02-25
IND2029354,Scikit-learn,Data Scientist,Bangalore,Tier 1,Junior (1-3 yrs),Hybrid,13.3,2026-02-25
IND2029354,Statistics,Data Scientist,Bangalore,Tier 1,Junior (1-3 yrs),Hybrid,13.3,2026-02-25
IND2029361,Statistics,Data Scientist,Pune,Tier 1,Fresher (0-1 yr),Hybrid,9.0,2026-03-30
IND2029361,Machine Learning,Data Scientist,Pune,Tier 1,Fresher (0-1 yr),Hybrid,9.0,2026-03-30
IND2029361,Tableau,Data Scientist,Pune,Tier 1,Fresher (0-1 yr),Hybrid,9.0,2026-03-30
IND2029361,Deep Learning,Data Scientist,Pune,Tier 1,Fresher (0-1 yr),Hybrid,9.0,2026-03-30
IND2029361,SQL,Data Scientist,Pune,Tier 1,Fresher (0-1 yr),Hybrid,9.0,2026-03-30
IND2029363,Kafka,Data Engineer,Pune,Tier 1,Lead (10+ yrs),On-Site,55.2,2025-05-23
IND2029363,dbt,Data Engineer,Pune,Tier 1,Lead (10+ yrs),On-Site,55.2,2025-05-23
IND2029363,AWS,Data Engineer,Pune,Tier 1,Lead (10+ yrs),On-Site,55.2,2025-05-23
IND2029363,Python,Data Engineer,Pune,Tier 1,Lead (10+ yrs),On-Site,55.2,2025-05-23
IND2029365,Tableau,Data Analyst,Remote,Remote,Mid (3-6 yrs),Remote,19.2,2025-01-02
IND2029365,Python,Data Analyst,Remote,Remote,Mid (3-6 yrs),Remote,19.2,2025-01-02
IND2029365,Statistics,Data Analyst,Remote,Remote,Mid (3-6 yrs),Remote,19.2,2025-01-02
IND2029379,Pandas,Data Scientist,Jaipur,Tier 2,Junior (1-3 yrs),On-Site,13.1,2025-08-09
IND2029379,Deep Learning,Data Scientist,Jaipur,Tier 2,Junior (1-3 yrs),On-Site,13.1,2025-08-09
IND2029379,SQL,Data Scientist,Jaipur,Tier 2,Junior (1-3 yrs),On-Site,13.1,2025-08-09
IND2029379,Machine Learning,Data Scientist,Jaipur,Tier 2,Junior (1-3 yrs),On-Site,13.1,2025-08-09
IND2029379,TensorFlow,Data Scientist,Jaipur,Tier 2,Junior (1-3 yrs),On-Site,13.1,2025-08-09
IND2029381,TensorFlow,Data Scientist,Pune,Tier 1,Junior (1-3 yrs),On-Site,11.3,2025-04-27
IND2029381,Scikit-learn,Data Scientist,Pune,Tier 1,Junior (1-3 yrs),On-Site,11.3,2025-04-27
IND2029381,NLP,Data Scientist,Pune,Tier 1,Junior (1-3 yrs),On-Site,11.3,2025-04-27
IND2029381,Deep Learning,Data Scientist,Pune,Tier 1,Junior (1-3 yrs),On-Site,11.3,2025-04-27
IND2029381,Tableau,Data Scientist,Pune,Tier 1,Junior (1-3 yrs),On-Site,11.3,2025-04-27
IND2029381,SQL,Data Scientist,Pune,Tier 1,Junior (1-3 yrs),On-Site,11.3,2025-04-27
IND2029392,JIRA,Business Analyst,Remote,Remote,Junior (1-3 yrs),Remote,7.2,2026-03-02
IND2029392,SQL,Business Analyst,Remote,Remote,Junior (1-3 yrs),Remote,7.2,2026-03-02
IND2029392,Agile,Business Analyst,Remote,Remote,Junior (1-3 yrs),Remote,7.2,2026-03-02
IND2029394,NLP,Data Scientist,Remote,Remote,Mid (3-6 yrs),Hybrid,27.1,2025-03-26
IND2029394,Deep Learning,Data Scientist,Remote,Remote,Mid (3-6 yrs),Hybrid,27.1,2025-03-26
IND2029394,Statistics,Data Scientist,Remote,Remote,Mid (3-6 yrs),Hybrid,27.1,2025-03-26
IND2029394,Machine Learning,Data Scientist,Remote,Remote,Mid (3-6 yrs),Hybrid,27.1,2025-03-26
IND2029394,TensorFlow,Data Scientist,Remote,Remote,Mid (3-6 yrs),Hybrid,27.1,2025-03-26
IND2029394,Scikit-learn,Data Scientist,Remote,Remote,Mid (3-6 yrs),Hybrid,27.1,2025-03-26
IND2029395,Excel,Business Analyst,Remote,Remote,Senior (6-10 yrs),Remote,53.6,2025-04-28
IND2029395,Requirements Gathering,Business Analyst,Remote,Remote,Senior (6-10 yrs),Remote,53.6,2025-04-28
IND2029395,JIRA,Business Analyst,Remote,Remote,Senior (6-10 yrs),Remote,53.6,2025-04-28
IND2029395,Agile,Business Analyst,Remote,Remote,Senior (6-10 yrs),Remote,53.6,2025-04-28
IND2029395,Power BI,Business Analyst,Remote,Remote,Senior (6-10 yrs),Remote,53.6,2025-04-28
IND2029397,Kafka,Data Engineer,Remote,Remote,Mid (3-6 yrs),On-Site,14.3,2024-09-06
IND2029397,Airflow,Data Engineer,Remote,Remote,Mid (3-6 yrs),On-Site,14.3,2024-09-06
IND2029397,Spark,Data Engineer,Remote,Remote,Mid (3-6 yrs),On-Site,14.3,2024-09-06
IND2029401,Python,Data Engineer,Chennai,Tier 1,Fresher (0-1 yr),Hybrid,7.3,2025-05-20
IND2029401,AWS,Data Engineer,Chennai,Tier 1,Fresher (0-1 yr),Hybrid,7.3,2025-05-20
IND2029401,Spark,Data Engineer,Chennai,Tier 1,Fresher (0-1 yr),Hybrid,7.3,2025-05-20
IND2029401,ETL,Data Engineer,Chennai,Tier 1,Fresher (0-1 yr),Hybrid,7.3,2025-05-20
IND2029401,SQL,Data Engineer,Chennai,Tier 1,Fresher (0-1 yr),Hybrid,7.3,2025-05-20
IND2029401,dbt,Data Engineer,Chennai,Tier 1,Fresher (0-1 yr),Hybrid,7.3,2025-05-20
IND2029407,Power BI,Data Analyst,Pune,Tier 1,Mid (3-6 yrs),On-Site,9.7,2025-03-13
IND2029407,Python,Data Analyst,Pune,Tier 1,Mid (3-6 yrs),On-Site,9.7,2025-03-13
IND2029407,SQL,Data Analyst,Pune,Tier 1,Mid (3-6 yrs),On-Site,9.7,2025-03-13
IND2029409,Excel,Business Analyst,Remote,Remote,Lead (10+ yrs),Remote,3.1,2026-03-06
IND2029409,Power BI,Business Analyst,Remote,Remote,Lead (10+ yrs),Remote,3.1,2026-03-06
IND2029409,JIRA,Business Analyst,Remote,Remote,Lead (10+ yrs),Remote,3.1,2026-03-06
IND2029409,Requirements Gathering,Business Analyst,Remote,Remote,Lead (10+ yrs),Remote,3.1,2026-03-06
IND2029409,SQL,Business Analyst,Remote,Remote,Lead (10+ yrs),Remote,3.1,2026-03-06
IND2029409,Agile,Business Analyst,Remote,Remote,Lead (10+ yrs),Remote,3.1,2026-03-06
IND2029415,Python,Data Analyst,Mumbai,Tier 1,Mid (3-6 yrs),On-Site,20.6,2025-10-11
IND2029415,Tableau,Data Analyst,Mumbai,Tier 1,Mid (3-6 yrs),On-Site,20.6,2025-10-11
IND2029415,Power BI,Data Analyst,Mumbai,Tier 1,Mid (3-6 yrs),On-Site,20.6,2025-10-11
IND2029415,Data Visualization,Data Analyst,Mumbai,Tier 1,Mid (3-6 yrs),On-Site,20.6,2025-10-11
IND2029415,Excel,Data Analyst,Mumbai,Tier 1,Mid (3-6 yrs),On-Site,20.6,2025-10-11
IND2029415,SQL,Data Analyst,Mumbai,Tier 1,Mid (3-6 yrs),On-Site,20.6,2025-10-11
IND2029423,Tableau,Data Analyst,Remote,Remote,Mid (3-6 yrs),On-Site,3.5,2024-06-05
IND2029423,Data Visualization,Data Analyst,Remote,Remote,Mid (3-6 yrs),On-Site,3.5,2024-06-05
IND2029423,Python,Data Analyst,Remote,Remote,Mid (3-6 yrs),On-Site,3.5,2024-06-05
IND2029423,SQL,Data Analyst,Remote,Remote,Mid (3-6 yrs),On-Site,3.5,2024-06-05
IND2029425,ETL,Data Engineer,Chennai,Tier 1,Senior (6-10 yrs),Hybrid,31.1,2025-01-22
IND2029425,SQL,Data Engineer,Chennai,Tier 1,Senior (6-10 yrs),Hybrid,31.1,2025-01-22
IND2029425,Airflow,Data Engineer,Chennai,Tier 1,Senior (6-10 yrs),Hybrid,31.1,2025-01-22
IND2029425,Spark,Data Engineer,Chennai,Tier 1,Senior (6-10 yrs),Hybrid,31.1,2025-01-22
IND2029425,Python,Data Engineer,Chennai,Tier 1,Senior (6-10 yrs),Hybrid,31.1,2025-01-22
IND2029425,AWS,Data Engineer,Chennai,Tier 1,Senior (6-10 yrs),Hybrid,31.1,2025-01-22
IND2029426,SQL,Business Analyst,Remote,Remote,Fresher (0-1 yr),Remote,3.6,2025-06-03
IND2029426,Power BI,Business Analyst,Remote,Remote,Fresher (0-1 yr),Remote,3.6,2025-06-03
IND2029426,JIRA,Business Analyst,Remote,Remote,Fresher (0-1 yr),Remote,3.6,2025-06-03
IND2029426,Excel,Business Analyst,Remote,Remote,Fresher (0-1 yr),Remote,3.6,2025-06-03
IND2029426,Agile,Business Analyst,Remote,Remote,Fresher (0-1 yr),Remote,3.6,2025-06-03
IND2029431,SQL,Business Analyst,Remote,Remote,Mid (3-6 yrs),Hybrid,18.2,2025-02-08
IND2029431,Excel,Business Analyst,Remote,Remote,Mid (3-6 yrs),Hybrid,18.2,2025-02-08
IND2029431,Power BI,Business Analyst,Remote,Remote,Mid (3-6 yrs),Hybrid,18.2,2025-02-08
IND2029431,JIRA,Business Analyst,Remote,Remote,Mid (3-6 yrs),Hybrid,18.2,2025-02-08
IND2029431,Agile,Business Analyst,Remote,Remote,Mid (3-6 yrs),Hybrid,18.2,2025-02-08
IND2029433,Requirements Gathering,Business Analyst,Remote,Remote,Junior (1-3 yrs),Remote,15.8,2024-10-30
IND2029433,SQL,Business Analyst,Remote,Remote,Junior (1-3 yrs),Remote,15.8,2024-10-30
IND2029433,Agile,Business Analyst,Remote,Remote,Junior (1-3 yrs),Remote,15.8,2024-10-30
IND2029433,JIRA,Business Analyst,Remote,Remote,Junior (1-3 yrs),Remote,15.8,2024-10-30
IND2029433,Excel,Business Analyst,Remote,Remote,Junior (1-3 yrs),Remote,15.8,2024-10-30
IND2029441,Power BI,Data Analyst,Hyderabad,Tier 1,Senior (6-10 yrs),Hybrid,37.7,2025-04-08
IND2029441,Statistics,Data Analyst,Hyderabad,Tier 1,Senior (6-10 yrs),Hybrid,37.7,2025-04-08
IND2029441,Tableau,Data Analyst,Hyderabad,Tier 1,Senior (6-10 yrs),Hybrid,37.7,2025-04-08
IND2029441,Excel,Data Analyst,Hyderabad,Tier 1,Senior (6-10 yrs),Hybrid,37.7,2025-04-08
IND2029441,Data Visualization,Data Analyst,Hyderabad,Tier 1,Senior (6-10 yrs),Hybrid,37.7,2025-04-08
IND2029443,SQL,Business Analyst,Chennai,Tier 1,Junior (1-3 yrs),On-Site,12.0,2025-04-14
IND2029443,Requirements Gathering,Business Analyst,Chennai,Tier 1,Junior (1-3 yrs),On-Site,12.0,2025-04-14
IND2029443,JIRA,Business Analyst,Chennai,Tier 1,Junior (1-3 yrs),On-Site,12.0,2025-04-14
IND2029443,Power BI,Business Analyst,Chennai,Tier 1,Junior (1-3 yrs),On-Site,12.0,2025-04-14
IND2029443,Agile,Business Analyst,Chennai,Tier 1,Junior (1-3 yrs),On-Site,12.0,2025-04-14
IND2029452,Statistics,Data Analyst,Remote,Remote,Mid (3-6 yrs),Hybrid,12.8,2024-10-12
IND2029452,Excel,Data Analyst,Remote,Remote,Mid (3-6 yrs),Hybrid,12.8,2024-10-12
IND2029452,Tableau,Data Analyst,Remote,Remote,Mid (3-6 yrs),Hybrid,12.8,2024-10-12
IND2029452,Data Visualization,Data Analyst,Remote,Remote,Mid (3-6 yrs),Hybrid,12.8,2024-10-12
IND2029452,Power BI,Data Analyst,Remote,Remote,Mid (3-6 yrs),Hybrid,12.8,2024-10-12
IND2029452,Python,Data Analyst,Remote,Remote,Mid (3-6 yrs),Hybrid,12.8,2024-10-12
IND2029455,Kafka,Data Engineer,Ahmedabad,Tier 2,Mid (3-6 yrs),Hybrid,15.6,2025-03-20
IND2029455,Python,Data Engineer,Ahmedabad,Tier 2,Mid (3-6 yrs),Hybrid,15.6,2025-03-20
IND2029455,Airflow,Data Engineer,Ahmedabad,Tier 2,Mid (3-6 yrs),Hybrid,15.6,2025-03-20
IND2029455,ETL,Data Engineer,Ahmedabad,Tier 2,Mid (3-6 yrs),Hybrid,15.6,2025-03-20
IND2029460,Data Visualization,Data Analyst,Delhi,Tier 1,Mid (3-6 yrs),On-Site,3.0,2024-06-15
IND2029460,Tableau,Data Analyst,Delhi,Tier 1,Mid (3-6 yrs),On-Site,3.0,2024-06-15
IND2029460,Excel,Data Analyst,Delhi,Tier 1,Mid (3-6 yrs),On-Site,3.0,2024-06-15
IND2029460,SQL,Data Analyst,Delhi,Tier 1,Mid (3-6 yrs),On-Site,3.0,2024-06-15
IND2029466,SQL,Data Scientist,Mumbai,Tier 1,Junior (1-3 yrs),On-Site,10.6,2024-11-23
IND2029466,NLP,Data Scientist,Mumbai,Tier 1,Junior (1-3 yrs),On-Site,10.6,2024-11-23
IND2029466,Scikit-learn,Data Scientist,Mumbai,Tier 1,Junior (1-3 yrs),On-Site,10.6,2024-11-23
IND2029470,Python,Data Scientist,Remote,Remote,Senior (6-10 yrs),Remote,57.2,2024-11-03
IND2029470,Statistics,Data Scientist,Remote,Remote,Senior (6-10 yrs),Remote,57.2,2024-11-03
IND2029470,Deep Learning,Data Scientist,Remote,Remote,Senior (6-10 yrs),Remote,57.2,2024-11-03
IND2029470,SQL,Data Scientist,Remote,Remote,Senior (6-10 yrs),Remote,57.2,2024-11-03
IND2029477,SQL,Data Analyst,Remote,Remote,Mid (3-6 yrs),Remote,22.6,2025-11-05
IND2029477,Excel,Data Analyst,Remote,Remote,Mid (3-6 yrs),Remote,22.6,2025-11-05
IND2029477,Tableau,Data Analyst,Remote,Remote,Mid (3-6 yrs),Remote,22.6,2025-11-05
IND2029477,Data Visualization,Data Analyst,Remote,Remote,Mid (3-6 yrs),Remote,22.6,2025-11-05
IND2029479,Data Visualization,Data Analyst,Delhi,Tier 1,Fresher (0-1 yr),Hybrid,5.2,2025-11-30
IND2029479,Python,Data Analyst,Delhi,Tier 1,Fresher (0-1 yr),Hybrid,5.2,2025-11-30
IND2029479,Tableau,Data Analyst,Delhi,Tier 1,Fresher (0-1 yr),Hybrid,5.2,2025-11-30
IND2029479,SQL,Data Analyst,Delhi,Tier 1,Fresher (0-1 yr),Hybrid,5.2,2025-11-30
IND2029480,SQL,Data Analyst,Remote,Remote,Mid (3-6 yrs),Remote,15.3,2024-06-15
IND2029480,Python,Data Analyst,Remote,Remote,Mid (3-6 yrs),Remote,15.3,2024-06-15
IND2029480,Data Visualization,Data Analyst,Remote,Remote,Mid (3-6 yrs),Remote,15.3,2024-06-15
IND2029480,Excel,Data Analyst,Remote,Remote,Mid (3-6 yrs),Remote,15.3,2024-06-15
IND2029480,Statistics,Data Analyst,Remote,Remote,Mid (3-6 yrs),Remote,15.3,2024-06-15
IND2029485,Requirements Gathering,Business Analyst,Bangalore,Tier 1,Mid (3-6 yrs),On-Site,12.2,2024-09-29
IND2029485,Power BI,Business Analyst,Bangalore,Tier 1,Mid (3-6 yrs),On-Site,12.2,2024-09-29
IND2029485,SQL,Business Analyst,Bangalore,Tier 1,Mid (3-6 yrs),On-Site,12.2,2024-09-29
IND2029485,Agile,Business Analyst,Bangalore,Tier 1,Mid (3-6 yrs),On-Site,12.2,2024-09-29
IND2029485,JIRA,Business Analyst,Bangalore,Tier 1,Mid (3-6 yrs),On-Site,12.2,2024-09-29
IND2029489,Machine Learning,Data Scientist,Hyderabad,Tier 1,Mid (3-6 yrs),Hybrid,21.7,2025-10-02
IND2029489,Tableau,Data Scientist,Hyderabad,Tier 1,Mid (3-6 yrs),Hybrid,21.7,2025-10-02
IND2029489,Scikit-learn,Data Scientist,Hyderabad,Tier 1,Mid (3-6 yrs),Hybrid,21.7,2025-10-02
IND2029489,NLP,Data Scientist,Hyderabad,Tier 1,Mid (3-6 yrs),Hybrid,21.7,2025-10-02
IND2029491,SQL,Data Analyst,Remote,Remote,Fresher (0-1 yr),Remote,5.5,2024-10-05
IND2029491,Statistics,Data Analyst,Remote,Remote,Fresher (0-1 yr),Remote,5.5,2024-10-05
IND2029491,Excel,Data Analyst,Remote,Remote,Fresher (0-1 yr),Remote,5.5,2024-10-05
IND2029491,Power BI,Data Analyst,Remote,Remote,Fresher (0-1 yr),Remote,5.5,2024-10-05
IND2029491,Python,Data Analyst,Remote,Remote,Fresher (0-1 yr),Remote,5.5,2024-10-05
IND2029491,Data Visualization,Data Analyst,Remote,Remote,Fresher (0-1 yr),Remote,5.5,2024-10-05
IND2029504,Statistics,Data Scientist,Remote,Remote,Junior (1-3 yrs),Hybrid,11.4,2025-12-02
IND2029504,TensorFlow,Data Scientist,Remote,Remote,Junior (1-3 yrs),Hybrid,11.4,2025-12-02
IND2029504,NLP,Data Scientist,Remote,Remote,Junior (1-3 yrs),Hybrid,11.4,2025-12-02
IND2029504,Python,Data Scientist,Remote,Remote,Junior (1-3 yrs),Hybrid,11.4,2025-12-02
IND2029504,Machine Learning,Data Scientist,Remote,Remote,Junior (1-3 yrs),Hybrid,11.4,2025-12-02
IND2029511,Power BI,Data Analyst,Mumbai,Tier 1,Mid (3-6 yrs),On-Site,17.7,2026-02-24
IND2029511,Data Visualization,Data Analyst,Mumbai,Tier 1,Mid (3-6 yrs),On-Site,17.7,2026-02-24
IND2029511,Excel,Data Analyst,Mumbai,Tier 1,Mid (3-6 yrs),On-Site,17.7,2026-02-24
IND2029511,Tableau,Data Analyst,Mumbai,Tier 1,Mid (3-6 yrs),On-Site,17.7,2026-02-24
IND2029511,Statistics,Data Analyst,Mumbai,Tier 1,Mid (3-6 yrs),On-Site,17.7,2026-02-24
IND2029511,SQL,Data Analyst,Mumbai,Tier 1,Mid (3-6 yrs),On-Site,17.7,2026-02-24
IND2029519,Python,Data Engineer,Chennai,Tier 1,Senior (6-10 yrs),On-Site,24.2,2025-06-06
IND2029519,AWS,Data Engineer,Chennai,Tier 1,Senior (6-10 yrs),On-Site,24.2,2025-06-06
IND2029519,Airflow,Data Engineer,Chennai,Tier 1,Senior (6-10 yrs),On-Site,24.2,2025-06-06
IND2029519,Spark,Data Engineer,Chennai,Tier 1,Senior (6-10 yrs),On-Site,24.2,2025-06-06
IND2029519,ETL,Data Engineer,Chennai,Tier 1,Senior (6-10 yrs),On-Site,24.2,2025-06-06
IND2029519,dbt,Data Engineer,Chennai,Tier 1,Senior (6-10 yrs),On-Site,24.2,2025-06-06
IND2029528,SQL,Data Analyst,Lucknow,Tier 2,Junior (1-3 yrs),Hybrid,12.9,2025-12-23
IND2029528,Excel,Data Analyst,Lucknow,Tier 2,Junior (1-3 yrs),Hybrid,12.9,2025-12-23
IND2029528,Tableau,Data Analyst,Lucknow,Tier 2,Junior (1-3 yrs),Hybrid,12.9,2025-12-23
IND2029528,Power BI,Data Analyst,Lucknow,Tier 2,Junior (1-3 yrs),Hybrid,12.9,2025-12-23
IND2029528,Data Visualization,Data Analyst,Lucknow,Tier 2,Junior (1-3 yrs),Hybrid,12.9,2025-12-23
IND2029534,JIRA,Business Analyst,Mumbai,Tier 1,Senior (6-10 yrs),Hybrid,39.5,2025-04-02
IND2029534,SQL,Business Analyst,Mumbai,Tier 1,Senior (6-10 yrs),Hybrid,39.5,2025-04-02
IND2029534,Excel,Business Analyst,Mumbai,Tier 1,Senior (6-10 yrs),Hybrid,39.5,2025-04-02
IND2029540,Data Visualization,Data Analyst,Delhi,Tier 1,Mid (3-6 yrs),Hybrid,17.5,2025-02-25
IND2029540,Statistics,Data Analyst,Delhi,Tier 1,Mid (3-6 yrs),Hybrid,17.5,2025-02-25
IND2029540,Tableau,Data Analyst,Delhi,Tier 1,Mid (3-6 yrs),Hybrid,17.5,2025-02-25
IND2029540,SQL,Data Analyst,Delhi,Tier 1,Mid (3-6 yrs),Hybrid,17.5,2025-02-25
IND2029540,Python,Data Analyst,Delhi,Tier 1,Mid (3-6 yrs),Hybrid,17.5,2025-02-25
IND2029540,Power BI,Data Analyst,Delhi,Tier 1,Mid (3-6 yrs),Hybrid,17.5,2025-02-25
IND2029548,Agile,Business Analyst,Delhi,Tier 1,Fresher (0-1 yr),Hybrid,4.1,2025-04-28
IND2029548,JIRA,Business Analyst,Delhi,Tier 1,Fresher (0-1 yr),Hybrid,4.1,2025-04-28
IND2029548,Power BI,Business Analyst,Delhi,Tier 1,Fresher (0-1 yr),Hybrid,4.1,2025-04-28
IND2029548,SQL,Business Analyst,Delhi,Tier 1,Fresher (0-1 yr),Hybrid,4.1,2025-04-28
IND2029551,Python,Data Analyst,Indore,Tier 2,Fresher (0-1 yr),On-Site,4.4,2026-02-28
IND2029551,Data Visualization,Data Analyst,Indore,Tier 2,Fresher (0-1 yr),On-Site,4.4,2026-02-28
IND2029551,Tableau,Data Analyst,Indore,Tier 2,Fresher (0-1 yr),On-Site,4.4,2026-02-28
IND2029551,SQL,Data Analyst,Indore,Tier 2,Fresher (0-1 yr),On-Site,4.4,2026-02-28
IND2029551,Statistics,Data Analyst,Indore,Tier 2,Fresher (0-1 yr),On-Site,4.4,2026-02-28
IND2029557,Excel,Business Analyst,Mumbai,Tier 1,Fresher (0-1 yr),Hybrid,3.1,2025-08-18
IND2029557,Power BI,Business Analyst,Mumbai,Tier 1,Fresher (0-1 yr),Hybrid,3.1,2025-08-18
IND2029557,Agile,Business Analyst,Mumbai,Tier 1,Fresher (0-1 yr),Hybrid,3.1,2025-08-18
IND2029557,Requirements Gathering,Business Analyst,Mumbai,Tier 1,Fresher (0-1 yr),Hybrid,3.1,2025-08-18
IND2029557,JIRA,Business Analyst,Mumbai,Tier 1,Fresher (0-1 yr),Hybrid,3.1,2025-08-18
IND2029557,SQL,Business Analyst,Mumbai,Tier 1,Fresher (0-1 yr),Hybrid,3.1,2025-08-18
IND2029560,Python,Data Analyst,Remote,Remote,Senior (6-10 yrs),Remote,42.7,2025-01-04
IND2029560,SQL,Data Analyst,Remote,Remote,Senior (6-10 yrs),Remote,42.7,2025-01-04
IND2029560,Data Visualization,Data Analyst,Remote,Remote,Senior (6-10 yrs),Remote,42.7,2025-01-04
IND2029560,Tableau,Data Analyst,Remote,Remote,Senior (6-10 yrs),Remote,42.7,2025-01-04
IND2029560,Power BI,Data Analyst,Remote,Remote,Senior (6-10 yrs),Remote,42.7,2025-01-04
IND2029560,Statistics,Data Analyst,Remote,Remote,Senior (6-10 yrs),Remote,42.7,2025-01-04
IND2029565,Power BI,Data Analyst,Delhi,Tier 1,Fresher (0-1 yr),Hybrid,8.8,2025-12-05
IND2029565,SQL,Data Analyst,Delhi,Tier 1,Fresher (0-1 yr),Hybrid,8.8,2025-12-05
IND2029565,Tableau,Data Analyst,Delhi,Tier 1,Fresher (0-1 yr),Hybrid,8.8,2025-12-05
IND2029565,Python,Data Analyst,Delhi,Tier 1,Fresher (0-1 yr),Hybrid,8.8,2025-12-05
IND2029565,Data Visualization,Data Analyst,Delhi,Tier 1,Fresher (0-1 yr),Hybrid,8.8,2025-12-05
IND2029568,NLP,Data Scientist,Remote,Remote,Lead (10+ yrs),Hybrid,54.6,2024-08-26
IND2029568,SQL,Data Scientist,Remote,Remote,Lead (10+ yrs),Hybrid,54.6,2024-08-26
IND2029568,Scikit-learn,Data Scientist,Remote,Remote,Lead (10+ yrs),Hybrid,54.6,2024-08-26
IND2029568,Machine Learning,Data Scientist,Remote,Remote,Lead (10+ yrs),Hybrid,54.6,2024-08-26
IND2029575,Data Visualization,Data Analyst,Remote,Remote,Mid (3-6 yrs),Hybrid,19.0,2026-01-14
IND2029575,SQL,Data Analyst,Remote,Remote,Mid (3-6 yrs),Hybrid,19.0,2026-01-14
IND2029575,Excel,Data Analyst,Remote,Remote,Mid (3-6 yrs),Hybrid,19.0,2026-01-14
IND2029575,Statistics,Data Analyst,Remote,Remote,Mid (3-6 yrs),Hybrid,19.0,2026-01-14
IND2029575,Python,Data Analyst,Remote,Remote,Mid (3-6 yrs),Hybrid,19.0,2026-01-14
IND2029575,Tableau,Data Analyst,Remote,Remote,Mid (3-6 yrs),Hybrid,19.0,2026-01-14
IND2029576,SQL,Data Engineer,Remote,Remote,Mid (3-6 yrs),Remote,17.3,2025-09-21
IND2029576,Airflow,Data Engineer,Remote,Remote,Mid (3-6 yrs),Remote,17.3,2025-09-21
IND2029576,Kafka,Data Engineer,Remote,Remote,Mid (3-6 yrs),Remote,17.3,2025-09-21
IND2029578,AWS,Data Engineer,Bhubaneswar,Tier 2,Mid (3-6 yrs),On-Site,32.6,2025-02-16
IND2029578,dbt,Data Engineer,Bhubaneswar,Tier 2,Mid (3-6 yrs),On-Site,32.6,2025-02-16
IND2029578,SQL,Data Engineer,Bhubaneswar,Tier 2,Mid (3-6 yrs),On-Site,32.6,2025-02-16
IND2029578,ETL,Data Engineer,Bhubaneswar,Tier 2,Mid (3-6 yrs),On-Site,32.6,2025-02-16
IND2029578,Kafka,Data Engineer,Bhubaneswar,Tier 2,Mid (3-6 yrs),On-Site,32.6,2025-02-16
IND2029578,Airflow,Data Engineer,Bhubaneswar,Tier 2,Mid (3-6 yrs),On-Site,32.6,2025-02-16
IND2029584,Python,Data Analyst,Hyderabad,Tier 1,Fresher (0-1 yr),On-Site,6.3,2026-02-02
IND2029584,Excel,Data Analyst,Hyderabad,Tier 1,Fresher (0-1 yr),On-Site,6.3,2026-02-02
IND2029584,SQL,Data Analyst,Hyderabad,Tier 1,Fresher (0-1 yr),On-Site,6.3,2026-02-02
IND2029588,SQL,Data Analyst,Mumbai,Tier 1,Fresher (0-1 yr),On-Site,7.8,2024-12-20
IND2029588,Tableau,Data Analyst,Mumbai,Tier 1,Fresher (0-1 yr),On-Site,7.8,2024-12-20
IND2029588,Power BI,Data Analyst,Mumbai,Tier 1,Fresher (0-1 yr),On-Site,7.8,2024-12-20
IND2029588,Statistics,Data Analyst,Mumbai,Tier 1,Fresher (0-1 yr),On-Site,7.8,2024-12-20
IND2029588,Excel,Data Analyst,Mumbai,Tier 1,Fresher (0-1 yr),On-Site,7.8,2024-12-20
IND2029589,Airflow,Data Engineer,Remote,Remote,Fresher (0-1 yr),Remote,5.6,2025-02-08
IND2029589,Spark,Data Engineer,Remote,Remote,Fresher (0-1 yr),Remote,5.6,2025-02-08
IND2029589,SQL,Data Engineer,Remote,Remote,Fresher (0-1 yr),Remote,5.6,2025-02-08
IND2029589,dbt,Data Engineer,Remote,Remote,Fresher (0-1 yr),Remote,5.6,2025-02-08
IND2029596,Agile,Business Analyst,Nagpur,Tier 2,Fresher (0-1 yr),On-Site,6.4,2025-03-14
IND2029596,SQL,Business Analyst,Nagpur,Tier 2,Fresher (0-1 yr),On-Site,6.4,2025-03-14
IND2029596,Excel,Business Analyst,Nagpur,Tier 2,Fresher (0-1 yr),On-Site,6.4,2025-03-14
IND2029596,JIRA,Business Analyst,Nagpur,Tier 2,Fresher (0-1 yr),On-Site,6.4,2025-03-14
IND2029596,Requirements Gathering,Business Analyst,Nagpur,Tier 2,Fresher (0-1 yr),On-Site,6.4,2025-03-14
IND2029596,Power BI,Business Analyst,Nagpur,Tier 2,Fresher (0-1 yr),On-Site,6.4,2025-03-14
IND2029601,AWS,Data Engineer,Remote,Remote,Mid (3-6 yrs),Remote,3.3,2025-07-27
IND2029601,Python,Data Engineer,Remote,Remote,Mid (3-6 yrs),Remote,3.3,2025-07-27
IND2029601,ETL,Data Engineer,Remote,Remote,Mid (3-6 yrs),Remote,3.3,2025-07-27
IND2029607,Python,Data Analyst,Remote,Remote,Senior (6-10 yrs),Remote,1.3,2025-07-03
IND2029607,Statistics,Data Analyst,Remote,Remote,Senior (6-10 yrs),Remote,1.3,2025-07-03
IND2029607,Data Visualization,Data Analyst,Remote,Remote,Senior (6-10 yrs),Remote,1.3,2025-07-03
IND2029614,dbt,Data Engineer,Remote,Remote,Junior (1-3 yrs),Hybrid,9.8,2025-05-02
IND2029614,ETL,Data Engineer,Remote,Remote,Junior (1-3 yrs),Hybrid,9.8,2025-05-02
IND2029614,Kafka,Data Engineer,Remote,Remote,Junior (1-3 yrs),Hybrid,9.8,2025-05-02
IND2029614,SQL,Data Engineer,Remote,Remote,Junior (1-3 yrs),Hybrid,9.8,2025-05-02
IND2029619,Scikit-learn,Data Scientist,Mumbai,Tier 1,Senior (6-10 yrs),On-Site,64.7,2024-07-11
IND2029619,TensorFlow,Data Scientist,Mumbai,Tier 1,Senior (6-10 yrs),On-Site,64.7,2024-07-11
IND2029619,Pandas,Data Scientist,Mumbai,Tier 1,Senior (6-10 yrs),On-Site,64.7,2024-07-11
IND2029619,SQL,Data Scientist,Mumbai,Tier 1,Senior (6-10 yrs),On-Site,64.7,2024-07-11
IND2029619,Tableau,Data Scientist,Mumbai,Tier 1,Senior (6-10 yrs),On-Site,64.7,2024-07-11
IND2029625,Spark,Data Engineer,Remote,Remote,Junior (1-3 yrs),Remote,3.4,2025-02-09
IND2029625,dbt,Data Engineer,Remote,Remote,Junior (1-3 yrs),Remote,3.4,2025-02-09
IND2029625,ETL,Data Engineer,Remote,Remote,Junior (1-3 yrs),Remote,3.4,2025-02-09
IND2029643,Power BI,Business Analyst,Remote,Remote,Mid (3-6 yrs),Remote,19.6,2024-10-11
IND2029643,JIRA,Business Analyst,Remote,Remote,Mid (3-6 yrs),Remote,19.6,2024-10-11
IND2029643,Requirements Gathering,Business Analyst,Remote,Remote,Mid (3-6 yrs),Remote,19.6,2024-10-11
IND2029643,Agile,Business Analyst,Remote,Remote,Mid (3-6 yrs),Remote,19.6,2024-10-11
IND2029643,SQL,Business Analyst,Remote,Remote,Mid (3-6 yrs),Remote,19.6,2024-10-11
IND2029643,Excel,Business Analyst,Remote,Remote,Mid (3-6 yrs),Remote,19.6,2024-10-11
IND2029648,Requirements Gathering,Business Analyst,Chennai,Tier 1,Mid (3-6 yrs),On-Site,21.4,2024-08-15
IND2029648,Excel,Business Analyst,Chennai,Tier 1,Mid (3-6 yrs),On-Site,21.4,2024-08-15
IND2029648,JIRA,Business Analyst,Chennai,Tier 1,Mid (3-6 yrs),On-Site,21.4,2024-08-15
IND2029654,dbt,Data Engineer,Mumbai,Tier 1,Junior (1-3 yrs),Hybrid,6.6,2024-12-01
IND2029654,SQL,Data Engineer,Mumbai,Tier 1,Junior (1-3 yrs),Hybrid,6.6,2024-12-01
IND2029654,Airflow,Data Engineer,Mumbai,Tier 1,Junior (1-3 yrs),Hybrid,6.6,2024-12-01
IND2029654,Python,Data Engineer,Mumbai,Tier 1,Junior (1-3 yrs),Hybrid,6.6,2024-12-01
IND2029654,Kafka,Data Engineer,Mumbai,Tier 1,Junior (1-3 yrs),Hybrid,6.6,2024-12-01
IND2029654,ETL,Data Engineer,Mumbai,Tier 1,Junior (1-3 yrs),Hybrid,6.6,2024-12-01
IND2029660,Requirements Gathering,Business Analyst,Nagpur,Tier 2,Mid (3-6 yrs),On-Site,1.0,2025-09-27
IND2029660,Agile,Business Analyst,Nagpur,Tier 2,Mid (3-6 yrs),On-Site,1.0,2025-09-27
IND2029660,Excel,Business Analyst,Nagpur,Tier 2,Mid (3-6 yrs),On-Site,1.0,2025-09-27
IND2029666,SQL,Business Analyst,Bhubaneswar,Tier 2,Mid (3-6 yrs),Hybrid,19.1,2024-09-21
IND2029666,Agile,Business Analyst,Bhubaneswar,Tier 2,Mid (3-6 yrs),Hybrid,19.1,2024-09-21
IND2029666,Requirements Gathering,Business Analyst,Bhubaneswar,Tier 2,Mid (3-6 yrs),Hybrid,19.1,2024-09-21
IND2029666,Excel,Business Analyst,Bhubaneswar,Tier 2,Mid (3-6 yrs),Hybrid,19.1,2024-09-21
IND2029666,Power BI,Business Analyst,Bhubaneswar,Tier 2,Mid (3-6 yrs),Hybrid,19.1,2024-09-21
IND2029668,JIRA,Business Analyst,Remote,Remote,Senior (6-10 yrs),Remote,34.8,2026-03-07
IND2029668,Requirements Gathering,Business Analyst,Remote,Remote,Senior (6-10 yrs),Remote,34.8,2026-03-07
IND2029668,SQL,Business Analyst,Remote,Remote,Senior (6-10 yrs),Remote,34.8,2026-03-07
IND2029668,Power BI,Business Analyst,Remote,Remote,Senior (6-10 yrs),Remote,34.8,2026-03-07
IND2029669,NLP,Data Scientist,Remote,Remote,Senior (6-10 yrs),Hybrid,41.8,2024-12-18
IND2029669,Deep Learning,Data Scientist,Remote,Remote,Senior (6-10 yrs),Hybrid,41.8,2024-12-18
IND2029669,Statistics,Data Scientist,Remote,Remote,Senior (6-10 yrs),Hybrid,41.8,2024-12-18
IND2029669,Pandas,Data Scientist,Remote,Remote,Senior (6-10 yrs),Hybrid,41.8,2024-12-18
IND2029672,JIRA,Business Analyst,Remote,Remote,Junior (1-3 yrs),Remote,13.9,2024-11-08
IND2029672,Agile,Business Analyst,Remote,Remote,Junior (1-3 yrs),Remote,13.9,2024-11-08
IND2029672,SQL,Business Analyst,Remote,Remote,Junior (1-3 yrs),Remote,13.9,2024-11-08
IND2029672,Excel,Business Analyst,Remote,Remote,Junior (1-3 yrs),Remote,13.9,2024-11-08
IND2029672,Requirements Gathering,Business Analyst,Remote,Remote,Junior (1-3 yrs),Remote,13.9,2024-11-08
IND2029676,Agile,Business Analyst,Remote,Remote,Mid (3-6 yrs),Remote,13.8,2025-05-11
IND2029676,Requirements Gathering,Business Analyst,Remote,Remote,Mid (3-6 yrs),Remote,13.8,2025-05-11
IND2029676,Power BI,Business Analyst,Remote,Remote,Mid (3-6 yrs),Remote,13.8,2025-05-11
IND2029681,Python,Data Scientist,Indore,Tier 2,Senior (6-10 yrs),On-Site,40.5,2024-09-20
IND2029681,NLP,Data Scientist,Indore,Tier 2,Senior (6-10 yrs),On-Site,40.5,2024-09-20
IND2029681,TensorFlow,Data Scientist,Indore,Tier 2,Senior (6-10 yrs),On-Site,40.5,2024-09-20
IND2029681,Statistics,Data Scientist,Indore,Tier 2,Senior (6-10 yrs),On-Site,40.5,2024-09-20
IND2029681,Scikit-learn,Data Scientist,Indore,Tier 2,Senior (6-10 yrs),On-Site,40.5,2024-09-20
IND2029689,Tableau,Data Analyst,Hyderabad,Tier 1,Mid (3-6 yrs),Hybrid,23.4,2024-11-07
IND2029689,Statistics,Data Analyst,Hyderabad,Tier 1,Mid (3-6 yrs),Hybrid,23.4,2024-11-07
IND2029689,Excel,Data Analyst,Hyderabad,Tier 1,Mid (3-6 yrs),Hybrid,23.4,2024-11-07
IND2029689,SQL,Data Analyst,Hyderabad,Tier 1,Mid (3-6 yrs),Hybrid,23.4,2024-11-07
IND2029689,Python,Data Analyst,Hyderabad,Tier 1,Mid (3-6 yrs),Hybrid,23.4,2024-11-07
IND2029689,Data Visualization,Data Analyst,Hyderabad,Tier 1,Mid (3-6 yrs),Hybrid,23.4,2024-11-07
IND2029695,Python,Data Engineer,Remote,Remote,Fresher (0-1 yr),On-Site,8.7,2024-10-14
IND2029695,Kafka,Data Engineer,Remote,Remote,Fresher (0-1 yr),On-Site,8.7,2024-10-14
IND2029695,ETL,Data Engineer,Remote,Remote,Fresher (0-1 yr),On-Site,8.7,2024-10-14
IND2029695,dbt,Data Engineer,Remote,Remote,Fresher (0-1 yr),On-Site,8.7,2024-10-14
IND2029695,Airflow,Data Engineer,Remote,Remote,Fresher (0-1 yr),On-Site,8.7,2024-10-14
IND2029695,Spark,Data Engineer,Remote,Remote,Fresher (0-1 yr),On-Site,8.7,2024-10-14
IND2029696,Excel,Data Analyst,Remote,Remote,Mid (3-6 yrs),Remote,11.2,2025-10-09
IND2029696,Statistics,Data Analyst,Remote,Remote,Mid (3-6 yrs),Remote,11.2,2025-10-09
IND2029696,Python,Data Analyst,Remote,Remote,Mid (3-6 yrs),Remote,11.2,2025-10-09
IND2029696,Data Visualization,Data Analyst,Remote,Remote,Mid (3-6 yrs),Remote,11.2,2025-10-09
IND2029696,Tableau,Data Analyst,Remote,Remote,Mid (3-6 yrs),Remote,11.2,2025-10-09
IND2029696,SQL,Data Analyst,Remote,Remote,Mid (3-6 yrs),Remote,11.2,2025-10-09
IND2029705,Statistics,Data Analyst,Kochi,Tier 2,Mid (3-6 yrs),On-Site,10.9,2025-10-02
IND2029705,Tableau,Data Analyst,Kochi,Tier 2,Mid (3-6 yrs),On-Site,10.9,2025-10-02
IND2029705,Python,Data Analyst,Kochi,Tier 2,Mid (3-6 yrs),On-Site,10.9,2025-10-02
IND2029718,Python,Data Analyst,Chennai,Tier 1,Fresher (0-1 yr),Hybrid,5.7,2024-06-04
IND2029718,Statistics,Data Analyst,Chennai,Tier 1,Fresher (0-1 yr),Hybrid,5.7,2024-06-04
IND2029718,SQL,Data Analyst,Chennai,Tier 1,Fresher (0-1 yr),Hybrid,5.7,2024-06-04
IND2029718,Data Visualization,Data Analyst,Chennai,Tier 1,Fresher (0-1 yr),Hybrid,5.7,2024-06-04
IND2029718,Excel,Data Analyst,Chennai,Tier 1,Fresher (0-1 yr),Hybrid,5.7,2024-06-04
IND2029746,NLP,Data Scientist,Bangalore,Tier 1,Junior (1-3 yrs),Hybrid,9.6,2025-02-27
IND2029746,Pandas,Data Scientist,Bangalore,Tier 1,Junior (1-3 yrs),Hybrid,9.6,2025-02-27
IND2029746,Scikit-learn,Data Scientist,Bangalore,Tier 1,Junior (1-3 yrs),Hybrid,9.6,2025-02-27
IND2029746,TensorFlow,Data Scientist,Bangalore,Tier 1,Junior (1-3 yrs),Hybrid,9.6,2025-02-27
IND2029746,Statistics,Data Scientist,Bangalore,Tier 1,Junior (1-3 yrs),Hybrid,9.6,2025-02-27
IND2029746,Machine Learning,Data Scientist,Bangalore,Tier 1,Junior (1-3 yrs),Hybrid,9.6,2025-02-27
IND2029751,SQL,Data Analyst,Remote,Remote,Fresher (0-1 yr),Hybrid,7.1,2025-12-12
IND2029751,Statistics,Data Analyst,Remote,Remote,Fresher (0-1 yr),Hybrid,7.1,2025-12-12
IND2029751,Data Visualization,Data Analyst,Remote,Remote,Fresher (0-1 yr),Hybrid,7.1,2025-12-12
IND2029751,Excel,Data Analyst,Remote,Remote,Fresher (0-1 yr),Hybrid,7.1,2025-12-12
IND2029757,Python,Data Scientist,Remote,Remote,Mid (3-6 yrs),Remote,24.1,2025-06-12
IND2029757,Deep Learning,Data Scientist,Remote,Remote,Mid (3-6 yrs),Remote,24.1,2025-06-12
IND2029757,Statistics,Data Scientist,Remote,Remote,Mid (3-6 yrs),Remote,24.1,2025-06-12
IND2029757,SQL,Data Scientist,Remote,Remote,Mid (3-6 yrs),Remote,24.1,2025-06-12
IND2029757,Tableau,Data Scientist,Remote,Remote,Mid (3-6 yrs),Remote,24.1,2025-06-12
IND2029757,Scikit-learn,Data Scientist,Remote,Remote,Mid (3-6 yrs),Remote,24.1,2025-06-12
IND2029776,AWS,Data Engineer,Remote,Remote,Fresher (0-1 yr),Remote,3.6,2024-08-24
IND2029776,Python,Data Engineer,Remote,Remote,Fresher (0-1 yr),Remote,3.6,2024-08-24
IND2029776,SQL,Data Engineer,Remote,Remote,Fresher (0-1 yr),Remote,3.6,2024-08-24
IND2029776,Airflow,Data Engineer,Remote,Remote,Fresher (0-1 yr),Remote,3.6,2024-08-24
IND2029781,TensorFlow,Data Scientist,Indore,Tier 2,Mid (3-6 yrs),On-Site,20.7,2024-12-29
IND2029781,Scikit-learn,Data Scientist,Indore,Tier 2,Mid (3-6 yrs),On-Site,20.7,2024-12-29
IND2029781,Pandas,Data Scientist,Indore,Tier 2,Mid (3-6 yrs),On-Site,20.7,2024-12-29
IND2029781,Python,Data Scientist,Indore,Tier 2,Mid (3-6 yrs),On-Site,20.7,2024-12-29
IND2029781,Statistics,Data Scientist,Indore,Tier 2,Mid (3-6 yrs),On-Site,20.7,2024-12-29
IND2029781,SQL,Data Scientist,Indore,Tier 2,Mid (3-6 yrs),On-Site,20.7,2024-12-29
IND2029785,Pandas,Data Scientist,Hyderabad,Tier 1,Fresher (0-1 yr),Hybrid,4.4,2025-03-10
IND2029785,NLP,Data Scientist,Hyderabad,Tier 1,Fresher (0-1 yr),Hybrid,4.4,2025-03-10
IND2029785,TensorFlow,Data Scientist,Hyderabad,Tier 1,Fresher (0-1 yr),Hybrid,4.4,2025-03-10
IND2029785,SQL,Data Scientist,Hyderabad,Tier 1,Fresher (0-1 yr),Hybrid,4.4,2025-03-10
IND2029802,Kafka,Data Engineer,Mumbai,Tier 1,Junior (1-3 yrs),Hybrid,12.1,2025-10-06
IND2029802,ETL,Data Engineer,Mumbai,Tier 1,Junior (1-3 yrs),Hybrid,12.1,2025-10-06
IND2029802,Airflow,Data Engineer,Mumbai,Tier 1,Junior (1-3 yrs),Hybrid,12.1,2025-10-06
IND2029802,SQL,Data Engineer,Mumbai,Tier 1,Junior (1-3 yrs),Hybrid,12.1,2025-10-06
IND2029802,Spark,Data Engineer,Mumbai,Tier 1,Junior (1-3 yrs),Hybrid,12.1,2025-10-06
IND2029802,dbt,Data Engineer,Mumbai,Tier 1,Junior (1-3 yrs),Hybrid,12.1,2025-10-06
IND2029811,Power BI,Business Analyst,Remote,Remote,Junior (1-3 yrs),Remote,15.0,2024-10-15
IND2029811,Agile,Business Analyst,Remote,Remote,Junior (1-3 yrs),Remote,15.0,2024-10-15
IND2029811,Excel,Business Analyst,Remote,Remote,Junior (1-3 yrs),Remote,15.0,2024-10-15
IND2029811,SQL,Business Analyst,Remote,Remote,Junior (1-3 yrs),Remote,15.0,2024-10-15
IND2029811,JIRA,Business Analyst,Remote,Remote,Junior (1-3 yrs),Remote,15.0,2024-10-15
IND2029818,Agile,Business Analyst,Remote,Remote,Mid (3-6 yrs),Remote,29.8,2024-10-15
IND2029818,Excel,Business Analyst,Remote,Remote,Mid (3-6 yrs),Remote,29.8,2024-10-15
IND2029818,SQL,Business Analyst,Remote,Remote,Mid (3-6 yrs),Remote,29.8,2024-10-15
IND2029818,Requirements Gathering,Business Analyst,Remote,Remote,Mid (3-6 yrs),Remote,29.8,2024-10-15
IND2029818,Power BI,Business Analyst,Remote,Remote,Mid (3-6 yrs),Remote,29.8,2024-10-15
IND2029818,JIRA,Business Analyst,Remote,Remote,Mid (3-6 yrs),Remote,29.8,2024-10-15
IND2029820,NLP,Data Scientist,Mumbai,Tier 1,Fresher (0-1 yr),On-Site,1.5,2026-01-23
IND2029820,Scikit-learn,Data Scientist,Mumbai,Tier 1,Fresher (0-1 yr),On-Site,1.5,2026-01-23
IND2029820,Python,Data Scientist,Mumbai,Tier 1,Fresher (0-1 yr),On-Site,1.5,2026-01-23
IND2029820,Statistics,Data Scientist,Mumbai,Tier 1,Fresher (0-1 yr),On-Site,1.5,2026-01-23
IND2029820,Tableau,Data Scientist,Mumbai,Tier 1,Fresher (0-1 yr),On-Site,1.5,2026-01-23
IND2029820,TensorFlow,Data Scientist,Mumbai,Tier 1,Fresher (0-1 yr),On-Site,1.5,2026-01-23
IND2029826,Requirements Gathering,Business Analyst,Remote,Remote,Senior (6-10 yrs),Hybrid,42.1,2024-06-28
IND2029826,Excel,Business Analyst,Remote,Remote,Senior (6-10 yrs),Hybrid,42.1,2024-06-28
IND2029826,JIRA,Business Analyst,Remote,Remote,Senior (6-10 yrs),Hybrid,42.1,2024-06-28
IND2029826,Power BI,Business Analyst,Remote,Remote,Senior (6-10 yrs),Hybrid,42.1,2024-06-28
IND2029826,Agile,Business Analyst,Remote,Remote,Senior (6-10 yrs),Hybrid,42.1,2024-06-28
IND2029826,SQL,Business Analyst,Remote,Remote,Senior (6-10 yrs),Hybrid,42.1,2024-06-28
IND2029827,Excel,Business Analyst,Remote,Remote,Junior (1-3 yrs),Hybrid,2.9,2025-09-23
IND2029827,Power BI,Business Analyst,Remote,Remote,Junior (1-3 yrs),Hybrid,2.9,2025-09-23
IND2029827,SQL,Business Analyst,Remote,Remote,Junior (1-3 yrs),Hybrid,2.9,2025-09-23
IND2029832,JIRA,Business Analyst,Remote,Remote,Fresher (0-1 yr),Remote,5.4,2025-10-29
IND2029832,Requirements Gathering,Business Analyst,Remote,Remote,Fresher (0-1 yr),Remote,5.4,2025-10-29
IND2029832,SQL,Business Analyst,Remote,Remote,Fresher (0-1 yr),Remote,5.4,2025-10-29
IND2029832,Agile,Business Analyst,Remote,Remote,Fresher (0-1 yr),Remote,5.4,2025-10-29
IND2029836,Statistics,Data Scientist,Hyderabad,Tier 1,Fresher (0-1 yr),On-Site,5.7,2025-10-02
IND2029836,Tableau,Data Scientist,Hyderabad,Tier 1,Fresher (0-1 yr),On-Site,5.7,2025-10-02
IND2029836,Machine Learning,Data Scientist,Hyderabad,Tier 1,Fresher (0-1 yr),On-Site,5.7,2025-10-02
IND2029837,ETL,Data Engineer,Mumbai,Tier 1,Mid (3-6 yrs),On-Site,17.3,2025-07-22
IND2029837,Python,Data Engineer,Mumbai,Tier 1,Mid (3-6 yrs),On-Site,17.3,2025-07-22
IND2029837,SQL,Data Engineer,Mumbai,Tier 1,Mid (3-6 yrs),On-Site,17.3,2025-07-22
IND2029837,Kafka,Data Engineer,Mumbai,Tier 1,Mid (3-6 yrs),On-Site,17.3,2025-07-22
IND2029837,AWS,Data Engineer,Mumbai,Tier 1,Mid (3-6 yrs),On-Site,17.3,2025-07-22
IND2029837,Spark,Data Engineer,Mumbai,Tier 1,Mid (3-6 yrs),On-Site,17.3,2025-07-22
IND2029849,Statistics,Data Scientist,Bangalore,Tier 1,Lead (10+ yrs),Hybrid,66.0,2026-04-26
IND2029849,Pandas,Data Scientist,Bangalore,Tier 1,Lead (10+ yrs),Hybrid,66.0,2026-04-26
IND2029849,Scikit-learn,Data Scientist,Bangalore,Tier 1,Lead (10+ yrs),Hybrid,66.0,2026-04-26
IND2029854,SQL,Data Scientist,Chennai,Tier 1,Senior (6-10 yrs),On-Site,56.4,2025-10-30
IND2029854,Tableau,Data Scientist,Chennai,Tier 1,Senior (6-10 yrs),On-Site,56.4,2025-10-30
IND2029854,NLP,Data Scientist,Chennai,Tier 1,Senior (6-10 yrs),On-Site,56.4,2025-10-30
IND2029854,Python,Data Scientist,Chennai,Tier 1,Senior (6-10 yrs),On-Site,56.4,2025-10-30
IND2029854,Statistics,Data Scientist,Chennai,Tier 1,Senior (6-10 yrs),On-Site,56.4,2025-10-30
IND2029856,SQL,Data Analyst,Remote,Remote,Junior (1-3 yrs),Remote,9.2,2026-01-11
IND2029856,Power BI,Data Analyst,Remote,Remote,Junior (1-3 yrs),Remote,9.2,2026-01-11
IND2029856,Statistics,Data Analyst,Remote,Remote,Junior (1-3 yrs),Remote,9.2,2026-01-11
IND2029856,Excel,Data Analyst,Remote,Remote,Junior (1-3 yrs),Remote,9.2,2026-01-11
IND2029856,Data Visualization,Data Analyst,Remote,Remote,Junior (1-3 yrs),Remote,9.2,2026-01-11
IND2029856,Tableau,Data Analyst,Remote,Remote,Junior (1-3 yrs),Remote,9.2,2026-01-11
IND2029861,Excel,Business Analyst,Remote,Remote,Mid (3-6 yrs),Remote,20.6,2025-09-01
IND2029861,Agile,Business Analyst,Remote,Remote,Mid (3-6 yrs),Remote,20.6,2025-09-01
IND2029861,Power BI,Business Analyst,Remote,Remote,Mid (3-6 yrs),Remote,20.6,2025-09-01
IND2029870,Tableau,Data Scientist,Remote,Remote,Junior (1-3 yrs),Remote,1.2,2024-11-18
IND2029870,Scikit-learn,Data Scientist,Remote,Remote,Junior (1-3 yrs),Remote,1.2,2024-11-18
IND2029870,SQL,Data Scientist,Remote,Remote,Junior (1-3 yrs),Remote,1.2,2024-11-18
IND2029870,NLP,Data Scientist,Remote,Remote,Junior (1-3 yrs),Remote,1.2,2024-11-18
IND2029878,Python,Data Engineer,Delhi,Tier 1,Senior (6-10 yrs),Hybrid,30.8,2025-08-19
IND2029878,AWS,Data Engineer,Delhi,Tier 1,Senior (6-10 yrs),Hybrid,30.8,2025-08-19
IND2029878,ETL,Data Engineer,Delhi,Tier 1,Senior (6-10 yrs),Hybrid,30.8,2025-08-19
IND2029878,Spark,Data Engineer,Delhi,Tier 1,Senior (6-10 yrs),Hybrid,30.8,2025-08-19
IND2029879,SQL,Data Scientist,Jaipur,Tier 2,Mid (3-6 yrs),On-Site,24.7,2025-04-14
IND2029879,Tableau,Data Scientist,Jaipur,Tier 2,Mid (3-6 yrs),On-Site,24.7,2025-04-14
IND2029879,Pandas,Data Scientist,Jaipur,Tier 2,Mid (3-6 yrs),On-Site,24.7,2025-04-14
IND2029879,Python,Data Scientist,Jaipur,Tier 2,Mid (3-6 yrs),On-Site,24.7,2025-04-14
IND2029879,Deep Learning,Data Scientist,Jaipur,Tier 2,Mid (3-6 yrs),On-Site,24.7,2025-04-14
IND2029879,Statistics,Data Scientist,Jaipur,Tier 2,Mid (3-6 yrs),On-Site,24.7,2025-04-14
IND2029881,NLP,Data Scientist,Remote,Remote,Mid (3-6 yrs),Remote,20.9,2025-10-31
IND2029881,SQL,Data Scientist,Remote,Remote,Mid (3-6 yrs),Remote,20.9,2025-10-31
IND2029881,Tableau,Data Scientist,Remote,Remote,Mid (3-6 yrs),Remote,20.9,2025-10-31
IND2029901,Scikit-learn,Data Scientist,Remote,Remote,Junior (1-3 yrs),Remote,13.0,2025-08-22
IND2029901,Pandas,Data Scientist,Remote,Remote,Junior (1-3 yrs),Remote,13.0,2025-08-22
IND2029901,SQL,Data Scientist,Remote,Remote,Junior (1-3 yrs),Remote,13.0,2025-08-22
IND2029901,Tableau,Data Scientist,Remote,Remote,Junior (1-3 yrs),Remote,13.0,2025-08-22
IND2029901,Deep Learning,Data Scientist,Remote,Remote,Junior (1-3 yrs),Remote,13.0,2025-08-22
IND2029901,TensorFlow,Data Scientist,Remote,Remote,Junior (1-3 yrs),Remote,13.0,2025-08-22
IND2029902,Statistics,Data Analyst,Jaipur,Tier 2,Lead (10+ yrs),On-Site,57.2,2025-01-21
IND2029902,Excel,Data Analyst,Jaipur,Tier 2,Lead (10+ yrs),On-Site,57.2,2025-01-21
IND2029902,Power BI,Data Analyst,Jaipur,Tier 2,Lead (10+ yrs),On-Site,57.2,2025-01-21
IND2029902,Tableau,Data Analyst,Jaipur,Tier 2,Lead (10+ yrs),On-Site,57.2,2025-01-21
IND2029910,Data Visualization,Data Analyst,Kolkata,Tier 2,Senior (6-10 yrs),Hybrid,38.9,2024-09-24
IND2029910,Excel,Data Analyst,Kolkata,Tier 2,Senior (6-10 yrs),Hybrid,38.9,2024-09-24
IND2029910,SQL,Data Analyst,Kolkata,Tier 2,Senior (6-10 yrs),Hybrid,38.9,2024-09-24
IND2029910,Statistics,Data Analyst,Kolkata,Tier 2,Senior (6-10 yrs),Hybrid,38.9,2024-09-24
IND2029921,Spark,Data Engineer,Remote,Remote,Lead (10+ yrs),Hybrid,60.3,2024-09-16
IND2029921,Kafka,Data Engineer,Remote,Remote,Lead (10+ yrs),Hybrid,60.3,2024-09-16
IND2029921,SQL,Data Engineer,Remote,Remote,Lead (10+ yrs),Hybrid,60.3,2024-09-16
IND2029921,Airflow,Data Engineer,Remote,Remote,Lead (10+ yrs),Hybrid,60.3,2024-09-16
IND2029921,ETL,Data Engineer,Remote,Remote,Lead (10+ yrs),Hybrid,60.3,2024-09-16
IND2029943,SQL,Data Engineer,Delhi,Tier 1,Junior (1-3 yrs),On-Site,6.5,2026-04-29
IND2029943,Python,Data Engineer,Delhi,Tier 1,Junior (1-3 yrs),On-Site,6.5,2026-04-29
IND2029943,AWS,Data Engineer,Delhi,Tier 1,Junior (1-3 yrs),On-Site,6.5,2026-04-29
IND2029947,Data Visualization,Data Analyst,Bangalore,Tier 1,Senior (6-10 yrs),Hybrid,35.9,2025-07-07
IND2029947,Power BI,Data Analyst,Bangalore,Tier 1,Senior (6-10 yrs),Hybrid,35.9,2025-07-07
IND2029947,Statistics,Data Analyst,Bangalore,Tier 1,Senior (6-10 yrs),Hybrid,35.9,2025-07-07
IND2029947,Excel,Data Analyst,Bangalore,Tier 1,Senior (6-10 yrs),Hybrid,35.9,2025-07-07
IND2029948,dbt,Data Engineer,Jaipur,Tier 2,Mid (3-6 yrs),On-Site,20.6,2025-03-03
IND2029948,ETL,Data Engineer,Jaipur,Tier 2,Mid (3-6 yrs),On-Site,20.6,2025-03-03
IND2029948,Airflow,Data Engineer,Jaipur,Tier 2,Mid (3-6 yrs),On-Site,20.6,2025-03-03
IND2029948,AWS,Data Engineer,Jaipur,Tier 2,Mid (3-6 yrs),On-Site,20.6,2025-03-03
IND2029948,Kafka,Data Engineer,Jaipur,Tier 2,Mid (3-6 yrs),On-Site,20.6,2025-03-03
IND2029948,Spark,Data Engineer,Jaipur,Tier 2,Mid (3-6 yrs),On-Site,20.6,2025-03-03
IND2029952,Statistics,Data Analyst,Pune,Tier 1,Mid (3-6 yrs),On-Site,19.8,2025-02-15
IND2029952,Data Visualization,Data Analyst,Pune,Tier 1,Mid (3-6 yrs),On-Site,19.8,2025-02-15
IND2029952,Tableau,Data Analyst,Pune,Tier 1,Mid (3-6 yrs),On-Site,19.8,2025-02-15
IND2029952,Python,Data Analyst,Pune,Tier 1,Mid (3-6 yrs),On-Site,19.8,2025-02-15
IND2029953,Excel,Data Analyst,Remote,Remote,Fresher (0-1 yr),Remote,7.8,2025-05-06
IND2029953,Power BI,Data Analyst,Remote,Remote,Fresher (0-1 yr),Remote,7.8,2025-05-06
IND2029953,SQL,Data Analyst,Remote,Remote,Fresher (0-1 yr),Remote,7.8,2025-05-06
IND2029953,Statistics,Data Analyst,Remote,Remote,Fresher (0-1 yr),Remote,7.8,2025-05-06
IND2029953,Data Visualization,Data Analyst,Remote,Remote,Fresher (0-1 yr),Remote,7.8,2025-05-06
IND2029953,Python,Data Analyst,Remote,Remote,Fresher (0-1 yr),Remote,7.8,2025-05-06
IND2029955,Excel,Business Analyst,Remote,Remote,Fresher (0-1 yr),Remote,5.6,2024-12-30
IND2029955,SQL,Business Analyst,Remote,Remote,Fresher (0-1 yr),Remote,5.6,2024-12-30
IND2029955,Agile,Business Analyst,Remote,Remote,Fresher (0-1 yr),Remote,5.6,2024-12-30
IND2029955,Requirements Gathering,Business Analyst,Remote,Remote,Fresher (0-1 yr),Remote,5.6,2024-12-30
IND2029970,Requirements Gathering,Business Analyst,Remote,Remote,Senior (6-10 yrs),Remote,38.2,2025-03-28
IND2029970,SQL,Business Analyst,Remote,Remote,Senior (6-10 yrs),Remote,38.2,2025-03-28
IND2029970,JIRA,Business Analyst,Remote,Remote,Senior (6-10 yrs),Remote,38.2,2025-03-28
IND2029970,Power BI,Business Analyst,Remote,Remote,Senior (6-10 yrs),Remote,38.2,2025-03-28
IND2029970,Agile,Business Analyst,Remote,Remote,Senior (6-10 yrs),Remote,38.2,2025-03-28
IND2029972,Requirements Gathering,Business Analyst,Remote,Remote,Senior (6-10 yrs),Hybrid,32.7,2025-03-14
IND2029972,Excel,Business Analyst,Remote,Remote,Senior (6-10 yrs),Hybrid,32.7,2025-03-14
IND2029972,Agile,Business Analyst,Remote,Remote,Senior (6-10 yrs),Hybrid,32.7,2025-03-14
IND2029972,Power BI,Business Analyst,Remote,Remote,Senior (6-10 yrs),Hybrid,32.7,2025-03-14
IND2029972,JIRA,Business Analyst,Remote,Remote,Senior (6-10 yrs),Hybrid,32.7,2025-03-14
IND2029972,SQL,Business Analyst,Remote,Remote,Senior (6-10 yrs),Hybrid,32.7,2025-03-14
IND2029982,Statistics,Data Scientist,Mumbai,Tier 1,Junior (1-3 yrs),On-Site,12.4,2024-06-01
IND2029982,Scikit-learn,Data Scientist,Mumbai,Tier 1,Junior (1-3 yrs),On-Site,12.4,2024-06-01
IND2029982,TensorFlow,Data Scientist,Mumbai,Tier 1,Junior (1-3 yrs),On-Site,12.4,2024-06-01
IND2029985,Power BI,Data Analyst,Coimbatore,Tier 2,Fresher (0-1 yr),Hybrid,6.2,2025-01-21
IND2029985,SQL,Data Analyst,Coimbatore,Tier 2,Fresher (0-1 yr),Hybrid,6.2,2025-01-21
IND2029985,Data Visualization,Data Analyst,Coimbatore,Tier 2,Fresher (0-1 yr),Hybrid,6.2,2025-01-21
IND2029985,Excel,Data Analyst,Coimbatore,Tier 2,Fresher (0-1 yr),Hybrid,6.2,2025-01-21
IND2029994,Statistics,Data Analyst,Remote,Remote,Senior (6-10 yrs),Remote,25.8,2025-01-02
IND2029994,Python,Data Analyst,Remote,Remote,Senior (6-10 yrs),Remote,25.8,2025-01-02
IND2029994,Excel,Data Analyst,Remote,Remote,Senior (6-10 yrs),Remote,25.8,2025-01-02
